iso_code,country,year,co2,gdp,population,primary_energy_consumption,co2_per_capita,co2_per_gdp,energy_per_capita,share_global_co2,cumulative_co2,renewables_share_energy,fossil_share_energy,solar_share_energy,wind_share_energy,coal_share_energy,gas_share_energy,oil_share_energy,low_carbon_share_energy,renewables_electricity,electricity_generation,energy_per_gdp,co2_per_energy,gdp_per_capita
AFG,Afghanistan,1990,2.024,13065984000.0,12045664.0,30.197,0.168,0.155,2506.867,0.009,58.603,,,,,,,,,,,2.3111156419600696,0.06702652581382257,1084.704338424183
AFG,Afghanistan,1991,1.914,12047361847.0,12238879.0,12.497,0.156,0.159,1021.075,0.008,60.518,,,,,,,,,,,1.0373225407114313,0.15315675762182923,984.3517406291867
AFG,Afghanistan,1992,1.482,12677539626.0,13278983.0,8.207,0.112,0.117,618.055,0.007,62.0,,,,,,,,,,,0.6473653596923887,0.18057755574509562,954.7071207185069
AFG,Afghanistan,1993,1.487,9834582315.0,14943175.0,8.155,0.1,0.151,545.758,0.007,63.487,,,,,,,,,,,0.8292167108675016,0.18234212139791542,658.1320445621496
AFG,Afghanistan,1994,1.454,7919856426.0,16250800.0,7.871,0.089,0.184,484.346,0.006,64.941,,,,,,,,,,,0.9938311475142896,0.18472875111167578,487.35178735816083
AFG,Afghanistan,1995,1.417,12307525468.0,17065837.0,6.596,0.083,0.115,386.49,0.006,66.358,,,,,,,,,,,0.5359322649504022,0.21482716798059429,721.1791292744681
AFG,Afghanistan,1996,1.37,12070125316.0,17763266.0,6.553,0.077,0.114,368.899,0.006,67.728,,,,,,,,,,,0.5429106847228362,0.20906455058751716,679.4992157410693
AFG,Afghanistan,1997,1.304,11850752863.0,18452100.0,6.296,0.071,0.11,341.218,0.005,69.032,,,,,,,,,,,0.5312742635665915,0.2071156289707751,642.2441273892945
AFG,Afghanistan,1998,1.279,11692171422.0,19159996.0,6.156,0.067,0.109,321.278,0.005,70.311,,,,,,,,,,,0.5265061362696808,0.20776478232618584,610.2387193609018
AFG,Afghanistan,1999,1.092,11517315926.0,19887792.0,6.15,0.055,0.095,309.214,0.004,71.402,,,,,,,,,,,0.5339785796894359,0.1775609756097561,579.1148623235803
AFG,Afghanistan,2000,1.047,11283794151.0,20130334.0,5.288,0.052,0.093,262.68,0.004,72.449,,,,,,,,,0.31,0.48,0.46863669517857726,0.19799546142208774,560.5368570138976
AFG,Afghanistan,2001,1.069,11021272927.0,20284303.0,3.649,0.053,0.097,179.892,0.004,73.519,,,,,,,,,0.5,0.69,0.3310869827985705,0.29295697451356534,543.3399869347248
AFG,Afghanistan,2002,1.341,18804871508.0,21378123.0,3.328,0.063,0.071,155.695,0.005,74.86,,,,,,,,,0.56,0.71,0.17697541823586493,0.40294471153846156,879.6315517503572
AFG,Afghanistan,2003,1.56,21074343420.0,22733053.0,3.968,0.069,0.074,174.558,0.006,76.419,,,,,,,,,0.63,0.91,0.18828581849123155,0.39314516129032256,927.0353357289933
AFG,Afghanistan,2004,1.237,22332570533.0,23560656.0,3.717,0.053,0.055,157.758,0.004,77.657,,,,,,,,,0.56,0.79,0.16643852056831204,0.3327952649986548,947.8755826238455
AFG,Afghanistan,2005,1.89,25397686814.0,24404575.0,5.014,0.077,0.074,205.468,0.006,79.546,,,,,,,,,0.59,0.82,0.1974195538640994,0.3769445552453131,1040.6936737886238
AFG,Afghanistan,2006,2.159,28704399925.0,25424100.0,6.531,0.085,0.075,256.867,0.007,81.705,,,,,,,,,0.64,0.9,0.22752609415505837,0.3305772469759608,1129.0232466439322
AFG,Afghanistan,2007,2.8,34507529735.0,25909852.0,7.758,0.108,0.081,299.434,0.009,84.505,,,,,,,,,0.75,1.01,0.22482049742700888,0.36091776230987366,1331.830445615822
AFG,Afghanistan,2008,4.254,36561043230.0,26482631.0,15.04,0.161,0.116,567.922,0.013,88.76,,,,,,,,,0.54,0.78,0.4113668175545657,0.28284574468085105,1380.5668790989837
AFG,Afghanistan,2009,6.388,44358722212.0,27466102.0,25.258,0.233,0.144,919.612,0.02,95.148,,,,,,,,,0.78,0.89,0.5694032366236005,0.25290996911869507,1615.0352245833792
AFG,Afghanistan,2010,8.365,47399425562.0,28284088.0,32.244,0.296,0.176,1139.987,0.025,103.513,,,,,,,,,0.75,0.88,0.680261408607659,0.2594281106562461,1675.8336193127386
AFG,Afghanistan,2011,11.41,53326336000.0,29347708.0,41.391,0.389,0.214,1410.376,0.033,114.922,,,,,,,,,0.6,0.77,0.7761830852207809,0.2756637916455268,1817.0528342451819
AFG,Afghanistan,2012,9.731,59166900000.0,30560036.0,39.021,0.318,0.164,1276.868,0.028,124.654,,,,,,,,,0.74,0.88,0.6595072582812349,0.2493785397606417,1936.0873789546583
AFG,Afghanistan,2013,8.891,62993700000.0,31622709.0,31.869,0.281,0.141,1007.797,0.025,133.545,,,,,,,,,0.89,1.11,0.5059077336305059,0.2789858483165459,1992.0399609027804
AFG,Afghanistan,2014,8.698,64346106000.0,32792528.0,26.63,0.265,0.135,812.082,0.025,142.243,,,,,,,,,1.0,1.16,0.41385565740372854,0.32662410814870446,1962.2185273425703
AFG,Afghanistan,2015,9.384,62783392000.0,33831767.0,30.954,0.277,0.149,914.925,0.027,151.627,,,,,,,,,1.03,1.18,0.49302847479155,0.30315952704012405,1855.7526717419164
AFG,Afghanistan,2016,8.606,64372217488.0,34700613.0,28.075,0.248,0.134,809.074,0.024,160.233,,,,,,,,,1.06,1.21,0.43613535614543064,0.30653606411398043,1855.0743610206541
AFG,Afghanistan,2017,9.311,65169281649.0,35688941.0,36.517,0.261,0.143,1023.214,0.026,169.544,,,,,,,,,1.09,1.26,0.5603406862251388,0.2549771339376181,1826.0357360841836
AFG,Afghanistan,2018,10.192,65996738862.0,36743040.0,46.493,0.277,0.154,1265.342,0.028,179.736,,,,,,,,,0.97,1.17,0.7044742028423168,0.21921579592626847,1796.1698014644405
AFG,Afghanistan,2019,10.4,73085701943.0,37856125.0,47.112,0.275,0.142,1244.489,0.028,190.136,,,,,,,,,1.28,1.46,0.6446130877520058,0.22075055187637968,1930.6176198171365
AFG,Afghanistan,2020,11.119,71417706295.0,39068977.0,46.912,0.285,0.156,1200.742,0.032,201.254,,,,,,,,,1.06,1.18,0.6568679174072598,0.23701824693042292,1827.9901799066815
AFG,Afghanistan,2021,9.869,56638852656.0,40000410.0,47.569,0.247,0.174,1189.22,0.027,211.123,,,,,,,,,0.93,1.06,0.8398651768056394,0.20746704786730855,1415.956802842771
AFG,Afghanistan,2022,10.17,53303471617.0,40578847.0,45.106,0.251,0.191,1111.573,0.027,221.293,,,,,,,,,0.83,0.96,0.8462112997836038,0.2254688954906221,1313.5777765445134
ALB,Albania,1990,5.521,12947849077.0,3277965.0,27.881,1.684,0.426,8505.582,0.024,172.561,,,,,,,,,,,2.1533306292183005,0.19802015709623041,3949.965627149771
ALB,Albania,1991,4.29,9375856841.0,3282608.0,21.06,1.307,0.458,6415.621,0.018,176.851,,,,,,,,,,,2.2461947059500758,0.2037037037037037,2856.2218946033154
ALB,Albania,1992,2.517,8745674435.0,3282506.0,18.201,0.767,0.288,5544.973,0.011,179.368,,,,,,,,,,,2.0811430994000863,0.13828910499423108,2664.3285450201765
ALB,Albania,1993,2.338,9636341649.0,3277831.0,15.007,0.713,0.243,4578.229,0.01,181.706,,,,,,,,,,,1.557333742059398,0.1557939628173519,2939.853106825825
ALB,Albania,1994,1.924,10596114842.0,3269417.0,13.014,0.588,0.182,3980.571,0.008,183.63,,,,,,,,,,,1.2281860091225312,0.14784078684493623,3240.979918438058
ALB,Albania,1995,2.089,11600732968.0,3258573.0,14.311,0.641,0.18,4391.918,0.009,185.719,,,,,,,,,,,1.2336289473670436,0.1459716302145203,3560.065393041678
ALB,Albania,1996,2.018,12468867839.0,3245680.0,13.501,0.622,0.162,4159.798,0.008,187.737,,,,,,,,,,,1.082776734369716,0.14947040959928892,3841.6812005496536
ALB,Albania,1997,1.543,11020137102.0,3229665.0,12.922,0.478,0.14,4001.062,0.006,189.28,,,,,,,,,,,1.172580692998351,0.11940876025383068,3412.161045185801
ALB,Albania,1998,1.755,12026242682.0,3210134.0,14.884,0.547,0.146,4636.601,0.007,191.035,,,,,,,,,,,1.237626779499243,0.11791185165278151,3746.336658220498
ALB,Albania,1999,2.986,13673692880.0,3188598.0,11.668,0.937,0.218,3659.295,0.012,194.021,,,,,,,,,,,0.8533173958489552,0.25591360987315737,4288.308805311927
ALB,Albania,2000,3.025,14736835655.0,3166147.0,19.683,0.955,0.205,6216.746,0.012,197.046,,,,,,,,,4.55,4.73,1.3356327274588176,0.15368592186150484,4654.501403440839
ALB,Albania,2001,3.221,16103903904.0,3147943.0,20.096,1.023,0.2,6383.707,0.013,200.266,,,,,,,,,3.52,3.69,1.2478961697609494,0.16028065286624205,5115.691073186522
ALB,Albania,2002,3.748,17037279441.0,3134095.0,22.608,1.196,0.22,7213.592,0.014,204.015,,,,,,,,,3.48,3.71,1.3269724241062884,0.16578202406227885,5436.108171896512
ALB,Albania,2003,4.303,18171076149.0,3118093.0,23.203,1.38,0.237,7441.479,0.016,208.318,,,,,,,,,5.12,5.23,1.2769194190668185,0.18545015730724476,5827.624817155871
ALB,Albania,2004,4.177,19346601376.0,3098662.0,25.014,1.348,0.216,8072.544,0.015,212.495,,,,,,,,,5.41,5.55,1.2929402696553498,0.1669864875669625,6243.533943360069
ALB,Albania,2005,4.261,20562850324.0,3076156.0,24.746,1.385,0.207,8044.378,0.014,216.756,,,,,,,,,5.32,5.39,1.2034323846202208,0.1721894447587489,6684.592824291096
ALB,Albania,2006,3.911,21889974405.0,3050805.0,23.526,1.282,0.179,7711.403,0.013,220.667,,,,,,,,,4.95,5.04,1.074738579622382,0.16624160503272975,7175.147020212698
ALB,Albania,2007,4.004,23259283502.0,3022887.0,23.142,1.324,0.172,7655.497,0.013,224.671,,,,,,,,,2.76,2.83,0.994957561698325,0.1730187537810042,7694.393969076581
ALB,Albania,2008,4.448,25006230217.0,2992933.0,23.894,1.486,0.178,7983.493,0.014,229.119,,,,,,,,,3.76,3.76,0.955521875654657,0.18615552021427972,8355.091883780893
ALB,Albania,2009,4.37,25821550979.0,2961487.0,24.097,1.476,0.169,8136.838,0.014,233.489,,,,,,,,,5.2,5.2,0.9332127268264198,0.18135037556542308,8719.11677444473
ALB,Albania,2010,4.817,26747818608.0,2928731.0,22.207,1.645,0.18,7582.633,0.014,238.306,,,,,,,,,7.57,7.57,0.8302359278508832,0.2169135858062773,9132.903844019816
ALB,Albania,2011,5.175,27431048326.0,2911499.0,23.968,1.778,0.189,8232.201,0.015,243.481,,,,,,,,,4.13,4.19,0.8737544302046373,0.21591288384512683,9421.623818520975
ALB,Albania,2012,4.93,27819814441.0,2910003.0,22.488,1.694,0.177,7727.736,0.014,248.411,,,,,,,,,4.72,4.72,0.808344715874807,0.21922803272856634,9560.06383532938
ALB,Albania,2013,5.346,28098562696.0,2907571.0,26.358,1.839,0.19,9065.398,0.015,253.757,,,,,,,,,6.96,6.96,0.9380550985888051,0.2028226724334168,9663.930028191917
ALB,Albania,2014,6.072,28597169040.0,2903748.0,25.747,2.091,0.212,8866.902,0.017,259.83,,,,,,,,,4.72,4.72,0.9003338744470352,0.23583330096710298,9848.36461015212
ALB,Albania,2015,4.712,29231663899.0,2898634.0,24.038,1.626,0.161,8292.746,0.013,264.542,,,,,,,,,5.89,5.89,0.8223274625438728,0.1960229636409019,10084.63431361117
ALB,Albania,2016,4.555,30200694449.0,2897868.0,26.761,1.572,0.151,9234.724,0.013,269.097,,,,,,,,,7.78,7.78,0.8861054518197049,0.17021038077799783,10421.694310782961
ALB,Albania,2017,5.344,31348975722.0,2898245.0,29.29,1.844,0.17,10106.212,0.015,274.441,,,,,,,,,4.53,4.53,0.9343207975833463,0.18245134858313417,10816.537498382642
ALB,Albania,2018,5.195,32609000823.0,2894229.0,27.993,1.795,0.159,9672.062,0.014,279.635,,,,,,,,,8.55,8.55,0.8584439661903345,0.18558210981316758,11266.904181735446
ALB,Albania,2019,4.941,33289747424.0,2885011.0,24.898,1.712,0.148,8630.006,0.013,284.576,,,,,,,,,5.2,5.2,0.7479179605324963,0.19844967467266447,11538.86325702051
ALB,Albania,2020,4.865,32130726850.0,2871950.0,21.12,1.694,0.151,7353.772,0.014,289.441,,,,,,,,,5.31,5.31,0.6573147286271241,0.23035037878787878,11187.773759988857
ALB,Albania,2021,5.137,34866976278.0,2849641.0,25.493,1.803,0.147,8945.902,0.014,294.578,,,,,,,,,8.94,8.94,0.731150295246144,0.20150629584591848,12235.568016462425
ALB,Albania,2022,4.498,36171005594.0,2827614.0,25.869,1.591,0.124,9148.74,0.012,299.076,,,,,,,,,6.97,6.97,0.7151860882820221,0.1738760678804747,12792.059168613538
DZA,Algeria,1990,75.892,117843179781.0,25375815.0,314.974,2.991,0.644,12412.359,0.334,1219.927,0.119,99.881,0.0,0.0,2.433,61.946,35.501,0.119,0.135,16.104,2.6728233283024805,0.24094687180529187,4643.917043886078
DZA,Algeria,1991,77.976,121105141795.0,25987937.0,312.095,3.0,0.644,12009.229,0.336,1297.903,0.261,99.739,0.0,0.0,2.534,61.752,35.453,0.261,0.293,17.345,2.5770582105283104,0.24984700171422164,4660.052154005145
DZA,Algeria,1992,79.284,127982696018.0,26628570.0,320.227,2.977,0.619,12025.688,0.352,1377.188,0.173,99.827,0.0,0.0,2.935,62.134,34.758,0.173,0.199,18.286,2.5021116913724177,0.24758686806546606,4806.217382983765
DZA,Algeria,1993,81.306,130275774703.0,27277042.0,297.995,2.981,0.624,10924.754,0.357,1458.494,0.329,99.671,0.0,0.0,2.569,59.928,37.175,0.329,0.353,19.414,2.2874168330939715,0.272843504085639,4776.022807128427
DZA,Algeria,1994,87.848,134279859768.0,27887277.0,301.921,3.15,0.654,10826.482,0.382,1546.342,0.153,99.847,0.0,0.0,2.388,62.33,35.129,0.153,0.166,19.883,2.2484458988983116,0.2909635301949848,4815.093985977906
DZA,Algeria,1995,95.906,145054664533.0,28470194.0,313.145,3.369,0.661,10999.042,0.408,1642.248,0.171,99.829,0.0,0.0,2.303,64.585,32.941,0.171,0.193,19.715,2.1588068264344535,0.30626706477829757,5094.96579240029
DZA,Algeria,1996,99.56,156579113896.0,29033045.0,309.925,3.429,0.636,10674.896,0.411,1741.807,0.121,99.879,0.0,0.0,1.096,67.024,31.759,0.121,0.135,20.654,1.9793508360626724,0.3212390094377672,5393.134405846855
DZA,Algeria,1997,87.517,164644463404.0,29579299.0,297.86,2.959,0.532,10069.873,0.359,1829.324,0.07,99.93,0.0,0.0,1.999,65.148,32.783,0.07,0.075,21.497,1.8091103329063634,0.2938192439401061,5566.205723942275
DZA,Algeria,1998,105.74,179962887740.0,30054135.0,308.349,3.518,0.588,10259.786,0.435,1935.064,0.194,99.806,0.0,0.0,2.067,65.091,32.649,0.194,0.215,23.262,1.7134032681531808,0.3429231163389536,5987.9576550780785
DZA,Algeria,1999,90.613,193179776879.0,30474360.0,311.434,2.973,0.469,10219.548,0.365,2025.677,0.181,99.819,0.0,0.0,2.192,65.867,31.759,0.181,0.203,24.757,1.612145976310293,0.2909541026349082,6339.092170565682
DZA,Algeria,2000,84.552,208554150552.0,30903894.0,299.946,2.736,0.405,9705.756,0.331,2110.23,0.05,99.95,0.0,0.0,1.881,63.685,34.385,0.05,0.05,25.4,1.4382164018606416,0.28189074033326,6748.474821716642
DZA,Algeria,2001,86.019,223420294027.0,31331226.0,310.813,2.745,0.385,9920.229,0.335,2196.249,0.061,99.939,0.0,0.0,2.095,63.488,34.355,0.061,0.07,26.62,1.3911583160052539,0.27675483329204376,7130.914507686357
DZA,Algeria,2002,89.658,245360923720.0,31750832.0,321.951,2.824,0.365,10139.907,0.341,2285.907,0.049,99.951,0.0,0.0,2.655,60.52,36.776,0.049,0.06,27.65,1.3121527059761267,0.27848337169320797,7727.7006070266125
DZA,Algeria,2003,94.078,273568638765.0,32175813.0,336.922,2.924,0.344,10471.285,0.34,2379.985,0.214,99.786,0.0,0.0,2.092,61.13,36.564,0.214,0.26,29.57,1.2315812277350313,0.2792278331483251,8502.306958490839
DZA,Algeria,2004,90.853,296773569597.0,32628286.0,349.778,2.784,0.306,10720.079,0.318,2470.838,0.194,99.806,0.0,0.0,2.404,60.589,36.813,0.194,0.25,31.25,1.1786022605549973,0.25974475238579897,9095.591769576864
DZA,Algeria,2005,109.564,326854481030.0,33109258.0,366.272,3.309,0.335,11062.512,0.37,2580.402,0.408,99.592,0.0,0.0,1.887,61.053,36.653,0.408,0.55,33.91,1.1205965383915972,0.29913288485060285,9871.996558485243
DZA,Algeria,2006,103.798,345705309468.0,33623505.0,379.22,3.087,0.3,11278.422,0.339,2684.2,0.153,99.847,0.0,0.0,2.705,60.261,36.881,0.153,0.22,35.23,1.0969458368561802,0.27371446653657505,10281.655926947533
DZA,Algeria,2007,107.549,371665260161.0,34189420.0,399.64,3.146,0.289,11688.989,0.341,2791.749,0.15,99.85,0.0,0.0,2.203,58.51,39.136,0.15,0.22,37.19,1.0752686431518559,0.2691147032329096,10870.76821311973
DZA,Algeria,2008,108.596,395658515586.0,34816963.0,423.557,3.119,0.274,12165.246,0.339,2900.344,0.176,99.824,0.0,0.0,2.079,57.624,40.121,0.176,0.28,40.23,1.07051152272732,0.2563905212285478,11363.958297741248
DZA,Algeria,2009,116.328,418247711085.0,35490442.0,448.859,3.278,0.278,12647.33,0.369,3016.673,0.2,99.8,0.0,0.0,1.259,58.404,40.137,0.2,0.3,38.5,1.0731893758260853,0.25916379085637137,11784.798596901104
DZA,Algeria,2010,117.847,450705801593.0,36188237.0,438.995,3.257,0.261,12130.873,0.354,3134.52,0.108,99.892,0.005,0.0,0.821,57.698,41.373,0.108,0.17,45.73,0.9740167498363484,0.2684472488297133,12454.483527147233
DZA,Algeria,2011,124.715,482028679734.0,36903374.0,464.488,3.38,0.259,12586.607,0.362,3259.235,0.221,99.779,0.01,0.0,0.689,57.7,41.391,0.221,0.5,51.22,0.9636107134876715,0.26849993971857183,13061.913518639245
DZA,Algeria,2012,135.593,498417638719.0,37646165.0,507.672,3.602,0.272,13485.354,0.388,3394.829,0.211,99.789,0.014,0.0,0.669,58.853,40.267,0.211,0.62,57.4,1.018567483495939,0.2670878047243102,13239.532863945105
DZA,Algeria,2013,141.534,512373332647.0,38414176.0,536.977,3.684,0.276,13978.61,0.401,3536.363,0.061,99.939,0.014,0.0,0.342,59.822,39.775,0.061,0.33,59.89,1.0480190239915368,0.2635755348925559,13338.131544120588
DZA,Algeria,2014,152.435,531843509827.0,39205035.0,585.613,3.888,0.287,14937.195,0.43,3688.798,0.11,99.89,0.026,0.0,0.356,61.635,37.899,0.11,0.25,64.27,1.101100209327534,0.26029989088356986,13565.694044833783
DZA,Algeria,2015,160.322,551521739825.0,40019528.0,617.518,4.006,0.291,15430.422,0.453,3849.119,0.091,99.909,0.024,0.008,0.25,61.415,38.244,0.091,0.22,68.84,1.1196621192048402,0.2596232012670076,13781.315457418688
DZA,Algeria,2016,158.308,569170418715.0,40850719.0,616.996,3.875,0.278,15103.672,0.447,4007.427,0.137,99.863,0.1,0.008,0.092,62.561,37.21,0.137,0.34,71.04,1.084026821690724,0.256578648808096,13932.935151398437
DZA,Algeria,2017,165.252,577138830559.0,41689302.0,623.795,3.964,0.286,14962.943,0.459,4172.679,0.232,99.768,0.202,0.008,0.339,63.271,36.157,0.232,0.64,76.07,1.0808404615503173,0.2649139541035116,13843.811310609135
DZA,Algeria,2018,174.461,584064441740.0,42505033.0,669.62,4.104,0.299,15753.894,0.475,4347.141,0.271,99.729,0.224,0.004,0.869,64.837,34.023,0.271,0.82,76.75,1.1464830798552288,0.26053731967384486,13741.06548135135
DZA,Algeria,2019,182.425,589905104177.0,43294551.0,694.349,4.214,0.309,16037.789,0.492,4529.565,0.277,99.723,0.219,0.004,0.692,64.899,34.132,0.277,0.87,81.61,1.1770520293576945,0.26272810935134927,13625.38912060781
DZA,Algeria,2020,171.139,559819958223.0,44042094.0,648.899,3.886,0.306,14733.604,0.487,4700.704,0.283,99.717,0.261,0.003,0.235,66.818,32.665,0.283,0.88,79.37,1.1591208753252702,0.2637374999807366,12711.020466533675
DZA,Algeria,2021,182.036,578853830170.0,44761099.0,707.627,4.067,0.314,15808.98,0.494,4882.74,0.238,99.762,0.231,0.004,0.439,68.059,31.265,0.238,0.81,85.6,1.2224623266156525,0.25724852217340494,12932.073677860322
DZA,Algeria,2022,192.779,595820067103.0,45477391.0,734.248,4.239,0.324,16145.337,0.514,5075.519,0.228,99.772,0.217,0.005,0.296,68.568,30.908,0.228,0.86,91.47,1.2323317735336863,0.26255297937481614,13101.456657946803
AGO,Angola,1990,5.09,11482503320.0,11626361.0,21.86,0.438,0.443,1880.223,0.022,115.663,,,,,,,,,,,1.9037660509032623,0.23284537968892954,987.6265944262353
AGO,Angola,1991,5.064,12341156472.0,12023532.0,22.982,0.421,0.41,1911.448,0.022,120.727,,,,,,,,,,,1.8622241807031843,0.22034635801931945,1026.416902454287
AGO,Angola,1992,5.164,12363420423.0,12423717.0,23.124,0.416,0.418,1861.284,0.023,125.891,,,,,,,,,,,1.8703561966542694,0.22331776509254453,995.1466556264925
AGO,Angola,1993,5.748,9985477687.0,12827136.0,22.58,0.448,0.576,1760.35,0.025,131.64,,,,,,,,,,,2.2612839072683215,0.2545615589016829,778.4650982885033
AGO,Angola,1994,11.353,10760814258.0,13249763.0,21.976,0.857,1.055,1658.592,0.049,142.993,,,,,,,,,,,2.0422246377556608,0.5166090280305788,812.1514519165362
AGO,Angola,1995,12.617,13143769844.0,13699780.0,23.694,0.921,0.96,1729.505,0.054,155.61,,,,,,,,,,,1.8026791613987425,0.5324976787372331,959.4146653449909
AGO,Angola,1996,15.249,15819838004.0,14170973.0,22.644,1.076,0.964,1597.94,0.063,170.859,,,,,,,,,,,1.4313673752079212,0.6734234234234234,1116.3551016574515
AGO,Angola,1997,15.884,17972296931.0,14660419.0,25.798,1.083,0.884,1759.714,0.065,186.743,,,,,,,,,,,1.4354314364515994,0.6157066439258857,1225.9060897918403
AGO,Angola,1998,16.513,19905045075.0,15159378.0,22.687,1.089,0.83,1496.548,0.068,203.256,,,,,,,,,,,1.1397612974257483,0.7278617710583154,1313.0515694641297
AGO,Angola,1999,17.261,21527478033.0,15667235.0,25.884,1.102,0.802,1652.085,0.069,220.517,,,,,,,,,,,1.2023702897441948,0.6668598361922423,1374.0444968751665
AGO,Angola,2000,15.995,23512184116.0,16194873.0,30.66,0.988,0.68,1893.218,0.063,236.513,,,,,,,,,0.91,1.44,1.3040047597762696,0.521689497716895,1451.8288668271744
AGO,Angola,2001,15.908,26015021059.0,16747204.0,33.201,0.95,0.612,1982.507,0.062,252.421,,,,,,,,,1.02,1.64,1.2762242215642559,0.4791421945122135,1553.3948866330165
AGO,Angola,2002,16.08,31389808151.0,17327701.0,35.314,0.928,0.512,2038.03,0.061,268.501,,,,,,,,,1.14,1.76,1.1250148401711395,0.4553434898340601,1811.539115950812
AGO,Angola,2003,17.484,35081368421.0,17943718.0,39.26,0.974,0.498,2187.965,0.063,285.985,,,,,,,,,1.24,1.99,1.1191125593749256,0.4453387671930718,1955.0780067430842
AGO,Angola,2004,17.016,41307235678.0,18600426.0,42.744,0.915,0.412,2298.005,0.059,303.001,,,,,,,,,1.75,2.24,1.0347823885674639,0.39809096013475576,2220.768259716202
AGO,Angola,2005,15.387,51967661783.0,19291160.0,35.014,0.798,0.296,1815.006,0.052,318.388,,,,,,,,,2.22,2.63,0.6737651608457398,0.43945279031244644,2693.8588339425933
AGO,Angola,2006,17.145,66749579296.0,20015281.0,44.339,0.857,0.257,2215.237,0.056,335.533,,,,,,,,,2.54,2.98,0.6642588682601185,0.38667989805814296,3334.9309108375746
AGO,Angola,2007,17.588,87086353818.0,20778570.0,52.182,0.846,0.202,2511.339,0.056,353.121,,,,,,,,,2.49,3.24,0.5991983555661786,0.33705109041431913,4191.162039447373
AGO,Angola,2008,18.75,105593132748.0,21578656.0,60.823,0.869,0.178,2818.649,0.059,371.871,,,,,,,,,3.15,4.05,0.5760128373608844,0.30827154201535606,4893.406370999195
AGO,Angola,2009,20.668,115247846475.0,22414775.0,70.332,0.922,0.179,3137.766,0.066,392.539,,,,,,,,,3.27,4.91,0.610267368555617,0.2938633907751806,5141.601754869277
AGO,Angola,2010,22.983,126984175354.0,23294822.0,76.381,0.987,0.181,3278.897,0.069,415.523,,,,,,,,,3.71,5.46,0.6015001458809253,0.30089943834199606,5451.17603190958
AGO,Angola,2011,23.397,140477268750.0,24218358.0,79.89,0.966,0.167,3298.733,0.068,438.92,,,,,,,,,4.02,5.66,0.5687041092902797,0.29286518963574915,5800.445626825733
AGO,Angola,2012,25.941,152476849129.0,25177398.0,86.099,1.03,0.17,3419.703,0.074,464.861,,,,,,,,,5.48,7.72,0.5646693284379037,0.30129269794074265,6056.100361482946
AGO,Angola,2013,25.71,160032073258.0,26165616.0,93.416,0.983,0.161,3570.166,0.073,490.57,,,,,,,,,4.73,8.15,0.583732986133329,0.27522051896891325,6116.120990921827
AGO,Angola,2014,26.092,167750415635.0,27160767.0,103.227,0.961,0.156,3800.598,0.074,516.662,,,,,,,,,5.05,9.56,0.6153606213686327,0.2527633274240267,6176.203184357791
AGO,Angola,2015,27.505,169333972139.0,28157802.0,108.491,0.977,0.162,3852.95,0.078,544.168,,,,,,,,,5.34,9.78,0.6406924648938357,0.25352333373275204,6013.749657697003
AGO,Angola,2016,25.466,164965166058.0,29183072.0,97.209,0.873,0.154,3330.99,0.072,569.633,,,,,,,,,6.43,10.98,0.5892698581337005,0.2619716281414272,5652.769045630289
AGO,Angola,2017,23.601,164717711409.0,30234836.0,83.874,0.781,0.143,2774.095,0.066,593.234,,,,,,,,,7.72,10.81,0.5091984297410365,0.281386365262179,5447.944596392056
AGO,Angola,2018,23.278,162550037080.0,31297160.0,94.022,0.744,0.143,3004.172,0.063,616.512,,,,,,,,,10.44,13.14,0.5784188160703186,0.2475803535342792,5193.76317467783
AGO,Angola,2019,22.21,161408924528.0,32375633.0,97.731,0.686,0.138,3018.674,0.06,638.722,,,,,,,,,11.58,15.82,0.6054869660137433,0.2272564488238123,4985.506369188211
AGO,Angola,2020,16.549,152308692850.0,33451139.0,77.821,0.495,0.109,2326.404,0.047,655.272,,,,,,,,,12.71,16.81,0.5109426031030375,0.21265468189820227,4553.169111820079
AGO,Angola,2021,19.219,153971902307.0,34532427.0,87.366,0.557,0.125,2529.961,0.052,674.49,,,,,,,,,12.71,16.85,0.5674152146656182,0.21998260192752328,4458.762840706215
AGO,Angola,2022,21.089,158346237030.0,35635028.0,97.616,0.592,0.133,2739.316,0.056,695.579,,,,,,,,,13.08,17.31,0.6164718646361381,0.2160404032125881,4443.555847072717
ARG,Argentina,1990,112.188,338751144000.0,32755907.0,513.625,3.425,0.331,15680.393,0.494,3658.052,9.729,86.305,0.0,0.0,2.405,38.69,45.211,13.695,17.846,51.005,1.516231041864762,0.21842394743246532,10341.68108976497
ARG,Argentina,1991,117.727,376057930424.0,33230293.0,522.459,3.543,0.313,15722.361,0.507,3775.779,8.57,87.28,0.0,0.0,2.079,38.702,46.499,12.72,16.0,53.854,1.3893045664824428,0.22533251413029542,11316.720271590744
ARG,Argentina,1992,121.514,416679827242.0,33693532.0,560.339,3.606,0.292,16630.447,0.54,3897.293,9.64,86.826,0.0,0.0,2.187,39.042,45.597,13.174,19.295,56.107,1.3447711248919314,0.2168580091694492,12366.760102265325
ARG,Argentina,1993,118.021,444780261628.0,34152719.0,578.831,3.456,0.265,16948.301,0.519,4015.314,11.552,84.698,0.0,0.0,1.406,39.96,43.332,15.302,23.864,61.869,1.3013864371618986,0.20389543752839775,13023.27529553357
ARG,Argentina,1994,118.507,472926751991.0,34613492.0,611.176,3.424,0.251,17657.168,0.516,4133.821,12.563,83.661,0.0,0.0,1.166,38.93,43.565,16.339,27.386,65.622,1.2923269775435138,0.19389995680458658,13663.075427090685
ARG,Argentina,1995,125.415,461601030169.0,35070016.0,630.652,3.576,0.272,17982.643,0.533,4259.236,11.83,85.032,0.0,0.0,1.185,41.965,41.882,14.968,26.623,67.169,1.3662274535416603,0.19886561843932946,13162.270304324926
ARG,Argentina,1996,131.446,489406483416.0,35513795.0,659.104,3.701,0.269,18559.109,0.542,4390.682,9.646,87.189,0.0,0.004,1.186,46.009,39.993,12.811,22.704,69.76,1.346741455894763,0.19943134922561537,13780.74304410441
ARG,Argentina,1997,136.617,531526379817.0,35947790.0,668.982,3.8,0.257,18609.811,0.56,4527.299,11.781,84.886,0.0,0.006,0.924,41.832,42.13,15.114,28.118,72.462,1.2586054529040023,0.2042162569396486,14786.06556389141
ARG,Argentina,1998,139.505,554567078807.0,36372862.0,694.257,3.835,0.252,19087.227,0.574,4666.804,10.78,86.215,0.0,0.013,1.195,43.061,41.959,13.785,26.715,74.17,1.251890035545393,0.20094143811297546,15246.72649644672
ARG,Argentina,1999,148.345,538270560194.0,36794687.0,705.548,4.032,0.276,19175.273,0.597,4815.148,8.606,88.579,0.0,0.014,1.41,44.876,42.293,11.421,21.694,80.745,1.3107683239182,0.21025500745519796,14629.029462704764
ARG,Argentina,2000,143.355,536480965694.0,37213986.0,703.635,3.852,0.267,18907.803,0.562,4958.503,11.557,85.985,0.0,0.014,1.076,46.263,38.646,14.015,29.0,88.98,1.3115749579107006,0.203734890959091,14416.111343031085
ARG,Argentina,2001,135.004,514867255248.0,37624817.0,687.341,3.588,0.262,18268.281,0.525,5093.508,15.036,82.098,0.0,0.02,0.905,44.431,36.762,17.902,36.99,90.14,1.3349868203774646,0.19641487995041762,13684.2460987385
ARG,Argentina,2002,124.93,460558541367.0,38029345.0,658.151,3.285,0.271,17306.4,0.476,5218.438,15.335,82.217,0.0,0.031,0.704,45.196,36.317,17.783,36.38,84.59,1.4290278887164243,0.18981966144547377,12110.609356195853
ARG,Argentina,2003,134.421,503104157615.0,38424283.0,704.758,3.498,0.267,18341.469,0.486,5352.858,13.613,83.435,0.0,0.03,0.801,48.157,34.476,16.565,34.76,92.07,1.4008192723768254,0.1907335567670037,13093.390906344302
ARG,Argentina,2004,157.235,550306327169.0,38815915.0,751.157,4.051,0.286,19351.779,0.55,5510.094,11.465,85.674,0.0,0.026,1.277,49.38,35.017,14.326,31.4,100.26,1.364979762933597,0.20932374989516173,14177.337495947217
ARG,Argentina,2005,161.728,601050418142.0,39216786.0,796.367,4.124,0.269,20306.785,0.546,5671.822,12.032,85.629,0.0,0.024,1.388,49.74,34.502,14.371,35.21,105.75,1.3249587321838545,0.20308224725534835,15326.35586562346
ARG,Argentina,2006,174.342,652296814311.0,39622113.0,836.059,4.4,0.267,21100.816,0.57,5846.164,12.678,84.832,0.0,0.022,1.197,49.035,34.6,15.168,39.14,113.43,1.2817155958106312,0.20852834548757923,16462.94871530451
ARG,Argentina,2007,173.764,714725198062.0,40016767.0,869.076,4.342,0.243,21717.797,0.552,6019.927,10.024,87.741,0.0,0.019,1.663,49.472,36.606,12.259,32.35,113.52,1.2159582485079958,0.19994108685546488,17860.643216429755
ARG,Argentina,2008,187.596,747157417513.0,40424151.0,879.072,4.641,0.251,21746.203,0.585,6207.523,9.872,87.894,0.0,0.013,2.006,49.46,36.428,12.106,32.45,121.91,1.1765552738887248,0.21340231516872338,18482.946432517532
ARG,Argentina,2009,178.378,705920838368.0,40854832.0,852.154,4.366,0.253,20858.098,0.566,6385.901,11.193,86.267,0.0,0.011,1.137,49.463,35.667,13.733,35.85,122.32,1.2071523514875586,0.20932601384256835,17278.76003425984
ARG,Argentina,2010,186.121,785785170150.0,41288694.0,882.268,4.508,0.237,21368.264,0.559,6572.022,11.092,86.765,0.0,0.008,1.538,48.044,37.183,13.235,34.77,126.0,1.1227852516376482,0.21095744150303536,19031.485232979274
ARG,Argentina,2011,189.884,837742673804.0,41730655.0,907.376,4.55,0.227,21743.625,0.551,6761.906,10.412,87.749,0.0,0.008,1.621,48.62,37.508,12.251,32.61,129.49,1.0831201851993653,0.20926716157359243,20074.994600587986
ARG,Argentina,2012,191.715,829147409948.0,42161718.0,944.132,4.547,0.231,22393.107,0.548,6953.621,9.701,88.541,0.002,0.102,1.456,48.64,38.446,11.459,30.99,136.02,1.1386781031604636,0.2030595298115094,19665.88292127944
ARG,Argentina,2013,189.525,849088398588.0,42582453.0,1009.449,4.451,0.223,23705.746,0.537,7143.146,10.134,88.284,0.004,0.116,1.489,45.871,40.924,11.716,34.77,139.45,1.1888620804131504,0.18775094135513531,19939.865807824644
ARG,Argentina,2014,188.539,827750786191.0,43024071.0,993.008,4.382,0.228,23080.285,0.532,7331.685,10.396,88.183,0.004,0.16,1.61,46.755,39.818,11.817,34.54,138.54,1.199646097069206,0.1898665468958961,19239.24833126554
ARG,Argentina,2015,191.809,850356641236.0,43477011.0,1009.992,4.412,0.226,23230.486,0.542,7523.493,10.275,87.95,0.004,0.15,1.575,46.457,39.918,12.05,34.43,145.42,1.1877275380973902,0.1899114052388534,19558.765004245575
ARG,Argentina,2016,190.02,832669278245.0,43900312.0,1005.722,4.328,0.228,22909.215,0.537,7713.514,9.586,88.332,0.004,0.138,1.219,48.201,38.913,11.668,31.49,147.18,1.2078288778946422,0.18893889166191055,18967.27472563293
ARG,Argentina,2017,187.068,856142153676.0,44288898.0,996.988,4.224,0.219,22511.016,0.52,7900.582,10.445,88.019,0.004,0.154,1.263,48.721,38.035,11.981,33.68,145.61,1.164512219985026,0.1876331510509655,19330.852478560202
ARG,Argentina,2018,182.483,833736983405.0,44654876.0,986.055,4.087,0.219,22081.684,0.497,8083.065,10.824,87.432,0.027,0.359,1.399,49.683,36.351,12.568,35.22,146.78,1.1826931270014314,0.18506371348454193,18670.681862491343
ARG,Argentina,2019,180.428,817053926667.0,44973469.0,925.658,4.012,0.221,20582.312,0.487,8263.493,11.417,86.311,0.215,1.345,0.883,50.621,34.806,13.689,34.78,139.53,1.1329215487355009,0.1949186416581502,18167.465059611033
ARG,Argentina,2020,164.613,735814250460.0,45191960.0,863.972,3.643,0.224,19117.824,0.468,8428.105,11.833,85.285,0.387,2.708,1.167,51.208,32.91,14.715,36.62,144.64,1.1741713339472308,0.19053048015444946,16281.97251148213
ARG,Argentina,2021,190.197,812324184006.0,45312282.0,948.187,4.197,0.234,20925.615,0.516,8618.303,10.947,86.394,0.576,3.382,1.491,48.752,36.151,13.606,37.04,153.15,1.1672519650024311,0.20059017894149572,17927.240654222624
ARG,Argentina,2022,183.768,854914363923.0,45407904.0,1001.241,4.047,0.215,22049.938,0.49,8802.07,12.01,86.146,0.726,3.499,1.497,46.095,38.553,13.854,42.27,145.61,1.171159407599074,0.1835402265788157,18827.43506335373
ARM,Armenia,1990,9.003,32650114430.0,3552130.0,,2.535,0.276,,0.04,240.612,,,,,,,,,,,,,9191.700312207042
ARM,Armenia,1991,7.383,27959799817.0,3613978.0,,2.043,0.264,,0.032,247.995,,,,,,,,,,,,,7736.571671714659
ARM,Armenia,1992,5.724,15777768492.0,3571870.0,51.638,1.602,0.363,14456.733,0.025,253.719,,,,,,,,,,,3.2728329120929023,0.11084859986831404,4417.229208229863
ARM,Armenia,1993,2.51,13153115049.0,3453339.0,35.369,0.727,0.191,10241.846,0.011,256.229,,,,,,,,,,,2.6890208036832326,0.07096610025728746,3808.8108491520816
ARM,Armenia,1994,2.685,13441640358.0,3364620.0,32.257,0.798,0.2,9587.113,0.012,258.914,,,,,,,,,,,2.399781510357234,0.08323774684564592,3994.995083545839
ARM,Armenia,1995,3.363,14085547383.0,3307586.0,34.703,1.017,0.239,10491.935,0.014,262.277,,,,,,,,,,,2.4637310184965497,0.09690804829553641,4258.558169916066
ARM,Armenia,1996,2.5,14363162631.0,3278738.0,46.182,0.763,0.174,14085.446,0.01,264.777,,,,,,,,,,,3.2153085769791003,0.05413364514312936,4380.698497714669
ARM,Armenia,1997,3.253,14402224399.0,3246292.0,38.84,1.002,0.226,11964.407,0.013,268.03,,,,,,,,,,,2.696805640849257,0.08375386199794027,4436.515384013514
ARM,Armenia,1998,3.419,14841976252.0,3208399.0,41.164,1.066,0.23,12830.193,0.014,271.449,,,,,,,,,,,2.7734851007090806,0.08305801185501895,4625.975837793242
ARM,Armenia,1999,3.04,14850694858.0,3167282.0,24.94,0.96,0.205,7874.202,0.012,274.489,,,,,,,,,,,1.679382698147955,0.1218925421010425,4688.782008674946
ARM,Armenia,2000,3.491,15244825874.0,3125630.0,26.843,1.117,0.229,8587.992,0.014,277.98,,,,,,,,,1.25,5.78,1.760794135784827,0.1300525276608427,4877.361003701653
ARM,Armenia,2001,3.533,16184137401.0,3084350.0,26.944,1.145,0.218,8735.807,0.014,281.513,,,,,,,,,0.96,5.74,1.6648400425922707,0.13112381235154394,5247.179276346718
ARM,Armenia,2002,3.077,18018113990.0,3055636.0,24.426,1.007,0.171,7993.655,0.012,284.59,,,,,,,,,1.64,5.31,1.3556357792805815,0.1259723245721772,5896.682062261342
ARM,Armenia,2003,3.456,19928773567.0,3038976.0,26.568,1.137,0.173,8742.533,0.012,288.046,,,,,,,,,1.96,5.3,1.333147768008859,0.13008130081300814,6557.726539136867
ARM,Armenia,2004,3.691,21350959248.0,3022544.0,27.731,1.221,0.173,9174.885,0.013,291.737,,,,,,,,,1.98,5.79,1.2988175228051,0.13310014063683243,7063.903535564743
ARM,Armenia,2005,4.376,23626538545.0,3006360.0,33.203,1.456,0.185,11044.274,0.015,296.113,,,,,,,,,1.75,6.08,1.4053264695020946,0.13179531970002709,7858.852081919664
ARM,Armenia,2006,4.402,25937834265.0,2990371.0,33.146,1.472,0.17,11084.32,0.014,300.514,,,,,,,,,1.81,5.71,1.2779016035554887,0.13280637180956978,8673.784712666087
ARM,Armenia,2007,5.1,28610365796.0,2974825.0,37.606,1.714,0.178,12641.402,0.016,305.615,,,,,,,,,1.83,5.67,1.314418706427643,0.1356166569164495,9617.495414352104
ARM,Armenia,2008,5.575,29672467967.0,2959996.0,36.162,1.883,0.188,12216.934,0.017,311.189,,,,,,,,,1.78,5.9,1.2187055030345735,0.1541673580001106,10024.495967899957
ARM,Armenia,2009,4.364,24704739187.0,2945518.0,31.599,1.481,0.177,10727.759,0.014,315.553,,,,,,,,,2.0,5.44,1.2790663265381834,0.13810563625431185,8387.2307645039
ARM,Armenia,2010,4.256,24485670654.0,2931083.0,34.658,1.452,0.174,11824.311,0.013,319.809,,,,,,,,,2.54,6.27,1.4154400951373671,0.12279993075191875,8353.796413817008
ARM,Armenia,2011,4.969,24860520809.0,2923269.0,36.708,1.7,0.2,12557.113,0.014,324.778,,,,,,,,,2.46,7.21,1.4765579644136408,0.13536558788275035,8504.356187884181
ARM,Armenia,2012,5.748,26634064691.0,2922529.0,39.766,1.967,0.216,13606.589,0.016,330.526,,,,,,,,,2.3,7.82,1.493050364687199,0.14454559171151235,9113.361985800655
ARM,Armenia,2013,5.535,27542825799.0,2922526.0,39.183,1.894,0.201,13407.281,0.016,336.062,,,,,,,,,2.15,7.49,1.422620913552836,0.14126024041038204,9424.321904749522
ARM,Armenia,2014,5.604,28536291283.0,2922433.0,40.353,1.918,0.196,13808.039,0.016,341.666,,,,,,,,,1.97,7.53,1.4140940600798955,0.1388744331276485,9764.566470129512
ARM,Armenia,2015,5.469,29464863299.0,2921179.0,36.874,1.872,0.186,12623.133,0.015,347.135,,,,,,,,,2.18,7.55,1.2514566799721571,0.14831588653251612,10086.63395806967
ARM,Armenia,2016,5.207,29522321034.0,2918796.0,36.976,1.784,0.176,12668.348,0.015,352.342,,,,,,,,,2.33,7.1,1.2524760487976476,0.1408210731285158,10114.554437514646
ARM,Armenia,2017,5.537,31741802974.0,2914966.0,39.815,1.899,0.174,13658.813,0.015,357.878,,,,,,,,,2.25,7.53,1.2543395859590216,0.13906819038050985,10889.253244806287
ARM,Armenia,2018,5.822,33400320594.0,2909971.0,39.066,2.001,0.174,13424.767,0.016,363.7,,,,,,,,,2.31,7.59,1.1696294917306207,0.14902984692571544,11477.88778444871
ARM,Armenia,2019,6.284,35949092334.0,2903975.0,41.378,2.164,0.175,14248.773,0.017,369.984,,,,,,,,,2.41,7.49,1.1510165434932398,0.1518681424911789,12379.2705977152
ARM,Armenia,2020,6.795,33378378959.0,2890893.0,44.737,2.351,0.204,15475.302,0.019,376.78,,,,,,,,,1.92,7.64,1.3402987621104143,0.1518876992198851,11546.044408769194
ARM,Armenia,2021,7.351,35275596129.0,2870339.0,45.858,2.561,0.208,15976.376,0.02,384.13,,,,,,,,,2.49,7.72,1.2999922051579513,0.16029918443892013,12289.696836854462
ARM,Armenia,2022,7.699,39721734780.0,2880880.0,49.535,2.672,0.194,17194.473,0.021,391.829,,,,,,,,,3.37,9.88,1.2470502679289075,0.15542545674775413,13788.056003721085
AUS,Australia,1990,278.061,464136588000.0,17126304.0,1051.079,16.236,0.599,61372.223,1.223,7469.169,4.137,95.863,0.0,0.0,42.384,16.002,37.477,4.137,15.519,155.654,2.264589836645242,0.2645481452868909,27100.802835217688
AUS,Australia,1991,279.437,461302112920.0,17353191.0,1043.94,16.103,0.606,60158.379,1.204,7748.607,4.394,95.606,0.001,0.0,43.538,15.447,36.621,4.394,16.378,157.964,2.263028871452497,0.2676753453263597,26583.128885056358
AUS,Australia,1992,284.433,478633731062.0,17549286.0,1060.42,16.208,0.594,60425.266,1.263,8033.041,4.389,95.611,0.003,0.0,43.116,15.732,36.763,4.389,16.624,161.4,2.215514559843335,0.2682267403481639,27273.686864639392
AUS,Australia,1993,288.78,501524767329.0,17722905.0,1084.443,16.294,0.576,61188.77,1.269,8321.821,4.407,95.593,0.004,0.001,42.432,15.95,37.211,4.407,17.074,165.383,2.16229201555784,0.26629338748094644,28298.112940796105
AUS,Australia,1994,293.613,527993237904.0,17897433.0,1125.552,16.405,0.556,62888.992,1.278,8615.435,4.196,95.804,0.004,0.001,41.712,17.064,37.028,4.196,16.869,170.143,2.131754574108103,0.2608613373704636,29501.059615867816
AUS,Australia,1995,304.962,549038744439.0,18095340.0,1154.299,16.853,0.555,63789.848,1.297,8920.396,4.002,95.998,0.005,0.002,42.049,16.798,37.152,4.002,16.485,175.225,2.1023998974415665,0.2641967115972551,30341.44395402352
AUS,Australia,1996,311.851,574765618472.0,18305305.0,1188.137,17.036,0.543,64906.695,1.287,9232.248,4.0,96.0,0.006,0.002,42.521,16.438,37.041,4.0,16.948,180.127,2.067167836445458,0.2624705736796346,31398.855057154196
AUS,Australia,1997,320.243,601472798853.0,18504911.0,1217.288,17.306,0.532,65781.891,1.314,9552.49,3.914,96.086,0.007,0.002,43.6,15.754,36.732,3.914,16.988,188.98,2.0238454711856475,0.2630790741385769,32503.41484230862
AUS,Australia,1998,334.038,634847053105.0,18701710.0,1246.33,17.861,0.526,66642.594,1.375,9886.527,3.813,96.187,0.008,0.004,44.481,15.84,35.867,3.813,16.933,199.471,1.9631972676005542,0.26801729878924524,33945.93612589437
AUS,Australia,1999,343.876,664520698611.0,18909980.0,1297.347,18.185,0.517,68606.484,1.384,10230.404,3.786,96.214,0.009,0.009,45.386,15.586,35.242,3.786,17.499,206.9,1.9523048758477373,0.26506092818652216,35141.269245710464
AUS,Australia,2000,349.898,692059312020.0,19132472.0,1305.26,18.288,0.506,68222.211,1.372,10580.302,3.765,96.235,0.01,0.029,45.435,15.785,35.016,3.765,17.54,216.83,1.8860522173889613,0.2680676646798339,36171.97568719818
AUS,Australia,2001,357.668,713890072308.0,19365438.0,1315.385,18.469,0.501,67924.375,1.392,10937.97,3.655,96.345,0.011,0.06,44.626,16.892,34.827,3.655,17.26,224.26,1.8425595914891664,0.27191126552302175,36864.13249770029
AUS,Australia,2002,362.425,747065694937.0,19595356.0,1341.745,18.495,0.485,68472.609,1.38,11300.394,3.711,96.289,0.012,0.109,44.736,17.043,34.51,3.711,17.95,223.49,1.7960200944752915,0.2701146641127785,38124.62988358058
AUS,Australia,2003,370.784,774450991263.0,19819449.0,1360.862,18.708,0.479,68662.977,1.341,11671.18,3.797,96.203,0.013,0.141,45.37,16.935,33.898,3.797,18.66,225.95,1.7571957623563264,0.2724626009103054,39075.30382216983
AUS,Australia,2004,382.005,809792445090.0,20046679.0,1404.444,19.056,0.472,70058.688,1.335,12053.184,3.829,96.171,0.014,0.154,45.805,16.736,33.63,3.829,19.38,229.23,1.7343258862385542,0.2719973170877586,40395.341547096155
AUS,Australia,2005,385.082,840092380696.0,20294490.0,1410.35,18.975,0.458,69494.242,1.301,12438.265,4.095,95.905,0.016,0.248,45.356,16.529,34.02,4.095,20.72,230.74,1.6788034654373996,0.27304002552557877,41395.09693005343
AUS,Australia,2006,391.373,866678665246.0,20590566.0,1470.838,19.007,0.452,71432.609,1.279,12829.638,4.024,95.976,0.018,0.394,44.664,17.677,33.635,4.024,21.14,237.99,1.6970972737427592,0.26608844753807015,42091.05593532494
AUS,Australia,2007,398.896,911250727265.0,20954545.0,1506.167,19.036,0.438,71877.82,1.266,13228.534,3.786,96.214,0.02,0.505,43.228,19.306,33.68,3.786,20.29,243.19,1.6528568427270982,0.2648418136899826,43487.020465727124
AUS,Australia,2008,404.279,937889628737.0,21370595.0,1531.745,18.918,0.431,71675.375,1.261,13632.813,3.499,96.501,0.024,0.597,44.301,18.664,33.536,3.499,19.12,245.38,1.6331825761446042,0.2639336181936288,43886.921666757524
AUS,Australia,2009,406.977,963129933389.0,21783014.0,1509.545,18.683,0.423,69299.156,1.291,14039.791,3.722,96.278,0.051,0.773,43.471,19.341,33.466,3.722,20.16,249.9,1.5673326595595567,0.2696024298712526,44214.723150294994
AUS,Australia,2010,405.026,993853968687.0,22141583.0,1508.838,18.293,0.408,68144.984,1.216,14444.816,4.088,95.912,0.169,0.862,40.35,21.063,34.499,4.088,22.16,250.97,1.5181687124451044,0.26843571012925177,44886.31046330337
AUS,Australia,2011,403.874,1024000293343.0,22479779.0,1558.602,17.966,0.394,69333.531,1.171,14848.691,5.392,94.608,0.341,1.072,38.106,21.292,35.21,5.392,30.61,256.28,1.522071829600472,0.2591258063315715,45552.062293094605
AUS,Australia,2012,405.005,1062662906305.0,22852648.0,1536.113,17.722,0.381,67218.164,1.159,15253.695,5.4,94.6,0.406,1.3,36.206,21.734,36.66,5.4,30.27,250.66,1.4455317776558514,0.263655733660219,46500.64650297856
AUS,Australia,2013,397.85,1086068056518.0,23236271.0,1555.586,17.122,0.366,66946.461,1.128,15651.546,6.173,93.827,0.635,1.528,33.952,22.582,37.294,6.173,35.53,249.56,1.4323098729073231,0.25575570878112813,46740.20442083844
AUS,Australia,2014,392.61,1113888062929.0,23595599.0,1566.458,16.639,0.352,66387.727,1.107,16044.155,5.663,94.337,0.807,1.593,33.424,24.06,36.853,5.663,32.76,247.65,1.4062975016367036,0.2506355101764618,47207.45012360144
AUS,Australia,2015,400.589,1139303344945.0,23947997.0,1601.626,16.727,0.352,66879.32,1.131,16444.744,5.955,94.045,0.983,1.877,33.856,24.43,35.759,5.955,35.8,253.99,1.405794169837462,0.2501139467016644,47574.05577364153
AUS,Australia,2016,409.666,1169967279612.0,24329963.0,1606.889,16.838,0.35,66045.68,1.157,16854.412,6.785,93.215,1.168,2.047,33.746,23.715,35.754,6.785,41.74,258.23,1.3734478117481181,0.25494355864032925,48087.50755650553
AUS,Australia,2017,413.408,1197832839959.0,24731044.0,1602.028,16.716,0.345,64778.02,1.149,17267.818,6.373,93.627,1.397,2.069,32.676,23.361,37.59,6.373,39.19,258.97,1.3374387030955295,0.2580529179265281,48434.38230747558
AUS,Australia,2018,414.781,1231576952488.0,25119700.0,1625.908,16.512,0.337,64726.418,1.129,17682.6,7.848,92.152,1.895,2.5,31.444,22.98,37.728,7.848,49.49,262.63,1.3201838478021066,0.2551073000440369,49028.33045330955
AUS,Australia,2019,414.925,1255505542015.0,25482714.0,1680.293,16.283,0.33,65938.531,1.119,18097.525,8.407,91.593,2.709,2.883,29.097,26.354,36.142,8.407,55.26,265.9,1.3383397713268914,0.24693609983496925,49268.90997619013
AUS,Australia,2020,398.547,1232259790388.0,25743787.0,1585.412,15.481,0.323,61584.258,1.134,18496.072,10.292,89.708,3.737,3.543,29.709,26.858,33.141,10.292,64.28,265.15,1.286589088085722,0.2513838674111209,47866.29839611398
AUS,Australia,2021,388.472,1296705194119.0,25956417.0,1589.323,14.966,0.3,61230.445,1.054,18884.545,12.283,87.717,4.87,4.183,28.679,25.084,33.955,12.283,77.27,267.45,1.2256625539930908,0.24442608582396405,49957.01810920205
AUS,Australia,2022,384.078,1344251444393.0,26200987.0,1660.79,14.659,0.286,63386.535,1.023,19268.623,13.247,86.753,5.598,4.48,25.994,26.231,34.528,13.247,87.44,272.92,1.2354757042868076,0.2312622306251844,51305.37427437371
AUT,Austria,1990,62.191,207979127656.0,7679627.0,333.824,8.098,0.299,43468.785,0.274,3454.718,27.764,72.236,0.0,0.0,14.52,18.877,38.839,27.764,32.64,49.27,1.6050841435980487,0.1862987682131902,27081.930887528782
AUT,Austria,1991,65.79,215992683383.0,7757140.0,349.4,8.481,0.305,45042.395,0.284,3520.508,26.528,73.472,0.0,0.0,14.54,19.106,39.826,26.528,32.65,50.16,1.6176473875295168,0.18829421866056098,27844.370912862214
AUT,Austria,1992,60.291,221400873854.0,7842715.0,344.792,7.688,0.272,43963.363,0.268,3580.799,29.828,70.172,0.0,0.0,11.488,19.052,39.632,29.828,36.16,49.89,1.5573199599355183,0.1748619457528017,28230.1312560765
AUT,Austria,1993,60.711,223462931302.0,7907492.0,352.443,7.678,0.272,44570.805,0.267,3641.509,30.718,69.282,0.001,0.0,10.11,19.612,39.559,30.718,38.05,51.31,1.5771877597170212,0.1722576416612048,28259.646838972458
AUT,Austria,1994,61.08,229749328956.0,7938157.0,349.408,7.694,0.266,44016.273,0.266,3702.589,30.028,69.972,0.001,0.0,10.339,20.34,39.294,30.028,36.9,51.95,1.5208227226940725,0.17480996428244344,28942.401738338005
AUT,Austria,1995,64.063,236824462430.0,7950322.0,367.661,8.058,0.271,46244.852,0.272,3766.652,30.14,69.86,0.001,0.001,11.177,21.102,37.58,30.14,38.91,55.05,1.5524620903918334,0.17424475263897993,29788.03404818069
AUT,Austria,1996,67.41,243480734505.0,7960917.0,375.696,8.468,0.277,47192.613,0.278,3834.063,27.074,72.926,0.001,0.004,10.965,21.941,40.02,27.074,35.79,53.45,1.5430214664162059,0.1794269835185895,30584.50860686024
AUT,Austria,1997,67.305,249847313444.0,7969804.0,380.569,8.445,0.269,47751.309,0.276,3901.367,28.264,71.736,0.001,0.015,11.489,20.89,39.356,28.264,37.82,55.59,1.5232062924915122,0.17685360604778635,31349.24189402901
AUT,Austria,1998,66.937,259776337669.0,7978465.0,389.247,8.39,0.258,48787.238,0.276,3968.305,28.532,71.468,0.001,0.033,9.891,20.972,40.606,28.532,39.03,55.82,1.498392823198424,0.17196535875677912,32559.68882096995
AUT,Austria,1999,65.668,270186173474.0,7993894.0,392.804,8.215,0.243,49137.969,0.264,4033.972,30.668,69.332,0.001,0.037,9.778,21.258,38.296,30.668,42.35,59.72,1.4538271701671643,0.167177523650472,33799.06882352956
AUT,Austria,2000,66.204,280410163017.0,8012929.0,395.171,8.262,0.236,49316.637,0.26,4100.176,31.268,68.732,0.002,0.048,10.958,20.179,37.595,31.268,43.44,59.64,1.4092606193308428,0.1675325365474693,34994.714544082446
AUT,Austria,2001,70.191,285335695766.0,8042233.0,406.593,8.728,0.246,50557.285,0.273,4170.367,29.411,70.589,0.003,0.119,10.987,20.754,38.847,29.411,42.24,60.98,1.4249636692264451,0.17263209155101047,35479.660408496
AUT,Austria,2002,71.988,291231427735.0,8081640.0,406.828,8.908,0.247,50339.801,0.274,4242.355,28.923,71.077,0.006,0.139,11.159,20.398,39.52,28.923,41.9,60.63,1.3969234129847576,0.17694947250435072,36036.17925755169
AUT,Austria,2003,77.412,294489280951.0,8122604.0,407.704,9.53,0.263,50193.703,0.28,4319.767,24.121,75.879,0.01,0.248,11.837,22.313,41.73,24.121,35.24,57.97,1.3844442781869462,0.18987304515040324,36255.52605432938
AUT,Austria,2004,77.716,303692479841.0,8173496.0,422.457,9.508,0.256,51686.262,0.272,4397.483,26.119,73.881,0.012,0.602,11.2,21.761,40.92,26.119,39.62,61.85,1.3910683604058285,0.18396191801769174,37155.76294904898
AUT,Austria,2005,79.095,311441138652.0,8229204.0,431.35,9.612,0.254,52416.992,0.267,4476.579,26.317,73.683,0.013,0.843,11.01,22.447,40.227,26.317,40.88,64.37,1.3850129172626244,0.18336617595919788,37845.84009000142
AUT,Austria,2006,76.796,323236897651.0,8269901.0,425.865,9.286,0.238,51495.746,0.251,4553.375,26.99,73.01,0.014,1.118,11.134,21.357,40.52,26.99,40.66,62.21,1.3175011983310394,0.1803294471252627,39085.945242996255
AUT,Austria,2007,74.092,336303973991.0,8296948.0,420.066,8.93,0.22,50628.93,0.235,4627.467,29.094,70.906,0.016,1.311,10.901,20.5,39.505,29.094,43.17,62.83,1.2490664175477202,0.17638180666847592,40533.455674423894
AUT,Austria,2008,73.466,342892519161.0,8323250.0,424.56,8.827,0.214,51008.945,0.229,4700.934,29.577,70.423,0.019,1.272,10.668,21.729,38.026,29.577,44.53,64.38,1.2381722442905039,0.17304032410024495,41196.95060955756
AUT,Austria,2009,67.302,331119036991.0,8345073.0,409.772,8.065,0.203,49103.516,0.214,4768.235,32.548,67.452,0.032,1.275,8.318,21.955,37.18,32.548,47.18,66.21,1.2375368197604955,0.1642425543961032,39678.387114288875
AUT,Austria,2010,72.0,338832243101.0,8365087.0,421.558,8.607,0.212,50394.973,0.216,4840.235,30.113,69.887,0.056,1.297,9.496,23.202,37.189,30.113,44.99,67.82,1.2441496008227908,0.1707950032972924,40505.52529830234
AUT,Austria,2011,69.892,349713455451.0,8393272.0,395.869,8.327,0.2,47165.023,0.203,4910.127,29.158,70.842,0.116,1.288,10.376,23.216,37.249,29.158,40.91,62.2,1.1319810371307462,0.17655335477140166,41665.92664350685
AUT,Austria,2012,67.26,352093108730.0,8431599.0,414.402,7.977,0.191,49148.723,0.192,4977.388,34.498,65.502,0.214,1.561,9.257,21.22,35.024,34.498,51.33,68.65,1.1769670854813041,0.16230616647603052,41758.758775174196
AUT,Austria,2013,67.759,352182904722.0,8481411.0,410.852,7.989,0.192,48441.508,0.192,5045.146,34.024,65.976,0.397,2.002,9.465,20.356,36.155,34.024,50.5,64.55,1.1665870049095972,0.16492313533827266,41524.093658708436
AUT,Austria,2014,64.159,354511819035.0,8547812.0,394.889,7.506,0.181,46197.699,0.181,5109.305,35.017,64.983,0.516,2.528,9.048,19.405,36.531,35.017,50.2,61.55,1.113895161732291,0.1624735052128573,41473.98410669303
AUT,Austria,2015,66.358,358108266932.0,8644037.0,396.383,7.677,0.185,45856.262,0.187,5175.663,33.052,66.948,0.61,3.149,9.765,20.476,36.708,33.052,47.59,61.78,1.1068803392781432,0.1674087940199252,41428.35887120798
AUT,Austria,2016,67.219,365232738553.0,8737920.0,409.651,7.693,0.184,46881.992,0.19,5242.881,34.026,65.974,0.686,3.274,8.824,20.767,36.383,34.026,51.08,64.87,1.1216163195637359,0.16408845578309342,41798.5903456429
AUT,Austria,2017,69.601,373481694490.0,8798779.0,417.569,7.91,0.186,47457.57,0.193,5312.483,33.213,66.787,0.774,4.009,8.923,22.133,35.732,33.213,51.05,67.09,1.1180440866591934,0.16668143468504606,42446.99116661528
AUT,Austria,2018,66.567,382540042762.0,8841653.0,408.402,7.529,0.174,46190.699,0.181,5379.049,33.139,66.861,0.903,3.742,8.052,21.667,37.142,33.139,50.06,64.67,1.0676058826450496,0.16299381491765463,43265.67020465517
AUT,Austria,2019,67.951,388344674039.0,8880876.0,427.96,7.651,0.175,48188.984,0.183,5447.001,34.189,65.811,1.004,4.395,8.09,21.211,36.51,34.189,54.64,70.69,1.102010735847047,0.15877885783718104,43728.194610419065
AUT,Austria,2020,62.18,363281092036.0,8921402.0,400.144,6.97,0.171,44852.156,0.177,5509.181,36.88,63.12,1.287,4.28,7.409,21.762,33.949,36.88,55.42,69.03,1.1014721348622982,0.15539405813906992,40720.17963499459
AUT,Austria,2021,65.751,379835198584.0,8967053.0,406.335,7.333,0.173,45314.195,0.178,5574.932,34.638,65.362,1.714,4.165,7.567,22.618,35.177,34.638,52.75,66.67,1.0697665764383855,0.16181475875816753,42358.977758244546
AUT,Austria,2022,61.454,398815419150.0,9064678.0,381.823,6.78,0.154,42122.105,0.164,5636.386,35.134,64.866,2.481,4.749,7.704,21.121,36.042,35.134,50.41,64.47,0.9573927728616508,0.16094892135884953,43996.64490564364
AZE,Azerbaijan,1990,51.345,53235601363.0,7231084.0,260.551,7.101,0.964,36032.113,0.226,1441.995,1.77,98.23,0.0,0.0,0.398,59.257,38.576,1.77,1.658,23.152,4.8942999295409315,0.19706314694627924,7362.049917135522
AZE,Azerbaijan,1991,50.074,53426621017.0,7314317.0,250.351,6.846,0.937,34227.562,0.216,1492.069,1.954,98.046,0.0,0.0,0.312,59.019,38.715,1.954,1.759,23.449,4.685884962111677,0.20001517868912047,7304.389598782771
AZE,Azerbaijan,1992,56.174,41795295334.0,7405781.0,214.394,7.585,1.344,28949.521,0.249,1548.243,2.267,97.733,0.0,0.0,0.065,53.61,44.058,2.267,1.747,19.763,5.129620410304719,0.2620129294663097,5643.6040080040175
AZE,Azerbaijan,1993,48.406,32486438953.0,7504119.0,185.98,6.451,1.49,24783.752,0.213,1596.649,3.632,96.368,0.0,0.0,0.019,45.658,50.691,3.632,2.426,19.051,5.724850306586942,0.26027529841918484,4329.147625857213
AZE,Azerbaijan,1994,41.945,26372096369.0,7608894.0,170.865,5.513,1.591,22455.918,0.183,1638.594,2.981,97.019,0.0,0.0,0.027,46.47,50.522,2.981,1.83,17.571,6.479007114536758,0.2454862025575747,3465.956598817121
AZE,Azerbaijan,1995,33.309,23188276303.0,7719283.0,160.648,4.315,1.436,20811.258,0.142,1671.904,2.695,97.305,0.0,0.0,0.022,48.847,48.437,2.695,1.556,17.044,6.927983688861602,0.20734151685673022,3003.9417265826373
AZE,Azerbaijan,1996,31.242,24026379639.0,7830981.0,131.741,3.99,1.3,16823.014,0.129,1703.146,3.248,96.752,0.0,0.0,0.027,43.653,53.073,3.248,1.537,17.085,5.483181485493384,0.23714712959519055,3068.118750256194
AZE,Azerbaijan,1997,29.843,26436933201.0,7936220.0,126.155,3.76,1.129,15896.062,0.122,1732.989,3.779,96.221,0.0,0.0,0.028,43.429,52.764,3.779,1.712,16.836,4.771922637200145,0.23655820221156515,3331.1744383346227
AZE,Azerbaijan,1998,31.785,28328460213.0,8025808.0,126.645,3.96,1.122,15779.74,0.131,1764.774,4.291,95.709,0.0,0.0,0.0,40.384,55.325,4.291,1.951,17.995,4.470592437702713,0.25097714082672035,3529.670808596468
AZE,Azerbaijan,1999,28.822,31898574736.0,8100472.0,126.353,3.558,0.904,15598.277,0.116,1793.595,3.318,96.682,0.0,0.0,0.0,43.348,53.334,3.318,1.506,18.176,3.9610860687578278,0.22810697015504183,3937.8661806373752
AZE,Azerbaijan,2000,29.765,34255707098.0,8174784.0,132.055,3.641,0.869,16153.973,0.117,1823.361,3.233,96.767,0.0,0.0,0.0,40.088,56.678,3.233,1.52,18.68,3.854978080651266,0.22539850819734203,4190.411281570253
AZE,Azerbaijan,2001,28.415,36862177017.0,8251776.0,127.227,3.444,0.771,15418.192,0.111,1851.776,2.83,97.17,0.0,0.0,0.027,59.667,37.476,2.83,1.29,18.96,3.4514239335708736,0.22334095750115934,4467.181006488785
AZE,Azerbaijan,2002,28.57,40295217200.0,8326141.0,125.609,3.431,0.709,15086.057,0.109,1880.346,4.419,95.581,0.0,0.0,0.019,60.673,34.89,4.419,2.0,18.68,3.117218586428168,0.22745185456456146,4839.603028581909
AZE,Azerbaijan,2003,30.488,44994637993.0,8400528.0,136.035,3.629,0.678,16193.649,0.11,1910.834,4.963,95.037,0.0,0.0,0.026,57.466,37.545,4.963,2.44,21.26,3.0233602506406103,0.2241187929576947,5356.167849568504
AZE,Azerbaijan,2004,32.253,50107477354.0,8489874.0,153.898,3.799,0.644,18127.234,0.113,1943.087,4.866,95.134,0.0,0.0,0.007,59.557,35.57,4.866,2.73,21.72,3.0713579714408548,0.20957387360459526,5902.0283874648785
AZE,Azerbaijan,2005,34.194,64019175136.0,8597248.0,166.837,3.977,0.534,19405.906,0.116,1977.281,4.864,95.136,0.0,0.0,0.023,56.752,38.361,4.864,2.98,22.84,2.6060473232524095,0.20495453646373407,7446.473003454129
AZE,Azerbaijan,2006,34.522,87026407066.0,8711380.0,164.092,3.963,0.397,18836.461,0.113,2011.802,4.114,95.886,0.0,0.0,0.023,60.966,34.897,4.114,2.49,24.51,1.8855426247294593,0.21038198084001658,9989.967957545188
AZE,Azerbaijan,2007,30.037,109944254894.0,8828313.0,151.071,3.402,0.273,17112.117,0.095,2041.839,4.173,95.827,0.0,0.0,0.039,58.305,37.484,4.173,2.34,21.82,1.3740690693265538,0.1988270415897161,12453.597294749292
AZE,Azerbaijan,2008,33.037,123130002462.0,8942637.0,151.163,3.694,0.268,16903.684,0.103,2074.876,3.906,96.094,0.0,0.0,0.03,66.658,29.406,3.906,2.21,21.62,1.227669917789951,0.21855215892777993,13768.86956968062
AZE,Azerbaijan,2009,29.103,136020226283.0,9046336.0,130.168,3.217,0.214,14389.062,0.092,2103.978,4.673,95.327,0.0,0.004,0.038,66.127,29.162,4.673,2.29,18.85,0.9569753231344873,0.223580296232561,15035.946739431301
AZE,Azerbaijan,2010,27.549,144296577620.0,9146852.0,128.439,3.012,0.191,14041.92,0.083,2131.527,7.021,92.979,0.0,0.001,0.038,63.81,29.131,7.021,3.41,18.67,0.8901042707903969,0.21449092565342304,15775.545249884879
AZE,Azerbaijan,2011,30.21,145980469968.0,9256156.0,145.739,3.264,0.207,15745.113,0.088,2161.738,4.771,95.229,0.0,0.0,0.029,61.495,33.705,4.771,2.65,20.27,0.9983458748416625,0.20728837167813693,15771.17649788962
AZE,Azerbaijan,2012,32.77,149196415149.0,9376179.0,150.091,3.495,0.22,16007.676,0.094,2194.508,3.133,96.867,0.0,0.0,0.029,62.598,34.24,3.133,1.8,22.97,1.0059960210847332,0.21833421057891547,15912.283153830575
AZE,Azerbaijan,2013,33.559,157913964589.0,9504417.0,154.212,3.531,0.213,16225.271,0.095,2228.067,2.612,97.388,0.001,0.001,0.025,61.174,36.189,2.612,1.56,23.25,0.9765570790484867,0.21761600913028817,16614.797581903236
AZE,Azerbaijan,2014,34.345,162332395164.0,9631136.0,157.241,3.566,0.212,16326.349,0.097,2262.411,2.288,97.712,0.005,0.004,0.015,62.759,34.938,2.288,1.37,24.63,0.9686359881596258,0.2184226760196132,16854.958248331244
AZE,Azerbaijan,2015,34.683,164036906588.0,9752859.0,171.826,3.556,0.211,17618.029,0.098,2297.095,2.596,97.404,0.007,0.007,0.02,64.974,32.41,2.596,1.71,24.57,1.0474837862650221,0.20184954547041775,16819.36615591387
AZE,Azerbaijan,2016,34.727,159010796104.0,9868434.0,170.192,3.519,0.218,17246.135,0.098,2331.822,3.145,96.855,0.052,0.034,0.008,64.353,32.494,3.145,2.09,24.85,1.0703172625378656,0.20404601861427094,16113.072864853735
AZE,Azerbaijan,2017,34.698,159255674569.0,9968510.0,166.954,3.481,0.218,16748.137,0.096,2366.52,2.868,97.132,0.056,0.033,0.007,63.703,33.421,2.868,1.88,24.22,1.0483394105223207,0.20782970159445116,15975.875488814276
AZE,Azerbaijan,2018,34.576,161644514845.0,10039782.0,176.167,3.444,0.214,17546.863,0.094,2401.096,2.817,97.183,0.056,0.117,0.005,61.502,35.676,2.817,1.95,25.13,1.0898421153908349,0.1962683135888106,16100.400869759922
AZE,Azerbaijan,2019,37.753,165653307401.0,10110483.0,185.891,3.734,0.228,18385.926,0.102,2438.849,2.451,97.549,0.059,0.141,0.004,63.517,34.028,2.451,1.79,25.95,1.122168961891055,0.20309213463804057,16384.311946422342
AZE,Azerbaijan,2020,36.237,158697520949.0,10181736.0,184.929,3.559,0.228,18162.768,0.103,2475.086,1.79,98.21,0.063,0.128,0.002,66.945,31.262,1.79,1.32,25.75,1.1652923050980104,0.19595087844524114,15586.489469870365
AZE,Azerbaijan,2021,38.3,167584576527.0,10234372.0,197.549,3.742,0.229,19302.547,0.104,2513.385,1.93,98.07,0.069,0.114,0.001,64.956,33.113,1.93,1.52,27.79,1.1788017972415996,0.19387594976436226,16374.68097964389
AZE,Azerbaijan,2022,41.175,175370552026.0,10295307.0,210.286,3.999,0.235,20425.451,0.11,2554.56,2.188,97.812,0.071,0.097,0.0,64.834,32.978,2.188,1.84,28.94,1.1990952732407636,0.19580476113483541,17034.028419550774
BHR,Bahrain,1990,11.494,3274114078.0,514799.0,75.094,22.327,3.511,145869.828,0.051,237.156,,,,,,,,,,,22.935669989199443,0.1530614962580233,6359.985310771777
BHR,Bahrain,1991,11.329,3651056951.0,531883.0,84.05,21.3,3.103,158023.719,0.049,248.485,,,,,,,,,,,23.0207310178986,0.13478881618084473,6864.398657223487
BHR,Bahrain,1992,10.402,4256667780.0,547753.0,70.512,18.99,2.444,128730.188,0.046,258.887,,,,,,,,,,,16.565070060506343,0.14752098933514862,7771.144621754696
BHR,Bahrain,1993,16.748,4978466441.0,562820.0,84.209,29.758,3.364,149619.297,0.074,275.635,,,,,,,,,,,16.914646507707573,0.19888610481064972,8845.574856970257
BHR,Bahrain,1994,14.352,5580193474.0,577960.0,82.967,24.832,2.572,143550.953,0.062,289.987,,,,,,,,,,,14.868122473991482,0.17298443959646606,9654.982133711675
BHR,Bahrain,1995,14.744,6161508997.0,593230.0,83.113,24.854,2.393,140103.281,0.063,304.731,,,,,,,,,,,13.489065753286605,0.17739703776785823,10386.374588270992
BHR,Bahrain,1996,15.942,6872042752.0,608593.0,83.316,26.195,2.32,136899.297,0.066,320.673,,,,,,,,,,,12.12390594859908,0.19134379951029815,11291.688783801324
BHR,Bahrain,1997,17.221,7574288621.0,624019.0,98.161,27.597,2.274,157304.031,0.071,337.894,,,,,,,,,,,12.959764924701302,0.17543627306160287,12137.913462570852
BHR,Bahrain,1998,18.276,8524455571.0,639391.0,103.041,28.583,2.144,161154.859,0.075,356.17,,,,,,,,,,,12.08769277307786,0.17736629108801352,13332.148201960928
BHR,Bahrain,1999,18.254,9667911784.0,654622.0,105.72,27.885,1.888,161497.344,0.073,374.424,,,,,,,,,,,10.935143220375913,0.1726636398032539,14768.693664435354
BHR,Bahrain,2000,19.199,11032289188.0,669589.0,111.877,28.673,1.74,167083.141,0.075,393.623,,,,,,,,,0.0,13.86,10.140869052063142,0.17160810532996057,16476.210314088195
BHR,Bahrain,2001,19.679,12074987722.0,699964.0,115.79,28.115,1.63,165423.172,0.077,413.303,,,,,,,,,0.0,14.62,9.589243704905524,0.16995422748078418,17250.869647581876
BHR,Bahrain,2002,20.112,13787453002.0,752205.0,123.547,26.737,1.459,164246.484,0.077,433.414,,,,,,,,,0.0,15.26,8.960828369248356,0.1627882506252681,18329.382285414216
BHR,Bahrain,2003,20.976,16535287306.0,811276.0,129.081,25.856,1.269,159109.156,0.076,454.391,,,,,,,,,0.0,15.7,7.8063959586091745,0.16250261463732077,20381.827277030257
BHR,Bahrain,2004,21.204,19633464819.0,871446.0,133.713,24.331,1.08,153438.219,0.074,475.594,,,,,,,,,0.0,16.15,6.810463727757374,0.15857844786969105,22529.754934901302
BHR,Bahrain,2005,24.487,22873324996.0,932618.0,150.004,26.256,1.071,160842.312,0.083,500.081,,,,,,,,,0.0,19.37,6.558032119345663,0.16324231353830565,24525.93129877399
BHR,Bahrain,2006,24.036,26149797771.0,994626.0,160.051,24.166,0.919,160915.672,0.079,524.117,,,,,,,,,0.0,21.04,6.120544464687822,0.15017713103948116,26291.08606752689
BHR,Bahrain,2007,26.626,30119518073.0,1057419.0,164.328,25.18,0.884,155404.359,0.085,550.743,,,,,,,,,0.0,21.72,5.4558641875252425,0.16202959933790956,28483.99553346403
BHR,Bahrain,2008,29.525,33548850204.0,1120718.0,172.081,26.344,0.88,153545.766,0.092,580.268,,,,,,,,,0.0,22.82,5.129266694793699,0.1715761763355629,29935.1399763366
BHR,Bahrain,2009,28.138,35937223742.0,1183616.0,170.371,23.773,0.783,143941.156,0.089,608.405,,,,,,,,,0.0,22.56,4.740794704207677,0.1651572157233332,30362.23212764951
BHR,Bahrain,2010,29.143,39778047298.0,1213248.0,172.235,24.02,0.733,141961.703,0.087,637.548,,,,,,,,,0.0,23.82,4.329900829713675,0.16920486544546695,32786.41077339505
BHR,Bahrain,2011,28.544,43727144774.0,1206733.0,170.415,23.654,0.653,141220.125,0.083,666.092,,,,,,,,,0.0,24.34,3.8972359361850706,0.1674969926356248,36235.97330478242
BHR,Bahrain,2012,27.202,45357290589.0,1216307.0,183.069,22.365,0.6,150511.938,0.078,693.294,,,,,,,,,0.0,24.77,4.0361537830568235,0.14858878346415832,37290.9886969326
BHR,Bahrain,2013,31.228,47813841200.0,1257206.0,203.591,24.839,0.653,161939.016,0.089,724.523,,,,,,,,,0.0,25.91,4.257992976309964,0.15338595517483583,38031.82708323059
BHR,Bahrain,2014,30.971,49894227022.0,1312857.0,201.809,23.59,0.621,153717.312,0.087,755.493,,,,,,,,,0.01,27.26,4.04473647644678,0.1534668919622019,38004.31198675865
BHR,Bahrain,2015,32.521,51134096686.0,1369656.0,203.591,23.744,0.636,148644.031,0.092,788.014,,,,,,,,,0.01,28.49,3.9815116173889735,0.1597369235378774,37333.53242419995
BHR,Bahrain,2016,31.635,52953446666.0,1429609.0,203.139,22.129,0.597,142093.938,0.089,819.649,,,,,,,,,0.01,28.52,3.836180886983324,0.1557308050152851,37040.510143682644
BHR,Bahrain,2017,32.917,55226208950.0,1482003.0,208.111,22.211,0.596,140425.516,0.091,852.566,,,,,,,,,0.01,29.23,3.7683376055817424,0.15817039945029335,37264.57297994674
BHR,Bahrain,2018,32.698,56391482183.0,1497634.0,211.518,21.833,0.58,141234.797,0.089,885.265,,,,,,,,,0.01,29.55,3.750885626903509,0.15458731644588167,37653.71391341276
BHR,Bahrain,2019,37.616,57613480945.0,1485675.0,231.259,25.319,0.653,155659.125,0.101,922.881,,,,,,,,,0.02,33.11,4.013973747234064,0.16265745333154602,38779.32989718478
BHR,Bahrain,2020,37.429,54937336615.0,1483081.0,228.863,25.238,0.681,154316.016,0.106,960.31,,,,,,,,,0.02,33.38,4.165891797847215,0.1635432551351682,37042.708129225575
BHR,Bahrain,2021,36.265,56404169544.0,1501762.0,239.125,24.148,0.643,159229.719,0.098,996.575,,,,,,,,,0.04,33.91,4.239491547047109,0.15165708311552537,37558.66078912637
BHR,Bahrain,2022,37.827,58769760175.0,1533460.0,236.926,24.668,0.644,154504.281,0.101,1034.402,,,,,,,,,0.08,35.68,4.031427034830503,0.1596574457847598,38324.938488777014
BGD,Bangladesh,1990,14.082,112105268328.0,111633722.0,73.856,0.126,0.126,661.596,0.062,209.894,3.332,96.668,0.0,0.0,4.441,62.067,30.161,3.332,0.884,7.732,0.6588093592881873,0.19066832755632582,1004.2240491452932
BGD,Bangladesh,1991,14.753,117331560870.0,113787112.0,71.255,0.13,0.126,626.21,0.064,224.647,3.274,96.726,0.0,0.0,1.472,66.251,29.004,3.274,0.838,8.27,0.6072961057677269,0.20704511964072697,1031.1498271438684
BGD,Bangladesh,1992,15.391,123425133934.0,115952198.0,77.711,0.133,0.125,670.195,0.068,240.038,2.851,97.149,0.0,0.0,1.266,66.226,29.657,2.851,0.796,8.894,0.6296205442365973,0.19805432950290178,1064.4484198048578
BGD,Bangladesh,1993,16.074,129907345176.0,118132363.0,85.436,0.136,0.124,723.221,0.071,256.111,1.979,98.021,0.0,0.0,0.429,67.391,30.201,1.979,0.608,9.206,0.6576687398564747,0.18814083056322864,1099.6761757487234
BGD,Bangladesh,1994,17.553,137432659561.0,120343183.0,90.69,0.146,0.128,753.595,0.076,273.664,2.599,97.401,0.0,0.0,0.379,67.359,29.664,2.599,0.847,9.784,0.6598868150386547,0.19354945418458486,1142.0061870974446
BGD,Bangladesh,1995,21.056,145833067614.0,122600372.0,107.109,0.172,0.144,873.64,0.09,294.721,0.965,99.035,0.0,0.0,3.486,62.988,32.561,0.965,0.372,10.806,0.7344630525327955,0.19658478745950386,1189.4993892351322
BGD,Bangladesh,1996,21.507,155028875281.0,124862185.0,112.202,0.172,0.139,898.61,0.089,316.228,1.832,98.168,0.0,0.0,1.826,64.571,31.772,1.832,0.739,11.474,0.7237490422131136,0.19168107520365055,1241.599890959781
BGD,Bangladesh,1997,23.144,165329622112.0,127198070.0,117.891,0.182,0.14,926.829,0.095,339.372,1.696,98.304,0.0,0.0,3.189,60.404,34.711,1.696,0.719,11.858,0.7130664093584909,0.19631693683147994,1299.7809016441838
BGD,Bangladesh,1998,23.216,175900627375.0,129622332.0,125.559,0.179,0.132,968.654,0.096,362.588,1.916,98.084,0.0,0.0,0.862,61.293,35.928,1.916,0.865,12.882,0.7138064364734902,0.18490112218160387,1357.024091921136
BGD,Bangladesh,1999,25.093,187794887949.0,132108065.0,126.985,0.19,0.134,961.223,0.101,387.682,1.824,98.176,0.0,0.0,0.422,66.072,31.682,1.824,0.833,14.45,0.6761898653731495,0.19760601645863685,1421.5247793463632
BGD,Bangladesh,2000,26.539,200824294390.0,134544303.0,136.255,0.197,0.132,1012.713,0.104,414.221,1.625,98.375,0.0,0.0,2.818,66.547,29.01,1.625,0.94,15.94,0.6784786691962343,0.19477450368793806,1492.6257739058635
BGD,Bangladesh,2001,31.064,213164797419.0,136805810.0,155.691,0.227,0.146,1138.044,0.121,445.285,1.831,98.169,0.0,0.0,2.616,65.223,30.329,1.831,0.98,17.38,0.7303785704070611,0.19952341496939452,1558.1560272842214
BGD,Bangladesh,2002,32.007,226285297151.0,138933659.0,156.245,0.23,0.141,1124.599,0.122,477.292,1.454,98.546,0.0,0.0,2.722,68.358,27.466,1.454,1.05,18.95,0.6904779142399952,0.20485135524336776,1628.7291271224635
BGD,Bangladesh,2003,33.496,242325893842.0,140970355.0,165.108,0.238,0.138,1171.225,0.121,510.788,1.353,98.647,0.001,0.0,2.463,69.578,26.607,1.353,1.12,20.07,0.6813469141999856,0.20287327082879086,1718.9847740824657
BGD,Bangladesh,2004,35.978,260372737862.0,142902857.0,175.497,0.252,0.138,1228.083,0.126,546.766,1.233,98.767,0.003,0.0,2.32,70.369,26.078,1.233,1.21,25.13,0.6740221785163049,0.20500635338495815,1822.0261184981068
BGD,Bangladesh,2005,37.717,280264340330.0,144715789.0,190.247,0.261,0.135,1314.626,0.127,584.483,1.123,98.877,0.005,0.0,4.391,69.766,24.72,1.123,1.28,26.96,0.6788127229314718,0.19825279767880702,1936.653507310111
BGD,Bangladesh,2006,41.726,303255436424.0,146405983.0,205.884,0.285,0.138,1406.255,0.136,626.208,1.051,98.949,0.007,0.002,6.165,69.809,22.975,1.051,1.39,30.16,0.6789128083829006,0.20266752151697073,2071.3322653214245
BGD,Bangladesh,2007,42.675,327072515722.0,147989282.0,211.754,0.288,0.13,1430.873,0.135,668.884,1.037,98.963,0.011,0.002,4.891,72.47,21.601,1.037,0.76,30.99,0.6474221764936782,0.20153102184610444,2210.109484293599
BGD,Bangladesh,2008,45.341,349461394439.0,149474264.0,222.951,0.303,0.13,1491.569,0.141,714.225,1.224,98.776,0.018,0.003,4.891,73.509,20.376,1.224,0.96,34.23,0.6379846344913417,0.2033675560997708,2337.93688015082
BGD,Bangladesh,2009,49.188,372693237092.0,150873716.0,245.344,0.326,0.132,1626.153,0.156,763.414,0.513,99.487,0.027,0.005,5.551,76.434,17.502,0.513,0.47,37.23,0.6583001127531498,0.20048584844137213,2470.2330331149265
BGD,Bangladesh,2010,54.036,400087800634.0,152201978.0,251.074,0.355,0.135,1649.613,0.162,817.449,0.834,99.166,0.046,0.005,3.457,76.727,18.982,0.834,0.83,40.86,0.6275472523834394,0.21521941738292297,2628.663607998577
BGD,Bangladesh,2011,55.593,431418704062.0,153591074.0,271.629,0.362,0.129,1768.521,0.161,873.042,0.995,99.005,0.118,0.005,4.758,72.137,22.11,0.995,0.98,44.22,0.62961804261728,0.20466518670686856,2808.878750740424
BGD,Bangladesh,2012,59.704,458456647637.0,155070110.0,295.028,0.385,0.13,1902.543,0.171,932.746,0.846,99.154,0.136,0.004,3.614,72.358,23.182,0.846,0.91,48.62,0.6435243147212456,0.20236723294060224,2956.447555476681
BGD,Bangladesh,2013,64.763,486135250102.0,156532134.0,306.577,0.414,0.133,1958.554,0.184,997.508,0.813,99.187,0.162,0.004,4.817,71.643,22.727,0.813,1.07,53.34,0.6306413697333707,0.21124546198834226,3105.6578459602424
BGD,Bangladesh,2014,67.552,516793803718.0,157964931.0,318.558,0.428,0.131,2016.64,0.19,1065.06,0.686,99.314,0.185,0.004,2.937,72.301,24.076,0.686,0.78,56.05,0.6164121893648482,0.21205557543681214,3271.573003238295
BGD,Bangladesh,2015,76.946,552104723056.0,159383179.0,385.102,0.483,0.139,2416.201,0.217,1142.006,0.793,99.207,0.175,0.003,7.958,67.169,24.079,0.793,0.8,59.29,0.6975162209596586,0.19980680443103385,3464.008727395254
BGD,Bangladesh,2016,81.761,589932630231.0,160811934.0,386.701,0.508,0.139,2404.679,0.231,1223.768,0.74,99.26,0.143,0.003,5.96,68.434,24.866,0.74,1.24,69.09,0.6555002727151733,0.2114320883576717,3668.4630024473186
BGD,Bangladesh,2017,86.531,630957812405.0,162186146.0,402.965,0.534,0.137,2484.585,0.241,1310.298,0.857,99.143,0.181,0.003,6.236,66.028,26.879,0.857,1.29,73.45,0.6386560116658708,0.21473577109674538,3890.331128560142
BGD,Bangladesh,2018,86.608,678912369102.0,163523109.0,430.288,0.53,0.128,2631.359,0.236,1396.906,0.708,99.292,0.182,0.003,6.642,63.774,28.876,0.708,1.4,79.15,0.6337901908741824,0.20127914327148327,4151.7824193398865
BGD,Bangladesh,2019,94.808,717214595514.0,164913060.0,482.562,0.575,0.132,2926.16,0.256,1491.714,0.64,99.36,0.192,0.003,9.964,64.13,25.266,0.64,1.19,85.11,0.6728279137350327,0.19646801861729685,4349.0466765579395
BGD,Bangladesh,2020,95.729,754358367084.0,166298024.0,457.447,0.576,0.127,2750.767,0.272,1587.443,0.653,99.347,0.248,0.003,11.448,65.423,22.476,0.653,1.25,85.46,0.6064054167892088,0.20926795891108696,4536.183587388868
BGD,Bangladesh,2021,98.53,807308397444.0,167658855.0,492.47,0.588,0.122,2937.336,0.267,1685.974,0.671,99.329,0.307,0.003,8.595,62.179,28.555,0.671,1.35,95.65,0.6100147125425645,0.2000731008995472,4815.184962607552
BGD,Bangladesh,2022,102.147,858143907016.0,169384891.0,512.174,0.603,0.119,3023.729,0.272,1788.121,0.693,99.307,0.311,0.002,10.821,56.034,32.453,0.693,1.59,102.25,0.596839289788782,0.19943808158945983,5066.236439093024
BRB,Barbados,1990,1.037,3404428000.0,258583.0,5.502,4.011,0.305,21275.953,0.005,18.372,,,,,,,,,,,1.6161305217792827,0.18847691748455106,13165.706949026038
BRB,Barbados,1991,1.184,3234507041.0,259382.0,5.563,4.563,0.366,21446.906,0.005,19.555,,,,,,,,,,,1.7198911393558471,0.21283480136616933,12470.052050643453
BRB,Barbados,1992,1.164,3028225649.0,260272.0,5.876,4.473,0.384,22578.002,0.005,20.72,,,,,,,,,,,1.9404102207312095,0.1980939414567733,11634.849883967541
BRB,Barbados,1993,0.936,3017396976.0,261036.0,5.727,3.584,0.31,21938.947,0.004,21.655,,,,,,,,,,,1.8979935505841112,0.16343635411210058,11559.313565944927
BRB,Barbados,1994,0.94,3045284405.0,261625.0,5.431,3.593,0.309,20759.801,0.004,22.595,,,,,,,,,,,1.783413066800242,0.17308046400294605,11639.883057811754
BRB,Barbados,1995,1.023,3074994312.0,262046.0,5.637,3.903,0.333,21510.744,0.004,23.618,,,,,,,,,,,1.8331741226323284,0.18147951037786053,11734.55924532334
BRB,Barbados,1996,1.05,3163661977.0,262290.0,5.061,4.002,0.332,19295.631,0.004,24.668,,,,,,,,,,,1.5997284276239856,0.2074688796680498,12061.694982652789
BRB,Barbados,1997,1.156,3273617373.0,262405.0,6.093,4.404,0.353,23220.135,0.005,25.823,,,,,,,,,,,1.8612437880656372,0.18972591498440833,12475.438246222442
BRB,Barbados,1998,1.228,3356270425.0,262434.0,6.189,4.678,0.366,23582.225,0.005,27.051,,,,,,,,,,,1.8440111243419846,0.1984165454839231,12789.007617153266
BRB,Barbados,1999,1.302,3340959870.0,262521.0,6.479,4.958,0.39,24680.318,0.005,28.353,,,,,,,,,,,1.9392630417916394,0.20095693779904306,12726.448055584126
BRB,Barbados,2000,1.309,3452406154.0,262071.0,6.965,4.995,0.379,26578.361,0.005,29.662,,,,,,,,,0.0,0.79,2.0174335490423876,0.1879396984924623,13173.552792945424
BRB,Barbados,2001,1.307,3330849682.0,262429.0,6.97,4.982,0.393,26557.926,0.005,30.969,,,,,,,,,0.0,0.83,2.0925591562015136,0.18751793400286945,12692.38415723872
BRB,Barbados,2002,1.317,3319030722.0,264155.0,7.016,4.985,0.397,26561.965,0.005,32.286,,,,,,,,,0.0,0.86,2.113870158987941,0.18771379703534777,12564.709060967993
BRB,Barbados,2003,1.358,3362359775.0,265789.0,7.091,5.111,0.404,26680.176,0.005,33.645,,,,,,,,,0.0,0.87,2.1089355317427327,0.19151036525172754,12650.485065220908
BRB,Barbados,2004,1.387,3369967163.0,267297.0,7.144,5.188,0.412,26727.373,0.005,35.032,,,,,,,,,0.0,0.89,2.1199019617865638,0.19414893617021275,12607.575704179246
BRB,Barbados,2005,1.429,3466246054.0,268717.0,7.199,5.318,0.412,26791.811,0.005,36.461,,,,,,,,,0.0,0.99,2.076886605234632,0.19849979163772746,12899.243642940342
BRB,Barbados,2006,1.471,3622055423.0,270011.0,7.216,5.448,0.406,26723.955,0.005,37.932,,,,,,,,,0.0,1.02,1.9922389796076845,0.20385254988913526,13414.473569595313
BRB,Barbados,2007,1.469,3642717925.0,271298.0,6.884,5.415,0.403,25376.07,0.005,39.401,,,,,,,,,0.0,1.05,1.889797711965304,0.21339337594421848,13426.99881679924
BRB,Barbados,2008,1.733,3618468400.0,272719.0,8.118,6.356,0.479,29765.596,0.005,41.134,,,,,,,,,0.0,1.05,2.2434906437209734,0.21347622567134764,13268.1199329713
BRB,Barbados,2009,1.7,3446882402.0,274137.0,7.651,6.2,0.493,27907.617,0.005,42.834,,,,,,,,,0.0,1.07,2.2196869831012007,0.2221931773624363,12573.575993025384
BRB,Barbados,2010,1.567,3418936167.0,275251.0,7.37,5.692,0.458,26773.963,0.005,44.4,,,,,,,,,0.0,1.03,2.155641298932739,0.21261872455902306,12421.158023040789
BRB,Barbados,2011,1.626,3406690000.0,276150.0,7.744,5.889,0.477,28044.492,0.005,46.027,,,,,,,,,0.0,1.04,2.273174254188083,0.2099690082644628,12336.375158428391
BRB,Barbados,2012,1.554,3415680000.0,276949.0,7.279,5.612,0.455,26282.139,0.004,47.581,,,,,,,,,0.0,1.13,2.1310544313284616,0.21349086412968815,12333.245471187836
BRB,Barbados,2013,1.54,3412801000.0,277669.0,7.386,5.546,0.451,26601.328,0.004,49.121,,,,,,,,,0.0,1.01,2.1642047104416577,0.20850257243433523,12290.896715153654
BRB,Barbados,2014,1.368,3416200000.0,278355.0,6.413,4.913,0.4,23038.891,0.004,50.488,,,,,,,,,0.01,1.03,1.877232012177273,0.21331670045220646,12272.817086095094
BRB,Barbados,2015,1.335,3448059000.0,278999.0,6.816,4.784,0.387,24428.852,0.004,51.823,,,,,,,,,0.01,1.04,1.9767643187080035,0.19586267605633803,12358.678704941594
BRB,Barbados,2016,1.371,3528285767.0,279604.0,6.939,4.905,0.389,24818.07,0.004,53.194,,,,,,,,,0.02,1.05,1.966677434379141,0.1975789018590575,12618.86728015336
BRB,Barbados,2017,1.399,3554020089.0,280177.0,6.563,4.994,0.394,23423.18,0.004,54.594,,,,,,,,,0.03,1.04,1.8466412219539934,0.21316471126009448,12684.910213900499
BRB,Barbados,2018,1.447,3526291932.0,280719.0,7.31,5.154,0.41,26041.184,0.004,56.041,,,,,,,,,0.03,1.04,2.072999099610565,0.19794801641586868,12561.643251792719
BRB,Barbados,2019,1.392,3535586950.0,281216.0,7.094,4.95,0.394,25226.578,0.004,57.432,,,,,,,,,0.04,1.06,2.0064560991775355,0.19622215957146885,12572.495697257624
BRB,Barbados,2020,1.256,3085224475.0,281706.0,5.741,4.457,0.407,20380.818,0.004,58.688,,,,,,,,,0.07,1.06,1.8608046339966884,0.21877721651280266,10951.930292574529
BRB,Barbados,2021,1.19,3061072053.0,282157.0,5.49,4.218,0.389,19455.912,0.003,59.878,,,,,,,,,0.08,1.06,1.7934893086294823,0.2167577413479053,10848.825487228742
BRB,Barbados,2022,1.315,3408005977.0,282324.0,5.932,4.658,0.386,21012.291,0.004,61.193,,,,,,,,,0.08,1.09,1.7406072759361244,0.22167902899527983,12071.2584725351
BLR,Belarus,1990,108.459,116974867000.0,10186258.0,465.973,10.648,0.927,45745.211,0.477,3049.483,0.012,99.988,0.0,0.0,5.303,27.754,66.931,0.012,0.02,39.526,3.9835309237838246,0.2327581211786949,11483.595546077862
BLR,Belarus,1991,104.186,114005544177.0,10193889.0,464.906,10.22,0.914,45606.363,0.449,3153.669,0.011,99.989,0.0,0.0,5.049,29.113,65.827,0.011,0.018,38.735,4.077924484779507,0.22410121615982587,11183.71449571405
BLR,Belarus,1992,93.597,101880793628.0,10217561.0,404.953,9.16,0.919,39633.062,0.416,3247.266,0.012,99.988,0.0,0.0,4.828,38.814,56.346,0.012,0.017,37.595,3.974772727807907,0.23113052625860284,9971.14611089672
BLR,Belarus,1993,80.674,93050209032.0,10241320.0,337.871,7.877,0.867,32991.0,0.355,3327.941,0.016,99.984,0.0,0.0,4.969,43.163,51.852,0.016,0.019,33.369,3.6310611605805856,0.23877160217953006,9085.763264110486
BLR,Belarus,1994,67.99,81212667307.0,10230193.0,282.204,6.646,0.837,27585.434,0.296,3395.93,0.019,99.981,0.0,0.0,4.169,45.175,50.637,0.019,0.019,31.397,3.4748766338779746,0.24092500460659666,7938.527387215471
BLR,Belarus,1995,61.015,71373341741.0,10197466.0,250.706,5.983,0.855,24585.137,0.259,3456.945,0.022,99.978,0.0,0.0,4.416,45.975,49.587,0.022,0.02,24.918,3.512599997205727,0.24337271545156478,6999.125247487955
BLR,Belarus,1996,61.844,72504136402.0,10164025.0,257.138,6.085,0.853,25298.854,0.255,3518.789,0.017,99.983,0.0,0.0,5.225,47.206,47.552,0.017,0.016,23.728,3.546528691470724,0.2405089873919841,7133.407916843967
BLR,Belarus,1997,61.697,79868071251.0,10122365.0,260.101,6.095,0.772,25695.682,0.253,3580.486,0.022,99.978,0.0,0.0,5.443,53.38,41.154,0.022,0.021,26.057,3.2566330440431583,0.23720400921180618,7890.257983287503
BLR,Belarus,1998,60.184,85602469015.0,10080579.0,254.351,5.97,0.703,25231.76,0.248,3640.67,0.031,99.969,0.0,0.0,4.94,55.275,39.754,0.031,0.028,23.492,2.971304483699301,0.23661790203301736,8491.820659805355
BLR,Belarus,1999,58.076,87455010171.0,10039221.0,247.417,5.785,0.664,24645.004,0.234,3698.746,0.021,99.979,0.0,0.0,4.711,57.884,37.384,0.021,0.019,26.516,2.829077482424709,0.23472922232506255,8711.334292869935
BLR,Belarus,2000,55.014,91419114455.0,9991310.0,254.999,5.506,0.602,25522.084,0.216,3753.76,0.029,99.971,0.0,0.0,4.538,59.584,35.848,0.029,0.03,26.1,2.7893400796998566,0.21574202251773536,9149.862676165589
BLR,Belarus,2001,54.105,94624119098.0,9938068.0,247.911,5.444,0.572,24945.643,0.211,3807.865,0.033,99.967,0.0,0.0,3.351,60.937,35.678,0.033,0.03,25.07,2.6199556980101906,0.2182436438883309,9521.37971867369
BLR,Belarus,2002,53.944,98263269227.0,9873451.0,256.476,5.464,0.549,25976.342,0.205,3861.809,0.031,99.969,0.0,0.0,3.056,60.603,36.311,0.031,0.03,26.46,2.6100902404082396,0.21032767198490307,9952.271928730897
BLR,Belarus,2003,55.236,103937865617.0,9803175.0,254.552,5.635,0.531,25966.264,0.2,3917.045,0.03,99.97,0.0,0.0,2.898,60.031,37.041,0.03,0.03,26.63,2.4490785767912255,0.2169929916087872,10602.469670999446
BLR,Belarus,2004,58.373,114486408721.0,9735089.0,285.033,5.996,0.51,29278.977,0.204,3975.418,0.032,99.968,0.0,0.001,2.535,65.027,32.406,0.032,0.03,31.2,2.48966670528217,0.2047938308897566,11760.18100307044
BLR,Belarus,2005,59.396,123858071551.0,9667833.0,284.106,6.144,0.48,29386.727,0.201,4034.814,0.035,99.965,0.0,0.001,2.809,66.887,30.269,0.035,0.04,30.96,2.293802870029476,0.20906281458328935,12811.35819691962
BLR,Belarus,2006,61.809,134673942572.0,9608041.0,302.112,6.433,0.459,31443.652,0.202,4096.624,0.034,99.966,0.0,0.001,2.365,64.199,33.402,0.034,0.04,31.81,2.243284738162941,0.20458968859231014,14016.795158555215
BLR,Belarus,2007,60.276,144615680573.0,9563135.0,294.727,6.303,0.417,30819.047,0.191,4156.899,0.047,99.953,0.0,0.001,2.742,66.068,31.143,0.047,0.05,31.83,2.038001680261954,0.20451468647256613,15122.204232503253
BLR,Belarus,2008,62.931,157577029170.0,9529357.0,298.614,6.604,0.399,31336.238,0.196,4219.831,0.097,99.903,0.0,0.001,2.523,66.782,30.598,0.097,0.07,35.05,1.8950350921887482,0.21074363559645562,16535.956116451507
BLR,Belarus,2009,60.628,156010272888.0,9507334.0,282.515,6.377,0.389,29715.518,0.192,4280.459,0.193,99.807,0.0,0.001,2.54,59.935,37.331,0.193,0.11,30.37,1.8108743403251266,0.21460099463745289,16409.465880550742
BLR,Belarus,2010,62.515,166239903113.0,9490752.0,306.201,6.587,0.376,32263.109,0.188,4342.975,0.252,99.748,0.0,0.001,2.452,67.698,29.597,0.252,0.14,34.9,1.8419223920737176,0.20416327836943707,17515.9885236702
BLR,Belarus,2011,61.353,173120303880.0,9472738.0,300.684,6.477,0.354,31742.064,0.178,4404.328,0.244,99.756,0.0,0.003,3.0,63.944,32.812,0.244,0.14,32.19,1.736850001190051,0.20404477790637346,18275.63518382964
BLR,Belarus,2012,62.592,175940441074.0,9463075.0,325.236,6.614,0.356,34368.988,0.179,4466.919,0.257,99.743,0.0,0.005,2.829,59.684,37.23,0.257,0.21,30.81,1.8485573755223608,0.19245102018226765,18592.31180921635
BLR,Belarus,2013,64.152,177632980571.0,9464454.0,294.205,6.778,0.361,31085.303,0.182,4531.071,0.305,99.695,0.0,0.007,3.319,65.506,30.869,0.305,0.3,31.51,1.6562521163259212,0.21805203854455227,18768.434034440867
BLR,Belarus,2014,63.699,180627882895.0,9472704.0,294.863,6.725,0.353,31127.623,0.18,4594.771,0.295,99.705,0.002,0.008,3.285,64.855,31.565,0.295,0.29,34.74,1.632433460848376,0.21602913895605755,19068.24945601594
BLR,Belarus,2015,58.828,173709821418.0,9487289.0,266.962,6.201,0.339,28138.871,0.166,4653.598,0.346,99.654,0.009,0.037,3.227,67.055,29.373,0.346,0.34,34.09,1.536827323986513,0.22036095024760077,18309.742795650054
BLR,Belarus,2016,58.188,169304543676.0,9499066.0,272.798,6.126,0.344,28718.361,0.164,4711.786,0.405,99.595,0.024,0.067,3.471,65.215,30.909,0.405,0.43,33.57,1.6112857580600826,0.21330068402261013,17823.28322342428
BLR,Belarus,2017,59.444,173606575679.0,9495793.0,277.84,6.26,0.342,29259.266,0.165,4771.23,0.726,99.274,0.08,0.087,3.526,65.561,30.187,0.726,0.78,34.51,1.6004002089974314,0.21395047509357903,18282.47263593467
BLR,Belarus,2018,62.171,179054352755.0,9480031.0,307.179,6.558,0.347,32402.701,0.169,4833.401,0.596,99.404,0.096,0.08,4.783,62.895,31.725,0.596,0.81,38.99,1.7155628739185855,0.20239339277750107,18887.528190044948
BLR,Belarus,2019,62.171,181643469714.0,9435415.0,308.79,6.589,0.342,32726.744,0.168,4895.572,0.723,99.277,0.144,0.133,5.011,62.087,32.179,0.723,1.04,40.46,1.6999785375504766,0.2013374785452897,19251.24329072966
BLR,Belarus,2020,59.123,180420997693.0,9350943.0,286.544,6.323,0.328,30643.369,0.168,4954.695,0.943,98.765,0.147,0.159,3.399,61.982,33.384,1.235,1.35,38.54,1.5881965162811944,0.20633131386453737,19294.41743928928
BLR,Belarus,2021,60.861,184521985376.0,9251368.0,312.725,6.579,0.33,33803.074,0.165,5015.556,1.106,94.335,0.137,0.132,3.169,60.076,31.09,5.665,1.27,41.25,1.6947844960737932,0.194615077144456,19945.372984406196
BLR,Belarus,2022,57.121,175773799265.0,9173240.0,303.514,6.227,0.325,33086.91,0.152,5072.676,1.147,95.055,0.169,0.142,3.589,60.901,30.566,4.945,1.26,37.18,1.7267306121227795,0.18819889692073513,19161.582959237956
BEL,Belgium,1990,120.335,273278713941.0,9960968.0,621.353,12.081,0.44,62378.742,0.529,9076.768,0.265,80.555,0.0,0.003,19.981,15.467,45.107,19.445,0.56,70.29,2.273697029085654,0.19366608031183563,27434.955512456218
BEL,Belgium,1991,123.396,278686606016.0,9998962.0,642.88,12.341,0.443,64294.656,0.532,9200.164,0.249,81.156,0.0,0.003,18.471,15.943,46.742,18.844,0.54,71.19,2.3068205867170053,0.1919425087108014,27871.553668870827
BEL,Belgium,1992,122.519,283358354426.0,10045988.0,641.509,12.196,0.432,63857.262,0.544,9322.684,0.283,80.822,0.0,0.004,16.568,16.468,47.786,19.178,0.62,71.42,2.2639494829771545,0.19098562919616094,28206.12113273478
BEL,Belgium,1993,121.451,281005275818.0,10084932.0,631.183,12.043,0.432,62586.73,0.534,9444.135,0.238,81.235,0.0,0.004,15.949,17.514,47.773,18.765,0.51,70.08,2.246160674964698,0.1924180467471399,27863.874126072442
BEL,Belgium,1994,124.833,290433135887.0,10116005.0,663.908,12.34,0.43,65629.477,0.543,9568.968,0.265,82.674,0.0,0.004,16.294,17.021,49.359,17.326,0.61,71.34,2.2859237392881693,0.18802755803514945,28710.26021507502
BEL,Belgium,1995,125.969,297763645458.0,10137264.0,672.12,12.426,0.423,66301.898,0.536,9694.938,0.294,82.549,0.0,0.004,15.373,18.598,48.579,17.451,0.67,73.52,2.257226529337355,0.18742040111884783,29373.176574862802
BEL,Belgium,1996,129.503,302924438524.0,10156972.0,713.881,12.75,0.428,70284.875,0.534,9824.44,0.234,82.84,0.0,0.003,13.85,19.462,49.528,17.16,0.56,75.14,2.35663059566401,0.18140698519781306,29824.286069115875
BEL,Belgium,1997,124.017,314576090803.0,10181465.0,721.262,12.181,0.394,70840.68,0.509,9948.457,0.241,81.427,0.0,0.003,12.802,18.382,50.244,18.573,0.6,77.88,2.292806163872393,0.17194445291724783,30896.937798538816
BEL,Belgium,1998,130.256,321240211745.0,10203185.0,735.386,12.766,0.405,72074.211,0.536,10078.713,0.305,82.189,0.0,0.004,12.488,19.746,49.956,17.811,0.76,82.09,2.2892090501538713,0.1771260263317496,31484.307277090436
BEL,Belgium,1999,124.719,333121577520.0,10226681.0,730.141,12.195,0.374,71395.695,0.502,10203.432,0.348,80.926,0.0,0.005,11.023,21.243,48.66,19.074,0.85,83.37,2.1918153889510914,0.17081495218046924,32573.77222580816
BEL,Belgium,2000,126.776,345706865981.0,10251719.0,743.348,12.366,0.367,72509.641,0.497,10330.207,0.418,81.513,0.0,0.006,11.979,20.972,48.563,18.487,1.05,82.79,2.15022631352903,0.17054730758675613,33721.84372016049
BEL,Belgium,2001,126.085,349015220419.0,10287005.0,736.859,12.257,0.361,71630.055,0.491,10456.292,0.434,82.125,0.0,0.014,11.507,20.893,49.725,17.875,1.08,78.63,2.111251764651941,0.17111143380212496,33927.777853612395
BEL,Belgium,2002,126.883,355705534550.0,10332975.0,733.474,12.279,0.357,70983.867,0.483,10583.175,0.465,81.772,0.0,0.021,9.914,21.675,50.183,18.228,1.14,80.94,2.062025829673726,0.17298909027450188,34424.309993007824
BEL,Belgium,2003,128.292,358937085300.0,10376262.0,761.691,12.364,0.357,73407.07,0.464,10711.468,0.473,82.514,0.0,0.032,9.231,22.227,51.055,17.486,1.2,83.57,2.1220738430061576,0.16843050528363865,34592.13783345101
BEL,Belgium,2004,128.812,372499172102.0,10421298.0,764.62,12.36,0.346,73370.898,0.45,10840.279,0.589,82.582,0.0,0.051,8.552,22.561,51.469,17.418,1.5,82.91,2.052675703103649,0.16846538149669119,35744.028440794995
BEL,Belgium,2005,125.658,380840056202.0,10478883.0,756.118,11.992,0.33,72156.344,0.425,10965.938,0.844,82.167,0.0,0.081,7.949,22.432,51.785,17.833,2.11,84.38,1.985395148663013,0.16618834626341392,36343.573661620234
BEL,Belgium,2006,123.9,390874955040.0,10548445.0,758.241,11.746,0.317,71881.797,0.405,11089.838,1.178,82.31,0.001,0.13,7.821,23.022,51.467,17.69,2.96,83.34,1.939855675640323,0.16340451123059818,37055.22046519653
BEL,Belgium,2007,120.493,404721960651.0,10625488.0,763.469,11.34,0.298,71852.602,0.383,11210.331,1.378,81.757,0.002,0.172,7.098,23.035,51.624,18.243,3.49,86.81,1.8864036900096828,0.1578230419309756,38089.72921064896
BEL,Belgium,2008,120.204,408290544814.0,10709711.0,775.734,11.224,0.294,72432.766,0.375,11330.535,1.718,82.721,0.014,0.218,6.9,22.521,53.3,17.279,4.42,83.06,1.8999558276653008,0.15495517793470442,38123.39518909521
BEL,Belgium,2009,107.807,399489943721.0,10812936.0,715.849,9.97,0.27,66203.031,0.342,11438.342,2.494,80.116,0.061,0.367,4.819,24.658,50.64,19.884,5.44,89.76,1.7919074340953678,0.15060019641013678,36945.557036590246
BEL,Belgium,2010,114.563,411261674695.0,10936619.0,764.788,10.475,0.279,69929.078,0.344,11552.905,3.125,80.474,0.2,0.442,5.727,25.489,49.258,19.526,6.57,93.04,1.8596140779886243,0.14979706794562675,37604.096356927126
BEL,Belgium,2011,105.159,420934235947.0,11038624.0,713.712,9.526,0.25,64655.848,0.305,11658.063,3.983,78.418,0.442,0.844,5.781,23.272,49.365,21.582,8.36,89.28,1.6955427690368805,0.14734094424641872,38132.85387263847
BEL,Belgium,2012,102.486,424045845634.0,11107522.0,684.939,9.227,0.242,61664.453,0.293,11760.55,4.996,79.766,0.814,1.043,5.673,24.562,49.531,20.234,10.51,81.51,1.6152475187581028,0.1496279230705216,38176.45786648003
BEL,Belgium,2013,102.816,425993254852.0,11160277.0,701.919,9.213,0.241,62894.422,0.291,11863.365,5.28,79.095,0.967,1.343,5.861,23.686,49.548,20.905,11.72,81.95,1.6477232726228566,0.14647843981997924,38170.49118512023
BEL,Belgium,2014,97.081,432717694183.0,11210113.0,650.851,8.66,0.224,58059.273,0.274,11960.447,5.938,80.816,1.134,1.814,6.128,22.34,52.348,19.184,12.21,71.2,1.5041007306827383,0.14916009962341611,38600.65408644855
BEL,Belgium,2015,101.327,441551470878.0,11275332.0,657.427,8.987,0.229,58306.633,0.286,12061.774,6.551,83.349,1.183,2.157,5.921,24.226,53.201,16.651,14.44,68.43,1.488902298734831,0.1541266178602339,39160.839865114394
BEL,Belgium,2016,99.816,447144517813.0,11332707.0,709.509,8.808,0.223,62607.219,0.282,12161.59,6.264,78.229,1.103,1.931,5.221,22.956,50.053,21.771,14.25,84.31,1.5867554487086952,0.1406832048642089,39456.10857255905
BEL,Belgium,2017,99.282,454386396677.0,11376583.0,716.042,8.727,0.218,62940.031,0.276,12260.873,6.819,78.349,1.162,2.29,5.068,23.058,50.224,21.651,15.8,85.34,1.5758438307936353,0.13865387784515434,39940.49853782986
BEL,Belgium,2018,100.256,462533269863.0,11428608.0,714.205,8.772,0.217,62492.762,0.273,12361.129,7.262,82.726,1.367,2.652,5.049,23.749,53.928,17.274,17.16,73.87,1.5441159512947984,0.14037426229163896,40471.53160411137
BEL,Belgium,2019,99.799,472897988852.0,11490623.0,738.369,8.685,0.211,64258.418,0.269,12460.928,7.77,77.54,1.435,3.293,4.898,23.708,48.933,22.46,19.45,92.69,1.5613705649128544,0.13516141658168207,41155.121776425876
BEL,Belgium,2020,91.255,447544069854.0,11540102.0,663.906,7.908,0.204,57530.324,0.26,12552.183,10.457,76.64,1.916,4.803,4.225,25.796,46.618,23.36,23.45,88.29,1.4834427371958758,0.13745168743767944,38781.639005790414
BEL,Belgium,2021,94.928,474995824355.0,11570843.0,738.285,8.204,0.2,63805.598,0.257,12647.11,9.202,73.882,1.89,4.033,4.2,23.145,46.536,26.118,22.75,99.4,1.5542978740971505,0.1285790717676778,41051.09924618284
BEL,Belgium,2022,88.915,489678394377.0,11641814.0,694.453,7.638,0.182,59651.605,0.237,12736.025,10.436,73.922,2.452,4.404,4.655,21.116,48.151,26.078,24.43,94.33,1.4181818270408424,0.12803602259620162,42062.03555365169
BEN,Benin,1990,0.579,8723574620.0,5281482.0,2.557,0.11,0.066,484.103,0.003,11.798,,,,,,,,,,,0.29311378779723213,0.22643723113023073,1651.7285527054717
BEN,Benin,1991,0.62,9020546630.0,5446935.0,2.988,0.114,0.069,548.623,0.003,12.418,,,,,,,,,,,0.3312437840587938,0.2074966532797858,1656.0775243324915
BEN,Benin,1992,0.671,9209668142.0,5617847.0,3.32,0.119,0.073,591.021,0.003,13.089,,,,,,,,,,,0.36049073091563305,0.20210843373493975,1639.3590181434276
BEN,Benin,1993,0.807,9663859223.0,5872707.0,3.651,0.137,0.084,621.688,0.004,13.896,,,,,,,,,,,0.3777993776348288,0.22103533278553822,1645.5544645765574
BEN,Benin,1994,0.912,9706566478.0,6096510.0,3.82,0.15,0.094,626.573,0.004,14.808,,,,,,,,,,,0.3935480181028025,0.2387434554973822,1592.1513255944794
BEN,Benin,1995,0.956,10500460878.0,6226775.0,4.123,0.154,0.091,662.107,0.004,15.764,,,,,,,,,,,0.39264943204905295,0.23186999757458163,1686.3401805910764
BEN,Benin,1996,1.184,10810469226.0,6391861.0,4.497,0.185,0.11,703.568,0.005,16.948,,,,,,,,,,,0.41598564372991076,0.263286635534801,1691.2866575164885
BEN,Benin,1997,1.224,11307899196.0,6583375.0,4.865,0.186,0.108,739.009,0.005,18.172,,,,,,,,,,,0.430230223640561,0.25159301130524153,1717.6447029069436
BEN,Benin,1998,1.114,11647427795.0,6789492.0,5.245,0.164,0.096,772.518,0.005,19.286,,,,,,,,,,,0.4503140171645082,0.21239275500476645,1715.5079930869645
BEN,Benin,1999,1.462,12157431164.0,7002818.0,2.573,0.209,0.12,367.445,0.006,20.748,,,,,,,,,,,0.21164010433544908,0.5682083171395258,1736.076985579234
BEN,Benin,2000,1.473,12746225376.0,7221618.0,6.865,0.204,0.116,950.594,0.006,22.221,,,,,,,,,0.0,0.08,0.5385908217915384,0.21456664238892936,1765.009638560223
BEN,Benin,2001,1.689,13306904218.0,7445599.0,7.845,0.227,0.127,1053.653,0.007,23.91,,,,,,,,,0.0,0.06,0.5895435836524784,0.2152963671128107,1787.2174176986969
BEN,Benin,2002,2.11,13793055302.0,7675430.0,9.044,0.275,0.153,1178.301,0.008,26.02,,,,,,,,,0.0,0.06,0.6556922887627816,0.23330384785493144,1797.0400748883123
BEN,Benin,2003,2.394,14127733603.0,7913074.0,10.383,0.303,0.169,1312.088,0.009,28.414,,,,,,,,,0.0,0.08,0.7349374140092214,0.2305691996532794,1785.3660414397743
BEN,Benin,2004,2.594,14599811664.0,8159098.0,10.957,0.318,0.178,1342.909,0.009,31.008,,,,,,,,,0.0,0.08,0.7504891331589988,0.23674363420644337,1789.3904036941337
BEN,Benin,2005,2.49,14703566396.0,8426145.0,10.286,0.295,0.169,1220.706,0.008,33.497,,,,,,,,,0.0,0.11,0.6995581699687657,0.2420766089830838,1744.9932793703408
BEN,Benin,2006,3.351,15130030225.0,8693243.0,14.058,0.385,0.221,1617.128,0.011,36.848,,,,,,,,,0.0,0.15,0.9291455331511078,0.23836961160904824,1740.4356722801836
BEN,Benin,2007,3.931,15874980420.0,8953973.0,16.597,0.439,0.248,1853.535,0.012,40.779,,,,,,,,,0.0,0.22,1.045481604442823,0.236850033138519,1772.953796041154
BEN,Benin,2008,3.919,16519715795.0,9228468.0,16.973,0.425,0.237,1839.159,0.012,44.698,,,,,,,,,0.0,0.23,1.0274389832503772,0.23089612914629118,1790.0821452704827
BEN,Benin,2009,4.225,16780073808.0,9509431.0,18.843,0.444,0.252,1981.54,0.013,48.923,,,,,,,,,0.0,0.13,1.1229390416040057,0.22422119620018044,1764.5718032971688
BEN,Benin,2010,4.679,17023196060.0,9797488.0,21.54,0.478,0.275,2198.484,0.014,53.602,,,,,,,,,0.0,0.11,1.265332310341728,0.2172237697307335,1737.506191382934
BEN,Benin,2011,4.48,17416238625.0,10093626.0,20.136,0.444,0.257,1994.954,0.013,58.082,,,,,,,,,0.0,0.1,1.1561623857803567,0.22248708780294002,1725.4689865663736
BEN,Benin,2012,4.403,18305935000.0,10397659.0,19.093,0.423,0.24,1836.255,0.013,62.484,,,,,,,,,0.0,0.05,1.0429950723631434,0.23060807625831456,1760.582358009625
BEN,Benin,2013,4.566,19651418479.0,10708831.0,19.485,0.426,0.232,1819.542,0.013,67.05,,,,,,,,,0.0,0.13,0.9915314775278009,0.23433410315627407,1835.0666360315145
BEN,Benin,2014,4.774,21043177203.0,11030008.0,20.727,0.433,0.227,1879.149,0.013,71.824,,,,,,,,,0.0,0.34,0.9849748353136082,0.2303275920297197,1907.8115993206895
BEN,Benin,2015,5.318,22279707949.0,11360681.0,22.768,0.468,0.239,2004.112,0.015,77.143,,,,,,,,,0.0,0.32,1.0219164475637534,0.23357343640196768,1961.1243330395423
BEN,Benin,2016,5.311,23134706997.0,11697845.0,27.762,0.454,0.23,2373.231,0.015,82.453,,,,,,,,,0.0,0.27,1.2000151981004146,0.19130466104747496,1977.6896511280497
BEN,Benin,2017,5.555,24568275710.0,12039777.0,29.448,0.461,0.226,2445.911,0.015,88.008,,,,,,,,,0.0,0.32,1.1986189160199716,0.18863759847867428,2040.5922559861367
BEN,Benin,2018,5.668,26346543293.0,12383349.0,32.402,0.458,0.215,2616.541,0.015,93.677,,,,,,,,,0.0,0.19,1.2298387549234542,0.17492747361273994,2127.5781933465655
BEN,Benin,2019,5.273,28155410176.0,12726760.0,30.184,0.414,0.187,2371.677,0.014,98.949,,,,,,,,,0.01,0.54,1.0720497343607942,0.17469520275642725,2212.2999236254946
BEN,Benin,2020,5.541,29239039610.0,13070169.0,31.732,0.424,0.19,2427.813,0.016,104.49,,,,,,,,,0.01,0.99,1.0852613636853992,0.17461868145720408,2237.081984938374
BEN,Benin,2021,5.806,31331235336.0,13413423.0,24.651,0.433,0.185,1837.799,0.016,110.296,,,,,,,,,0.02,1.13,0.7867867237164338,0.2355279704677295,2335.81206944715
BEN,Benin,2022,6.092,33290362034.0,13759507.0,25.344,0.443,0.183,1841.917,0.016,116.388,,,,,,,,,0.02,0.99,0.7613014233403576,0.24037247474747475,2419.444390994532
BOL,Bolivia,1990,10.018,23021797458.0,7130143.0,24.498,1.405,0.435,3435.817,0.044,120.223,,,,,,,,,,,1.0641219498474488,0.40893134133398645,3228.798841481861
BOL,Bolivia,1991,10.506,24300991136.0,7280294.0,23.783,1.443,0.432,3266.781,0.045,130.729,,,,,,,,,,,0.9786843617570545,0.44174410293066474,3337.9134326168696
BOL,Bolivia,1992,11.025,24762215565.0,7430337.0,26.012,1.484,0.445,3500.822,0.049,141.754,,,,,,,,,,,1.0504714302207472,0.4238428417653391,3332.5831069304127
BOL,Bolivia,1993,11.562,25872205207.0,7579196.0,25.592,1.525,0.447,3376.557,0.051,153.316,,,,,,,,,,,0.9891696434548923,0.4517818068146296,3413.5817581442675
BOL,Bolivia,1994,9.65,27129137815.0,7727320.0,28.952,1.249,0.356,3746.756,0.042,162.965,,,,,,,,,,,1.0671920426454584,0.333310306714562,3510.8081217032554
BOL,Bolivia,1995,9.029,28456929800.0,7874676.0,33.711,1.147,0.317,4280.904,0.038,171.994,,,,,,,,,,,1.184632363256559,0.2678354246388419,3613.7270663580316
BOL,Bolivia,1996,10.027,29770158709.0,8021742.0,32.603,1.25,0.337,4064.319,0.041,182.021,,,,,,,,,,,1.0951570772158359,0.3075483851179339,3711.1837689369713
BOL,Bolivia,1997,11.733,31321344983.0,8167911.0,36.752,1.436,0.375,4499.594,0.048,193.754,,,,,,,,,,,1.1733851154842663,0.3192479320853287,3834.6824522206475
BOL,Bolivia,1998,11.264,32973947605.0,8313400.0,33.991,1.355,0.342,4088.641,0.046,205.018,,,,,,,,,,,1.0308441199453406,0.3313818363684505,3966.3612487069067
BOL,Bolivia,1999,10.95,33199090219.0,8459810.0,37.984,1.294,0.33,4489.904,0.044,215.968,,,,,,,,,,,1.1441277381228228,0.2882792754844145,3924.3304777530466
BOL,Bolivia,2000,8.442,34126236477.0,8606330.0,39.702,0.981,0.247,4613.099,0.033,224.411,,,,,,,,,2.0,3.88,1.1633864175663755,0.21263412422547984,3965.2484249383883
BOL,Bolivia,2001,8.752,34794954024.0,8752740.0,33.025,1.0,0.252,3773.15,0.034,233.163,,,,,,,,,2.16,3.96,0.949131876341059,0.2650113550340651,3975.3213306918747
BOL,Bolivia,2002,10.415,35770128530.0,8900358.0,36.365,1.17,0.291,4085.756,0.04,243.578,,,,,,,,,2.23,4.16,1.0166303978891518,0.28640175993400246,4018.9539038766757
BOL,Bolivia,2003,10.983,36849589696.0,9050703.0,50.826,1.214,0.298,5615.732,0.04,254.561,,,,,,,,,2.02,4.33,1.3792826574000396,0.2160901900602054,4071.4615976239634
BOL,Bolivia,2004,11.051,38518211935.0,9204297.0,52.61,1.201,0.287,5715.799,0.039,265.612,,,,,,,,,2.19,4.53,1.365847409759832,0.2100551226002661,4184.807588781631
BOL,Bolivia,2005,12.337,40366066215.0,9360758.0,51.818,1.318,0.306,5535.625,0.042,277.949,,,,,,,,,2.0,4.89,1.2837020016764593,0.23808329152032112,4312.264692132838
BOL,Bolivia,2006,12.369,42467223163.0,9521685.0,57.042,1.299,0.291,5990.768,0.04,290.318,,,,,,,,,2.18,5.0,1.3432006086448907,0.2168402229935837,4460.053358517951
BOL,Bolivia,2007,12.74,44577390720.0,9685960.0,61.329,1.315,0.286,6331.773,0.04,303.058,,,,,,,,,2.35,5.44,1.3757871200945877,0.20773206802654534,4602.268718846661
BOL,Bolivia,2008,13.028,47500614555.0,9850859.0,63.049,1.322,0.274,6400.373,0.041,316.085,,,,,,,,,2.35,5.92,1.3273301954229841,0.20663293628764928,4821.97690120222
BOL,Bolivia,2009,13.633,49290119749.0,10016279.0,62.141,1.361,0.277,6203.996,0.043,329.719,,,,,,,,,2.35,6.21,1.2607191931454116,0.21938816562334046,4921.001077246351
BOL,Bolivia,2010,14.809,51541502268.0,10182345.0,63.442,1.454,0.287,6230.567,0.044,344.527,,,,,,,,,2.24,6.65,1.2308915574505583,0.23342580624822673,5061.84992435436
BOL,Bolivia,2011,16.051,54437027542.0,10348931.0,65.529,1.551,0.295,6331.921,0.047,360.578,,,,,,,,,2.41,7.09,1.203757864064899,0.24494498618932073,5260.159483332143
BOL,Bolivia,2012,17.575,57225289193.0,10515814.0,78.593,1.671,0.307,7473.803,0.05,378.153,,,,,,,,,2.41,7.41,1.3733962922395118,0.22362042421080758,5441.831625492805
BOL,Bolivia,2013,17.778,61114326124.0,10682612.0,79.469,1.664,0.291,7439.076,0.05,395.931,,,,,,,,,2.64,7.81,1.3003334085490637,0.22370987429060388,5720.916019789916
BOL,Bolivia,2014,19.9,64451770571.0,10848889.0,80.711,1.834,0.309,7439.606,0.056,415.831,,,,,,,,,2.38,8.3,1.252269709349394,0.24655870946958902,5940.8636747043865
BOL,Bolivia,2015,19.9,67582198248.0,11014707.0,84.678,1.807,0.294,7687.697,0.056,435.731,,,,,,,,,2.65,9.0,1.2529630908018876,0.23500791232669643,6135.632863225504
BOL,Bolivia,2016,21.25,70463901130.0,11180020.0,89.121,1.901,0.302,7971.473,0.06,456.98,,,,,,,,,1.93,9.3,1.264775276003797,0.2384398738793326,6302.663244788471
BOL,Bolivia,2017,22.182,73419862854.0,11344591.0,93.717,1.955,0.302,8260.953,0.062,479.162,,,,,,,,,2.41,9.59,1.2764529428005351,0.23669131534300072,6471.794607139209
BOL,Bolivia,2018,22.509,76521114837.0,11508370.0,95.832,1.956,0.294,8327.178,0.061,501.671,,,,,,,,,2.97,10.04,1.2523602172306914,0.23487978963185574,6649.170546046052
BOL,Bolivia,2019,22.609,78217588630.0,11671386.0,95.627,1.937,0.289,8193.27,0.061,524.28,,,,,,,,,3.75,10.37,1.2225766822389958,0.23642904200696457,6701.653825004159
BOL,Bolivia,2020,18.32,71382934039.0,11816301.0,79.274,1.55,0.257,6708.879,0.052,542.6,,,,,,,,,3.66,10.27,1.110545553600931,0.231097207154931,6041.055829485048
BOL,Bolivia,2021,21.767,75741579784.0,11937369.0,94.914,1.823,0.287,7951.008,0.059,564.367,,,,,,,,,4.18,10.87,1.253129394325758,0.22933392334112987,6344.914007768379
BOL,Bolivia,2022,23.488,78165311428.0,12077156.0,103.508,1.945,0.3,8570.585,0.063,587.855,,,,,,,,,4.17,11.67,1.3242191211039154,0.22691965838389302,6472.162107370312
BIH,Bosnia and Herzegovina,1990,19.872,26068545854.0,4448658.0,,4.467,0.762,,0.087,483.814,,,,,,,,,,,,,5859.867369889976
BIH,Bosnia and Herzegovina,1991,14.06,22759463465.0,4458350.0,,3.154,0.618,,0.061,497.874,,,,,,,,,,,,,5104.907300907286
BIH,Bosnia and Herzegovina,1992,15.029,16213891161.0,4234620.0,36.744,3.549,0.927,8677.138,0.067,512.903,,,,,,,,,,,2.266204924847528,0.40901915959068147,3828.8892890035
BIH,Bosnia and Herzegovina,1993,12.581,11077007356.0,3904484.0,26.756,3.222,1.136,6852.752,0.055,525.484,,,,,,,,,,,2.4154538441745528,0.4702122888324114,2836.9964778956705
BIH,Bosnia and Herzegovina,1994,3.205,11242944737.0,3725412.0,26.201,0.86,0.285,7033.086,0.014,528.689,,,,,,,,,,,2.330439276622409,0.12232357543605206,3017.906405251285
BIH,Bosnia and Herzegovina,1995,3.406,11770817203.0,3715565.0,47.637,0.917,0.289,12820.879,0.014,532.094,,,,,,,,,,,4.04704271406567,0.07149904486008775,3167.9750463253904
BIH,Bosnia and Herzegovina,1996,4.24,17934743605.0,3875246.0,23.806,1.094,0.236,6143.073,0.017,536.334,,,,,,,,,,,1.3273677351798416,0.1781063597412417,4628.027125245726
BIH,Bosnia and Herzegovina,1997,8.366,21766878558.0,4018228.0,39.557,2.082,0.384,9844.338,0.034,544.7,,,,,,,,,,,1.817302370415513,0.2114922769674141,5417.0342145841405
BIH,Bosnia and Herzegovina,1998,10.551,24470419886.0,4089357.0,48.593,2.58,0.431,11882.883,0.043,555.25,,,,,,,,,,,1.985785296140382,0.2171300393060729,5983.928496827251
BIH,Bosnia and Herzegovina,1999,10.333,26775071100.0,4130312.0,47.455,2.502,0.386,11489.427,0.042,565.583,,,,,,,,,,,1.772357571816121,0.21774312506585186,6482.578337907645
BIH,Bosnia and Herzegovina,2000,13.702,27629709487.0,4159785.0,54.545,3.294,0.496,13112.501,0.054,579.286,,,,,,,,,5.09,10.43,1.9741430877390824,0.2512054267118893,6642.100369850846
BIH,Bosnia and Herzegovina,2001,13.263,27937499205.0,4179446.0,53.937,3.173,0.475,12905.365,0.052,592.548,,,,,,,,,5.18,10.63,1.9306309274219808,0.24589799210189667,6684.4981858839665
BIH,Bosnia and Herzegovina,2002,14.173,28997438498.0,4188006.0,54.334,3.384,0.489,12973.768,0.054,606.721,,,,,,,,,5.27,10.79,1.873751710991559,0.26084956012809657,6923.924774224297
BIH,Bosnia and Herzegovina,2003,14.358,29748999379.0,4178523.0,47.721,3.436,0.483,11420.435,0.052,621.079,,,,,,,,,4.5,11.27,1.6041211804147788,0.30087382913182875,7119.501167996443
BIH,Bosnia and Herzegovina,2004,15.462,31229543774.0,4140990.0,46.815,3.734,0.495,11305.199,0.054,636.541,,,,,,,,,5.98,12.73,1.4990612843654665,0.33027875680871516,7541.564643720463
BIH,Bosnia and Herzegovina,2005,16.046,32159580501.0,4096493.0,42.383,3.917,0.499,10346.191,0.054,652.588,,,,,,,,,6.0,12.6,1.3178965440386297,0.37859519146827736,7850.515184817843
BIH,Bosnia and Herzegovina,2006,17.387,33580206309.0,4063269.0,43.979,4.279,0.518,10823.57,0.057,669.974,,,,,,,,,5.84,13.29,1.3096703336278481,0.3953477796220924,8264.33256301761
BIH,Bosnia and Herzegovina,2007,17.474,35158268243.0,4013420.0,45.059,4.354,0.497,11227.055,0.055,687.449,,,,,,,,,3.99,11.78,1.2816046481177648,0.38780265873632347,8760.176668028764
BIH,Bosnia and Herzegovina,2008,19.955,36676627730.0,3947545.0,50.343,5.055,0.544,12752.937,0.062,707.404,,,,,,,,,4.87,14.67,1.372618016318372,0.3963808275231909,9290.996741012452
BIH,Bosnia and Herzegovina,2009,20.537,35937393954.0,3879798.0,59.977,5.293,0.571,15458.73,0.065,727.941,,,,,,,,,6.24,15.48,1.6689301421458325,0.34241459226036647,9262.697169801108
BIH,Bosnia and Herzegovina,2010,21.146,35774435069.0,3811480.0,61.732,5.548,0.591,16196.391,0.063,749.087,,,,,,,,,8.03,16.93,1.7255897928488404,0.3425451953605909,9385.969510268977
BIH,Bosnia and Herzegovina,2011,23.765,35664062419.0,3741799.0,66.101,6.351,0.666,17665.49,0.069,772.851,,,,,,,,,4.39,15.07,1.853434396323419,0.35952557449962935,9531.260877187684
BIH,Bosnia and Herzegovina,2012,22.138,35371051813.0,3670109.0,64.642,6.032,0.626,17613.062,0.063,794.989,,,,,,,,,4.15,13.81,1.8275396598820388,0.34247083939234557,9637.602537962768
BIH,Bosnia and Herzegovina,2013,21.801,36202157063.0,3610857.0,60.354,6.038,0.602,16714.635,0.062,816.79,,,,,,,,,7.24,17.25,1.6671382286688137,0.3612188090267422,10025.918241292857
BIH,Bosnia and Herzegovina,2014,19.312,36619951250.0,3564831.0,60.389,5.417,0.527,16940.182,0.054,836.102,,,,,,,,,5.94,17.03,1.6490737409160259,0.3197933398466608,10272.563061194205
BIH,Bosnia and Herzegovina,2015,18.46,38199900995.0,3518541.0,61.485,5.247,0.483,17474.537,0.052,854.563,,,,,,,,,5.55,16.43,1.609559145403225,0.3002358298772058,10856.744598116094
BIH,Bosnia and Herzegovina,2016,21.734,39438504839.0,3472997.0,63.018,6.258,0.551,18144.992,0.061,876.297,,,,,,,,,5.61,17.71,1.597880047868414,0.3448855882446285,11355.755515769233
BIH,Bosnia and Herzegovina,2017,22.153,40717914490.0,3428684.0,65.853,6.461,0.544,19206.406,0.062,898.449,,,,,,,,,3.82,16.24,1.6172979590144032,0.3364007714151216,11875.668475135066
BIH,Bosnia and Herzegovina,2018,22.079,42277004927.0,3386999.0,62.607,6.519,0.522,18484.439,0.06,920.528,,,,,,,,,6.55,19.07,1.4808759539164127,0.35266024565943105,12482.142724872372
BIH,Bosnia and Herzegovina,2019,20.81,43497123759.0,3345532.0,59.074,6.22,0.478,17657.438,0.056,941.338,,,,,,,,,6.39,17.42,1.3581127875789025,0.35227003419440023,13001.556631052998
BIH,Bosnia and Herzegovina,2020,20.832,42185625323.0,3299352.0,56.882,6.314,0.494,17240.398,0.059,962.17,,,,,,,,,4.9,16.79,1.348373991483478,0.36623184838789075,12786.033537191546
BIH,Bosnia and Herzegovina,2021,21.268,45303796505.0,3244912.0,65.298,6.554,0.469,20123.344,0.058,983.438,,,,,,,,,7.18,18.41,1.441336158058924,0.3257067597782474,13961.486938628845
BIH,Bosnia and Herzegovina,2022,20.743,47069138435.0,3204802.0,90.629,6.472,0.441,28279.162,0.055,1004.181,,,,,,,,,5.24,16.35,1.9254442085264398,0.22887817365302496,14687.06598254744
BWA,Botswana,1990,2.7,6660711722.0,1305699.0,8.951,2.068,0.405,6855.631,0.012,22.372,,,,,,,,,,,1.343850383200836,0.30164227460618925,5101.26125699721
BWA,Botswana,1991,2.634,7315023272.0,1341767.0,9.369,1.963,0.36,6982.897,0.011,25.006,,,,,,,,,,,1.2807888166073356,0.2811399295549151,5451.783560036877
BWA,Botswana,1992,2.777,7702501132.0,1380038.0,11.365,2.012,0.361,8235.484,0.012,27.784,,,,,,,,,,,1.475494752319369,0.24434667839859217,5581.368869552867
BWA,Botswana,1993,3.195,8026901258.0,1420120.0,11.028,2.25,0.398,7765.477,0.014,30.979,,,,,,,,,,,1.3738801120804818,0.2897170837867247,5652.269708193674
BWA,Botswana,1994,3.03,8505234702.0,1460030.0,10.978,2.075,0.356,7518.793,0.013,34.009,,,,,,,,,,,1.2907345164053534,0.2760065585716888,5825.383520886558
BWA,Botswana,1995,3.045,9306926237.0,1498842.0,11.11,2.031,0.327,7412.382,0.013,37.054,,,,,,,,,,,1.1937346141018954,0.2740774077407741,6209.4111567463415
BWA,Botswana,1996,2.755,10069439768.0,1535917.0,10.526,1.794,0.274,6853.327,0.011,39.809,,,,,,,,,,,1.0453411751318,0.26173285198555957,6555.979110850391
BWA,Botswana,1997,2.799,11122733889.0,1571700.0,10.849,1.781,0.252,6902.57,0.011,42.608,,,,,,,,,,,0.9753896936012545,0.25799612867545396,7076.881013552204
BWA,Botswana,1998,3.342,11452605950.0,1606906.0,11.631,2.08,0.292,7237.88,0.014,45.95,,,,,,,,,,,1.0155767212090276,0.2873355687387155,7127.116303007146
BWA,Botswana,1999,3.158,12841571074.0,1642006.0,11.004,1.923,0.246,6701.352,0.013,49.108,,,,,,,,,,,0.8569044968554912,0.286986550345329,7820.660261899165
BWA,Botswana,2000,3.778,13391002424.0,1677384.0,14.331,2.252,0.282,8543.656,0.015,52.886,,,,,,,,,0.0,1.14,1.0701962068437305,0.26362431093433814,7983.265861603544
BWA,Botswana,2001,3.847,13725120137.0,1712264.0,15.024,2.247,0.28,8774.433,0.015,56.733,,,,,,,,,0.0,1.13,1.0946352272355342,0.2560569755058573,8015.773348619138
BWA,Botswana,2002,3.975,14885467195.0,1744765.0,15.598,2.278,0.267,8939.827,0.015,60.708,,,,,,,,,0.0,1.15,1.0478676816565984,0.2548403641492499,8531.502635025347
BWA,Botswana,2003,3.825,15922248755.0,1775744.0,15.912,2.154,0.24,8960.578,0.014,64.534,,,,,,,,,0.0,1.04,0.9993563249037432,0.2403846153846154,8966.5226265723
BWA,Botswana,2004,3.895,16720998899.0,1807153.0,15.94,2.155,0.233,8820.595,0.014,68.429,,,,,,,,,0.0,0.97,0.9532923299787606,0.2443538268506901,9252.674731469886
BWA,Botswana,2005,4.096,17874650435.0,1839881.0,16.86,2.226,0.229,9163.713,0.014,72.525,,,,,,,,,0.0,1.06,0.9432352292040781,0.24294187425860023,9715.112246389848
BWA,Botswana,2006,4.133,19804034564.0,1874526.0,17.936,2.205,0.209,9568.378,0.014,76.658,,,,,,,,,0.0,0.99,0.9056740404101428,0.23043041926851027,10564.822554608472
BWA,Botswana,2007,4.228,21924081026.0,1911200.0,18.453,2.212,0.193,9655.335,0.013,80.886,,,,,,,,,0.0,0.83,0.8416772396579082,0.22912263588576384,11471.369310380913
BWA,Botswana,2008,4.503,23814412331.0,1949973.0,19.183,2.309,0.189,9837.472,0.014,85.389,,,,,,,,,0.0,0.7,0.8055206121978857,0.23473909190429026,12212.68824286285
BWA,Botswana,2009,3.855,22485468865.0,1990671.0,18.028,1.937,0.171,9056.343,0.012,89.245,,,,,,,,,0.0,0.62,0.8017622451298616,0.21383403594408698,11295.421928083546
BWA,Botswana,2010,4.537,24958864035.0,2033110.0,18.618,2.232,0.182,9157.634,0.014,93.782,,,,,,,,,0.0,0.53,0.7459474106630751,0.24368890321194542,12276.199534211135
BWA,Botswana,2011,4.029,27061119164.0,2073538.0,19.529,1.943,0.149,9418.284,0.012,97.811,,,,,,,,,0.0,0.48,0.7216626881411415,0.20630856674688924,13050.69845066741
BWA,Botswana,2012,5.077,27014847416.0,2108617.0,19.299,2.408,0.188,9152.468,0.015,102.887,,,,,,,,,0.0,0.35,0.7143849344331237,0.2630706254210063,12811.642615041044
BWA,Botswana,2013,5.663,30014304729.0,2140687.0,19.156,2.645,0.189,8948.596,0.016,108.55,,,,,,,,,0.0,0.92,0.6382290102322896,0.2956253915222385,14020.874947621955
BWA,Botswana,2014,6.85,31724220202.0,2172053.0,19.238,3.154,0.216,8857.137,0.019,115.401,,,,,,,,,0.0,2.31,0.6064136447642982,0.35606611913920366,14605.638169050202
BWA,Botswana,2015,5.418,30185273524.0,2203276.0,23.443,2.459,0.179,10640.027,0.015,120.818,,,,,,,,,0.0,2.97,0.7766369909274041,0.23111376530307554,13700.17806393752
BWA,Botswana,2016,6.341,32359220755.0,2234784.0,25.807,2.837,0.196,11547.974,0.018,127.159,,,,,,,,,0.0,2.69,0.7975161143524268,0.24570852869376525,14479.797937966265
BWA,Botswana,2017,7.066,33690154993.0,2266749.0,23.652,3.117,0.21,10434.404,0.02,134.225,,,,,,,,,0.0,3.02,0.702044855683042,0.29874852020970744,14862.76380534413
BWA,Botswana,2018,7.643,35101769105.0,2299149.0,23.446,3.324,0.218,10197.871,0.021,141.869,,,,,,,,,0.01,3.11,0.6679435423857393,0.32598311012539455,15267.287637730307
BWA,Botswana,2019,7.486,36166405883.0,2332082.0,22.815,3.21,0.207,9783.121,0.02,149.354,,,,,,,,,0.01,2.51,0.630834041784732,0.32811746657900503,15508.20506440168
BWA,Botswana,2020,6.192,33010529929.0,2365895.0,21.985,2.617,0.188,9292.531,0.018,155.547,,,,,,,,,0.01,2.18,0.6659996082245869,0.28164657721173525,13952.660591023692
BWA,Botswana,2021,6.683,36918974292.0,2401448.0,23.198,2.783,0.181,9660.034,0.018,162.23,,,,,,,,,0.01,2.49,0.6283489843602397,0.2880851797568756,15373.630531246148
BWA,Botswana,2022,7.396,39293967463.0,2439895.0,29.284,3.031,0.188,12002.065,0.02,169.625,,,,,,,,,0.01,2.56,0.7452543454049126,0.25256112552929927,16104.778059301732
BRA,Brazil,1990,218.658,1185475140000.0,149143223.0,1562.972,1.466,0.184,10479.675,0.962,4711.567,43.267,56.326,0.0,0.0,7.317,2.062,46.947,43.674,210.567,222.82,1.3184350706839791,0.13989885935256677,7948.568605091765
BRA,Brazil,1991,229.394,1213090136106.0,151724253.0,1624.042,1.512,0.189,10703.902,0.989,4940.961,43.701,56.046,0.0,0.0,8.075,2.064,45.907,43.954,221.782,234.376,1.3387644921531956,0.14124881006771992,7995.36074239891
BRA,Brazil,1992,233.601,1221828516629.0,154275077.0,1652.104,1.514,0.191,10708.817,1.037,5174.562,44.017,55.679,0.0,0.0,7.705,2.299,45.676,44.321,228.272,241.762,1.3521570150925282,0.14139606223337028,7919.80493796156
BRA,Brazil,1993,244.306,1298220757545.0,156794574.0,1730.256,1.558,0.188,11035.176,1.074,5418.868,44.217,55.71,0.0,0.0,7.58,2.571,45.559,44.29,240.049,252.003,1.3327902746463554,0.14119644723093,8279.755634560415
BRA,Brazil,1994,254.002,1391783970549.0,159265011.0,1806.904,1.595,0.183,11345.266,1.106,5672.87,43.932,56.059,0.0,0.0,7.449,2.688,45.922,43.941,248.093,260.041,1.2982647007259702,0.14057304649278546,8738.793045692879
BRA,Brazil,1995,268.678,1468835128486.0,161735079.0,1913.031,1.661,0.183,11828.174,1.142,5941.547,43.373,56.252,0.0,0.0,7.377,2.802,46.074,43.748,259.499,275.601,1.30241370382519,0.14044623427430084,9081.735004970691
BRA,Brazil,1996,289.311,1520364859776.0,164202549.0,2030.631,1.762,0.19,12366.625,1.194,6230.858,42.834,56.826,0.0,0.0,7.169,2.907,46.75,43.174,272.491,291.246,1.3356208458403722,0.1424734479085565,9259.081963313492
BRA,Brazil,1997,306.949,1591956040321.0,166661662.0,2149.204,1.842,0.193,12895.613,1.259,6537.807,42.148,57.433,0.0,0.001,6.813,2.984,47.636,42.567,286.355,307.981,1.3500397910275446,0.14281985330382785,9552.023070074749
BRA,Brazil,1998,317.359,1617675773756.0,169159651.0,2239.432,1.876,0.196,13238.571,1.306,6855.167,42.033,57.553,0.0,0.001,6.405,3.002,48.146,42.447,298.979,321.749,1.3843515717617354,0.1417140596365507,9563.012007845771
BRA,Brazil,1999,327.256,1645887982219.0,171641544.0,2269.971,1.907,0.199,13225.068,1.318,7182.422,41.786,57.716,0.0,0.0,6.397,3.513,47.805,42.284,301.378,334.726,1.3791770913471317,0.14416748055371634,9589.100306735763
BRA,Brazil,2000,340.183,1739728033832.0,174018278.0,2364.255,1.955,0.196,13586.246,1.333,7522.605,40.939,58.334,0.0,0.0,6.548,4.203,47.582,41.666,312.26,348.93,1.3589796531544014,0.1438859175511948,9997.386790782977
BRA,Brazil,2001,346.166,1785513006345.0,176301201.0,2304.051,1.963,0.194,13068.835,1.347,7868.771,37.181,61.071,0.0,0.004,6.596,5.447,49.027,38.929,276.93,328.55,1.2904140108822075,0.15024233404555715,10127.628151239876
BRA,Brazil,2002,347.765,1861742323845.0,178503485.0,2351.535,1.948,0.187,13173.609,1.324,8216.536,38.819,59.532,0.0,0.007,6.265,6.315,46.952,40.468,296.42,345.72,1.2630829572287137,0.14788850686891752,10429.725357154792
BRA,Brazil,2003,344.645,1904932706436.0,180622688.0,2386.334,1.908,0.181,13211.707,1.246,8561.181,40.449,57.989,0.0,0.007,6.41,6.97,44.61,42.011,317.62,364.39,1.2527130181226556,0.14442446028091624,10546.47523812734
BRA,Brazil,2004,361.434,2038447931287.0,182675144.0,2503.373,1.979,0.177,13703.958,1.263,8922.615,40.444,58.27,0.0,0.007,6.402,7.897,43.971,41.73,333.38,387.49,1.2280779712727141,0.1443788041174847,11158.868615902118
BRA,Brazil,2005,364.371,2129214530430.0,184688101.0,2569.063,1.973,0.171,13910.277,1.231,9286.985,41.27,57.674,0.0,0.01,6.023,8.024,43.627,42.326,351.19,403.07,1.2065778075829547,0.14183030933846308,11528.704442253158
BRA,Brazil,2006,368.871,2240805319046.0,186653099.0,2641.583,1.976,0.165,14152.363,1.206,9655.856,41.147,57.428,0.0,0.025,5.774,8.206,43.448,42.572,363.89,419.45,1.178854306327971,0.13964013245088266,12005.186793314371
BRA,Brazil,2007,390.573,2405626901513.0,188552311.0,2810.543,2.071,0.162,14905.908,1.24,10046.431,42.285,56.519,0.0,0.064,5.75,7.94,42.829,43.481,392.74,445.15,1.1683204067232251,0.1389670963938285,12758.405817221726
BRA,Brazil,2008,412.638,2559842659987.0,190367297.0,2936.354,2.168,0.161,15424.676,1.287,10459.067,41.389,57.327,0.0,0.109,5.578,8.939,42.809,42.673,390.53,463.18,1.147083782100464,0.14052733423831051,13446.861411217074
BRA,Brazil,2009,389.775,2589568436235.0,192079958.0,2925.52,2.029,0.151,15230.74,1.237,10848.843,44.157,54.653,0.0,0.114,4.522,7.233,42.897,45.347,415.11,466.17,1.129732645433941,0.13323272443873227,13481.721170696008
BRA,Brazil,2010,440.269,2820492538862.0,193701931.0,3188.735,2.273,0.156,16462.07,1.321,11289.112,42.505,56.281,0.0,0.182,5.397,8.849,42.034,43.719,437.41,515.8,1.1305596295909994,0.13807011244270848,14560.993400019332
BRA,Brazil,2011,461.911,2968455007203.0,195284736.0,3316.323,2.365,0.156,16981.988,1.34,11751.023,42.378,56.37,0.0,0.216,5.544,8.48,42.346,43.63,463.66,531.76,1.1171882315726172,0.13928408059166733,15200.65043487577
BRA,Brazil,2012,497.468,3025484250011.0,196876113.0,3408.335,2.527,0.164,17312.078,1.423,12248.492,40.259,58.501,0.0,0.39,5.33,9.766,43.406,41.499,456.16,552.5,1.1265419742269716,0.14595631004581416,15367.452170345317
BRA,Brazil,2013,531.569,3116394665745.0,198478290.0,3500.955,2.678,0.171,17638.982,1.507,12780.061,38.407,60.442,0.0,0.49,5.586,11.188,43.667,39.558,438.54,570.83,1.1233991119552464,0.15183542776185355,15701.438508690295
BRA,Brazil,2014,556.526,3132099937531.0,200085126.0,3575.635,2.781,0.178,17870.57,1.569,13336.586,37.566,61.318,0.001,0.886,5.808,11.589,43.921,38.682,432.75,590.55,1.1416094860685173,0.1556439625409193,15653.836945036084
BRA,Brazil,2015,528.174,3021043246476.0,201675534.0,3535.438,2.619,0.175,17530.328,1.492,13864.759,38.708,60.217,0.004,1.578,5.908,12.374,41.935,39.783,431.31,581.22,1.170270569322049,0.14939421933010846,14979.721072542196
BRA,Brazil,2016,491.745,2922076150345.0,203218108.0,3451.454,2.42,0.168,16983.99,1.389,14356.505,41.536,57.285,0.006,2.49,5.48,10.976,40.829,42.715,465.82,578.89,1.181164973949258,0.1424747367341416,14379.01464147575
BRA,Brazil,2017,497.255,2960731613785.0,204703440.0,3477.629,2.429,0.168,16988.619,1.382,14853.759,41.294,57.551,0.061,3.11,5.733,11.047,40.771,42.449,467.02,589.32,1.1745843438859351,0.1429867878373455,14463.516655044976
BRA,Brazil,2018,476.601,3013541086239.0,206107265.0,3486.378,2.312,0.158,16915.357,1.297,15330.359,44.126,54.731,0.252,3.534,5.597,10.518,38.615,45.269,495.29,601.39,1.1569040873277479,0.1367037653404192,14621.226894835561
BRA,Brazil,2019,476.724,3050327159562.0,207455459.0,3567.019,2.298,0.156,17194.145,1.285,15807.083,45.178,53.678,0.472,3.973,5.146,10.243,38.288,46.322,515.44,633.33,1.1693889912163364,0.13364773218197043,14703.528045323696
BRA,Brazil,2020,447.999,2950377451264.0,208660845.0,3422.429,2.147,0.152,16401.875,1.274,16255.082,47.116,51.847,0.793,4.211,4.852,9.395,37.6,48.153,522.92,628.76,1.1599970025983501,0.13090088939755945,14139.583548911633
BRA,Brazil,2021,496.562,3097565215045.0,209550291.0,3581.199,2.37,0.16,17089.926,1.347,16751.645,43.673,55.294,1.176,5.076,5.619,11.532,38.143,44.706,507.87,656.4,1.1561335279095888,0.13865803045292932,14781.965705048819
BRA,Brazil,2022,480.058,3187412907763.0,210306411.0,3731.718,2.283,0.151,17744.193,1.279,17231.701,47.66,51.359,2.03,5.5,4.464,8.772,38.123,48.641,593.89,677.16,1.170767047755669,0.12864262519300762,15156.042521989499
BGR,Bulgaria,1990,76.638,79352520673.0,8822366.0,324.408,8.687,0.966,36771.109,0.337,2324.738,1.401,85.997,0.0,0.0,29.717,19.496,36.784,14.003,1.63,41.9,4.088187712862171,0.23623955019604942,8994.47162733897
BGR,Bulgaria,1991,61.521,72983249507.0,8695798.0,262.598,7.075,0.843,30198.242,0.265,2386.259,2.41,83.58,0.0,0.0,32.846,20.359,30.375,16.42,2.27,40.69,3.598058482923723,0.23427825040556288,8392.932943819533
BGR,Bulgaria,1992,57.356,67935669606.0,8559091.0,247.091,6.701,0.844,28868.836,0.255,2443.614,2.148,84.811,0.0,0.0,36.694,19.15,28.966,15.189,1.9,35.44,3.6371320314207547,0.23212500657652443,7937.252870193809
BGR,Bulgaria,1993,58.389,67190225135.0,8466533.0,263.601,6.896,0.869,31134.502,0.257,2502.003,1.891,83.319,0.0,0.0,37.04,16.707,29.573,16.681,1.79,37.84,3.9232045951679337,0.22150522949457704,7935.978650883425
BGR,Bulgaria,1994,56.383,68680754016.0,8416924.0,253.54,6.699,0.821,30122.635,0.245,2558.386,1.426,81.696,0.0,0.0,35.259,17.379,29.058,18.304,1.3,37.98,3.691572750365187,0.22238305592805868,8159.840105007483
BGR,Bulgaria,1995,57.917,70965735433.0,8357576.0,272.66,6.93,0.816,32624.234,0.246,2616.302,2.226,80.096,0.0,0.0,32.813,19.518,27.766,19.904,2.17,41.65,3.84213590314192,0.2124147289664784,8491.18637186189
BGR,Bulgaria,1996,58.46,65116237713.0,8291402.0,271.906,7.051,0.898,32793.77,0.241,2674.763,2.968,78.451,0.0,0.0,32.786,20.008,25.656,21.549,2.89,42.68,4.175701937793557,0.21500077232573023,7853.465278007266
BGR,Bulgaria,1997,55.806,64936506648.0,8217101.0,257.145,6.791,0.859,31293.846,0.229,2730.569,2.96,77.748,0.0,0.0,39.537,16.881,21.33,22.252,2.72,42.58,3.9599450797977265,0.21702152482062653,7902.605389418969
BGR,Bulgaria,1998,53.114,67715867197.0,8138193.0,247.26,6.526,0.784,30382.707,0.219,2783.683,3.469,77.426,0.0,0.0,39.173,14.693,23.56,22.574,3.07,41.42,3.6514337072678633,0.21481032111946938,8320.74972871742
BGR,Bulgaria,1999,46.371,64098092292.0,8067464.0,217.257,5.748,0.723,26929.967,0.187,2830.054,3.516,76.13,0.0,0.0,36.722,14.493,24.916,23.87,2.73,37.93,3.38944564855818,0.2134384622819978,7945.259165953514
BGR,Bulgaria,2000,45.499,67719765830.0,8000519.0,217.377,5.687,0.672,27170.389,0.178,2875.553,3.386,73.217,0.0,0.0,33.914,15.786,23.517,26.783,2.63,40.59,3.209949079648198,0.20930917254355336,8464.421599398738
BGR,Bulgaria,2001,49.02,68877651140.0,7928455.0,224.567,6.183,0.712,28324.223,0.191,2924.573,2.044,73.753,0.0,0.0,37.383,12.833,23.537,26.247,1.65,43.44,3.2603754089050954,0.2182867473849675,8687.398886668336
BGR,Bulgaria,2002,46.141,73450036758.0,7861949.0,217.838,5.869,0.628,27707.934,0.176,2970.714,2.681,71.696,0.0,0.0,35.533,11.744,24.419,28.304,2.12,42.08,2.965798379621282,0.2118133658957574,9342.471791409484
BGR,Bulgaria,2003,50.491,77722336425.0,7804405.0,225.353,6.47,0.65,28875.049,0.183,3021.206,3.646,75.317,0.0,0.0,38.431,11.989,24.897,24.683,2.99,42.28,2.8994625015867825,0.224052930291587,9958.777949760424
BGR,Bulgaria,2004,49.537,83228668873.0,7749430.0,217.915,6.392,0.595,28120.139,0.173,3070.743,3.931,75.016,0.0,0.001,37.975,12.104,24.937,24.984,3.14,41.36,2.6182684758844346,0.22732257990500884,10739.972988077832
BGR,Bulgaria,2005,50.6,89684785590.0,7695047.0,236.086,6.576,0.564,30680.197,0.171,3121.343,4.937,73.654,0.0,0.005,34.374,13.946,25.335,26.346,4.3,43.89,2.6323974400661774,0.21432867683810136,11654.871710335232
BGR,Bulgaria,2006,51.837,96404598197.0,7640292.0,240.701,6.785,0.538,31504.156,0.169,3173.181,4.738,73.442,0.0,0.022,34.223,14.09,25.129,26.558,4.23,45.44,2.4967792460286438,0.21535847379113507,12617.920649760506
BGR,Bulgaria,2007,55.669,104058200673.0,7586896.0,232.64,7.338,0.535,30663.352,0.177,3228.85,3.307,79.861,0.0,0.054,39.75,14.66,25.451,20.139,2.88,42.82,2.235671946039743,0.23929246905089407,13715.516948301387
BGR,Bulgaria,2008,54.026,110900337989.0,7535589.0,230.224,7.169,0.487,30551.521,0.169,3282.876,3.391,78.429,0.0,0.14,38.314,14.825,25.29,21.571,2.93,44.49,2.0759539977491817,0.23466710681770797,14716.877206148052
BGR,Bulgaria,2009,45.75,107365071902.0,7488016.0,202.107,6.11,0.426,26990.662,0.145,3328.626,4.846,75.198,0.004,0.31,36.778,12.093,26.327,24.802,3.68,42.31,1.8824278363495899,0.22636524217370008,14338.253537652698
BGR,Bulgaria,2010,47.816,109045208364.0,7437594.0,211.471,6.429,0.438,28432.732,0.144,3376.442,7.258,73.795,0.018,0.847,38.193,12.75,22.851,26.205,5.76,45.93,1.939296583249179,0.22611138170245565,14661.355320551243
BGR,Bulgaria,2011,53.12,109435363210.0,7380023.0,224.607,7.198,0.485,30434.416,0.154,3429.562,4.618,76.432,0.117,1.0,42.21,13.717,20.505,23.568,3.89,49.96,2.0524170013397995,0.23650197901223025,14828.593787580337
BGR,Bulgaria,2012,48.277,110261509885.0,7317020.0,213.428,6.598,0.438,29168.732,0.138,3477.839,6.861,73.924,0.948,1.486,37.988,13.467,22.47,26.076,5.25,46.46,1.935652796906192,0.2261980621099387,15069.182520342982
BGR,Bulgaria,2013,42.583,109643527181.0,7264605.0,198.108,5.862,0.388,27270.346,0.121,3520.422,9.694,71.828,1.815,1.791,35.243,14.043,22.542,28.172,6.91,43.02,1.8068371667117429,0.2149484119773053,15092.840860721264
BGR,Bulgaria,2014,45.169,110703533681.0,7223450.0,211.55,6.253,0.408,29286.607,0.127,3565.591,9.634,71.093,1.526,1.616,35.255,13.062,22.776,28.907,7.39,46.92,1.9109597766734003,0.21351453557078706,15325.57623863943
BGR,Bulgaria,2015,48.127,114498611934.0,7177515.0,224.68,6.705,0.42,31303.371,0.136,3613.718,10.787,71.709,1.572,1.652,34.266,13.486,23.957,28.291,8.75,48.71,1.9622945309547632,0.21420242122129252,15952.403016085651
BGR,Bulgaria,2016,45.344,117979077002.0,7127436.0,213.117,6.362,0.384,29900.988,0.128,3659.062,9.37,71.853,1.652,1.696,31.371,14.803,25.679,28.147,7.04,44.53,1.8063965697611553,0.21276575777624498,16552.80762984052
BGR,Bulgaria,2017,47.446,121237951710.0,7075642.0,218.174,6.706,0.391,30834.584,0.132,3706.508,8.073,73.967,1.621,1.738,32.812,14.851,26.303,26.033,6.13,44.84,1.7995520125733409,0.21746862595909686,17134.55142445025
BGR,Bulgaria,2018,43.503,124492855771.0,7024745.0,218.814,6.193,0.349,31149.057,0.118,3750.011,12.096,69.389,1.542,1.513,29.284,13.953,26.151,30.611,9.38,46.51,1.7576430281469344,0.1988126902300584,17722.04624808445
BGR,Bulgaria,2019,42.195,129520075495.0,6975466.0,211.551,6.049,0.326,30327.924,0.114,3792.206,10.38,70.071,1.674,1.555,28.221,13.505,28.345,29.929,7.49,43.72,1.6333452493097622,0.19945545045875462,18567.94592576324
BGR,Bulgaria,2020,36.571,124392792956.0,6933656.0,195.374,5.274,0.294,28177.615,0.104,3828.777,11.122,67.664,1.874,1.885,24.983,15.093,27.588,32.336,7.47,40.14,1.5706215396989065,0.1871845793196638,17940.433294642826
BGR,Bulgaria,2021,42.365,133889804025.0,6877222.0,221.882,6.16,0.316,32263.266,0.115,3871.142,13.231,68.288,1.644,1.607,27.739,15.027,25.521,31.712,10.31,47.22,1.6571986314848144,0.19093482121127447,19468.5883377038
BGR,Bulgaria,2022,46.932,138390156500.0,6825862.0,229.39,6.876,0.339,33606.043,0.125,3918.073,12.026,70.186,2.262,1.62,31.937,11.889,26.36,29.814,9.63,50.28,1.65756008809774,0.20459479489079732,20274.385345030416
BFA,Burkina Faso,1990,0.594,10752296234.0,9159358.0,2.02,0.065,0.055,220.592,0.003,9.315,,,,,,,,,,,0.1878668477913143,0.29405940594059404,1173.91374308112
BFA,Burkina Faso,1991,0.638,11509843577.0,9394631.0,2.332,0.068,0.055,248.237,0.003,9.953,,,,,,,,,,,0.20260918268776573,0.27358490566037735,1225.1512142414108
BFA,Burkina Faso,1992,0.634,11312544997.0,9629280.0,2.345,0.066,0.056,243.531,0.003,10.586,,,,,,,,,,,0.20729199314759642,0.270362473347548,1174.8069426789957
BFA,Burkina Faso,1993,0.634,11471092622.0,9871715.0,2.552,0.064,0.055,258.528,0.003,11.22,,,,,,,,,,,0.2224722686926623,0.24843260188087773,1162.0161868530442
BFA,Burkina Faso,1994,0.66,11400569605.0,10123807.0,2.806,0.065,0.058,277.202,0.003,11.88,,,,,,,,,,,0.246128053002664,0.23521026372059872,1126.1148701274135
BFA,Burkina Faso,1995,0.661,11823046260.0,10386723.0,2.828,0.064,0.056,272.304,0.003,12.541,,,,,,,,,,,0.23919385391967501,0.23373408769448373,1138.284544605647
BFA,Burkina Faso,1996,0.727,12896055272.0,10655943.0,2.979,0.068,0.056,279.571,0.003,13.267,,,,,,,,,,,0.23100087097703623,0.24404162470627727,1210.2218707438656
BFA,Burkina Faso,1997,0.764,13326250630.0,10934222.0,4.839,0.07,0.057,442.538,0.003,14.031,,,,,,,,,,,0.36311788922132854,0.15788386030171522,1218.7653250501041
BFA,Burkina Faso,1998,0.848,13917970173.0,11240668.0,4.398,0.075,0.061,391.219,0.003,14.879,,,,,,,,,,,0.3159943544448635,0.1928149158708504,1238.1799883245374
BFA,Burkina Faso,1999,1.04,14604702492.0,11574930.0,4.443,0.09,0.071,383.809,0.004,15.919,,,,,,,,,,,0.30421708367108036,0.2340760747242854,1261.7529861519681
BFA,Burkina Faso,2000,0.931,14546973590.0,11925548.0,4.066,0.078,0.064,340.959,0.004,16.85,,,,,,,,,0.1,0.39,0.27950830974183405,0.22897196261682243,1219.8159438878615
BFA,Burkina Faso,2001,1.064,15179805834.0,12294996.0,4.626,0.087,0.07,376.25,0.004,17.914,,,,,,,,,0.05,0.36,0.3047469809948822,0.23000432338953739,1234.63284038482
BFA,Burkina Faso,2002,1.067,15543232009.0,12680904.0,4.832,0.084,0.069,381.058,0.004,18.982,,,,,,,,,0.06,0.36,0.31087485519112923,0.22081953642384106,1225.7195550885015
BFA,Burkina Faso,2003,1.184,16390237677.0,13082530.0,5.298,0.091,0.072,404.996,0.004,20.166,,,,,,,,,0.1,0.45,0.32324119420394665,0.22348055870139674,1252.8339454983095
BFA,Burkina Faso,2004,1.107,16718435442.0,13500536.0,4.748,0.082,0.066,351.7,0.004,21.273,,,,,,,,,0.1,0.47,0.2839978666946364,0.233150800336984,1238.3534581145518
BFA,Burkina Faso,2005,1.104,17737650575.0,13932127.0,5.057,0.079,0.062,362.958,0.004,22.377,,,,,,,,,0.1,0.52,0.2850997644032685,0.21831125173027488,1273.147350365095
BFA,Burkina Faso,2006,1.217,18406718353.0,14373713.0,5.023,0.085,0.066,349.467,0.004,23.594,,,,,,,,,0.08,0.55,0.2728894908733871,0.24228548676089987,1280.582014751512
BFA,Burkina Faso,2007,1.616,18724205542.0,14816313.0,7.122,0.109,0.086,480.703,0.005,25.211,,,,,,,,,0.11,0.61,0.3803632674307459,0.2269025554619489,1263.7560735926677
BFA,Burkina Faso,2008,1.818,19365623019.0,15258103.0,7.752,0.119,0.094,508.09,0.006,27.029,,,,,,,,,0.13,0.61,0.4002969588117231,0.23452012383900928,1269.2025357936043
BFA,Burkina Faso,2009,1.836,19506442026.0,15710067.0,7.278,0.117,0.094,463.295,0.006,28.865,,,,,,,,,0.13,0.7,0.37310750931918824,0.2522671063478978,1241.6523765302848
BFA,Burkina Faso,2010,1.985,20688336651.0,16176503.0,8.094,0.123,0.096,500.353,0.006,30.85,,,,,,,,,0.13,0.58,0.39123493282911,0.24524339016555477,1278.9127941310926
BFA,Burkina Faso,2011,2.149,21589787625.0,16661907.0,9.206,0.129,0.1,552.546,0.006,32.999,,,,,,,,,0.09,0.54,0.42640530605960514,0.23343471648924613,1295.7572998696967
BFA,Burkina Faso,2012,2.612,22982976785.0,17172284.0,10.855,0.152,0.114,632.108,0.007,35.611,,,,,,,,,0.11,0.64,0.4723060942690675,0.24062643942883463,1338.3762337613332
BFA,Burkina Faso,2013,2.809,24314382909.0,17695411.0,13.013,0.159,0.116,735.404,0.008,38.42,,,,,,,,,0.12,0.75,0.5351976255660275,0.21586106201490818,1374.050193521925
BFA,Burkina Faso,2014,2.868,25366464630.0,18229466.0,12.132,0.157,0.113,665.529,0.008,41.287,,,,,,,,,0.1,0.88,0.4782692494582758,0.23639960435212662,1391.5089246168814
BFA,Burkina Faso,2015,3.744,26361085012.0,18777488.0,15.465,0.199,0.142,823.61,0.011,45.031,,,,,,,,,0.1,1.01,0.5866602225576101,0.24209505334626577,1403.86642835293
BFA,Burkina Faso,2016,3.988,27931683815.0,19334854.0,14.777,0.206,0.143,764.289,0.011,49.019,,,,,,,,,0.16,0.99,0.5290407874395452,0.26987886580496717,1444.6286387784464
BFA,Burkina Faso,2017,4.622,29664279937.0,19894413.0,17.163,0.232,0.156,862.711,0.013,53.64,,,,,,,,,0.16,1.12,0.5785746371208134,0.26930023888597565,1491.0859615209556
BFA,Burkina Faso,2018,5.226,31623015393.0,20438289.0,19.286,0.256,0.165,943.597,0.014,58.867,,,,,,,,,0.27,1.87,0.609872264245525,0.2709737633516541,1547.2437733413008
BFA,Burkina Faso,2019,5.618,33422048798.0,20961956.0,19.987,0.268,0.168,953.479,0.015,64.485,,,,,,,,,0.26,1.6,0.5980183956046415,0.2810827037574423,1594.4146051065081
BFA,Burkina Faso,2020,5.618,34067429050.0,21478691.0,20.109,0.262,0.165,936.216,0.016,70.103,,,,,,,,,0.3,1.59,0.5902705475804022,0.2793773932070217,1586.1035968160256
BFA,Burkina Faso,2021,6.329,36419784717.0,21995249.0,22.951,0.288,0.174,1043.45,0.017,76.431,,,,,,,,,0.31,1.71,0.6301794526887181,0.27576140473182,1655.8023379048811
BFA,Burkina Faso,2022,6.542,37320442404.0,22509038.0,22.776,0.291,0.175,1011.84,0.017,82.974,,,,,,,,,0.26,1.69,0.6102821545748577,0.2872321742184756,1658.020320726279
BDI,Burundi,1990,0.209,6041848505.0,5587051.0,1.372,0.037,0.035,245.513,0.001,3.769,,,,,,,,,,,0.22708282057462809,0.152332361516035,1081.4020679245634
BDI,Burundi,1991,0.238,6316030264.0,5703860.0,1.567,0.042,0.038,274.805,0.001,4.007,,,,,,,,,,,0.248098874530662,0.15188257817485643,1107.3256117786902
BDI,Burundi,1992,0.216,6377442162.0,5858405.0,1.446,0.037,0.034,246.856,0.001,4.223,,,,,,,,,,,0.2267366701678603,0.14937759336099585,1088.5970092542254
BDI,Burundi,1993,0.227,5844277258.0,5676847.0,1.639,0.04,0.039,288.756,0.001,4.45,,,,,,,,,,,0.2804452847880271,0.13849908480780965,1029.4935301233238
BDI,Burundi,1994,0.234,5760142060.0,5713856.0,1.716,0.041,0.041,300.241,0.001,4.685,,,,,,,,,,,0.2979093192711987,0.13636363636363635,1008.1006696703593
BDI,Burundi,1995,0.238,5429588207.0,6066319.0,1.642,0.039,0.044,270.712,0.001,4.923,,,,,,,,,,,0.3024170411087678,0.14494518879415347,895.0383596708317
BDI,Burundi,1996,0.242,4794534934.0,6070510.0,1.72,0.04,0.05,283.28,0.001,5.165,,,,,,,,,,,0.35874178073096924,0.14069767441860465,789.8076000204267
BDI,Burundi,1997,0.249,4657583236.0,6070038.0,1.718,0.041,0.053,283.108,0.001,5.414,,,,,,,,,,,0.3688608260870166,0.14493597206053552,767.3070969242697
BDI,Burundi,1998,0.249,4813569995.0,6187114.0,1.764,0.04,0.052,285.074,0.001,5.663,,,,,,,,,,,0.36646397618240095,0.141156462585034,777.9992408415296
BDI,Burundi,1999,0.253,4732759799.0,6337155.0,1.758,0.04,0.053,277.378,0.001,5.916,,,,,,,,,,,0.3714534594321591,0.14391353811149032,746.8272117377593
BDI,Burundi,2000,0.271,4647178132.0,6470196.0,1.457,0.042,0.058,225.243,0.001,6.187,,,,,,,,,0.1,0.1,0.31352359617274944,0.18599862731640357,718.2437953966155
BDI,Burundi,2001,0.205,4722946125.0,6634368.0,1.176,0.031,0.043,177.225,0.001,6.392,,,,,,,,,0.11,0.11,0.24899712359094506,0.17431972789115646,711.8908877228396
BDI,Burundi,2002,0.213,4917697691.0,6824139.0,1.081,0.031,0.043,158.469,0.001,6.605,,,,,,,,,0.13,0.13,0.21981831090966913,0.19703977798334876,720.6326968134734
BDI,Burundi,2003,0.169,4852463827.0,7043158.0,0.882,0.024,0.035,125.226,0.001,6.773,,,,,,,,,0.1,0.1,0.18176333331788894,0.19160997732426305,688.9613759907132
BDI,Burundi,2004,0.198,5086686387.0,7310656.0,1.069,0.027,0.039,146.285,0.001,6.971,,,,,,,,,0.09,0.09,0.21015645916996847,0.18521983161833488,695.7906906028679
BDI,Burundi,2005,0.158,5144959327.0,7587303.0,0.895,0.021,0.031,117.998,0.001,7.129,,,,,,,,,0.09,0.09,0.17395667159177913,0.17653631284916202,678.1012076359676
BDI,Burundi,2006,0.187,5422209655.0,7865545.0,1.074,0.024,0.034,136.604,0.001,7.316,,,,,,,,,0.09,0.09,0.1980742295734782,0.17411545623836128,689.3622317334654
BDI,Burundi,2007,0.187,5601361293.0,8161879.0,1.736,0.023,0.033,212.69,0.001,7.503,,,,,,,,,0.12,0.12,0.30992466102293253,0.1077188940092166,686.2833047390191
BDI,Burundi,2008,0.202,5894788502.0,8505643.0,1.077,0.024,0.034,126.631,0.001,7.704,,,,,,,,,0.11,0.11,0.18270375597607827,0.18755803156917364,693.0444296803898
BDI,Burundi,2009,0.216,6197653893.0,8947653.0,1.076,0.024,0.035,120.272,0.001,7.92,,,,,,,,,0.12,0.12,0.1736140834220024,0.20074349442379183,692.6569339468126
BDI,Burundi,2010,0.333,6558969212.0,9376448.0,1.563,0.036,0.051,166.689,0.001,8.254,,,,,,,,,0.14,0.16,0.23829963969649443,0.21305182341650672,699.5153401373313
BDI,Burundi,2011,0.414,6787360000.0,9717980.0,1.91,0.043,0.061,196.506,0.001,8.668,,,,,,,,,0.14,0.15,0.28140543598689327,0.21675392670157068,698.4332134867534
BDI,Burundi,2012,0.392,7086796000.0,10071033.0,1.771,0.039,0.055,175.833,0.001,9.06,,,,,,,,,0.15,0.15,0.24990136586406608,0.22134387351778656,703.6811417458368
BDI,Burundi,2013,0.436,7430922000.0,10439346.0,1.948,0.042,0.059,186.6,0.001,9.496,,,,,,,,,0.15,0.17,0.2621478196110792,0.22381930184804927,711.818728874395
BDI,Burundi,2014,0.355,7764240000.0,10799789.0,1.801,0.033,0.046,166.763,0.001,9.851,,,,,,,,,0.15,0.18,0.2319608873502107,0.1971127151582454,718.925156778526
BDI,Burundi,2015,0.355,7340438000.0,11047581.0,1.834,0.032,0.048,166.04,0.001,10.206,,,,,,,,,0.15,0.18,0.24984885098137197,0.1935659760087241,664.4384865790981
BDI,Burundi,2016,0.429,7554391939.0,11239459.0,2.047,0.038,0.057,182.132,0.001,10.635,,,,,,,,,0.16,0.18,0.27096820187899445,0.20957498778700534,672.1312777598993
BDI,Burundi,2017,0.516,7833860723.0,11506764.0,2.419,0.045,0.066,210.261,0.001,11.151,,,,,,,,,0.21,0.28,0.30878772109106845,0.21331128565522944,680.8048486090443
BDI,Burundi,2018,0.645,8207327776.0,11859444.0,3.128,0.054,0.079,263.726,0.002,11.797,,,,,,,,,0.25,0.35,0.38112283137356207,0.20620204603580564,692.0499625446184
BDI,Burundi,2019,0.685,8573379471.0,12255339.0,3.189,0.056,0.08,260.234,0.002,12.482,,,,,,,,,0.27,0.39,0.3719653388476499,0.2148008780181875,699.5628167446041
BDI,Burundi,2020,0.739,8635657446.0,12617041.0,3.604,0.059,0.086,285.653,0.002,13.221,,,,,,,,,0.28,0.37,0.4173393887537025,0.20504994450610434,684.4439552823835
BDI,Burundi,2021,0.772,8956206318.0,12965487.0,3.534,0.06,0.086,272.584,0.002,13.993,,,,,,,,,0.27,0.39,0.39458671166355774,0.21844934917940012,690.7728431643177
BDI,Burundi,2022,0.878,9177077459.0,13321102.0,4.091,0.066,0.096,307.098,0.002,14.87,,,,,,,,,0.27,0.39,0.4457846213325723,0.2146174529454901,688.9127835670051
KHM,Cambodia,1990,1.26,13119771234.0,7374754.0,1.915,0.171,0.096,259.637,0.006,12.311,,,,,,,,,,,0.1459629109261647,0.6579634464751958,1779.0113723115373
KHM,Cambodia,1991,1.304,13798587857.0,7686857.0,2.035,0.17,0.095,264.771,0.006,13.615,,,,,,,,,,,0.1474788595100801,0.6407862407862407,1795.0884031015537
KHM,Cambodia,1992,1.348,14439550426.0,8113085.0,2.044,0.166,0.093,251.897,0.006,14.964,,,,,,,,,,,0.1415556537217082,0.6594911937377691,1779.7854239170426
KHM,Cambodia,1993,1.385,14667326402.0,8616383.0,2.04,0.161,0.094,236.789,0.006,16.349,,,,,,,,,,,0.13908465279137927,0.678921568627451,1702.2602641967053
KHM,Cambodia,1994,1.425,15501963200.0,9239160.0,2.042,0.154,0.092,221.044,0.006,17.774,,,,,,,,,,,0.13172525141847838,0.6978452497551421,1677.854177219574
KHM,Cambodia,1995,1.499,16125089863.0,10018500.0,6.06,0.15,0.093,604.913,0.006,19.273,,,,,,,,,,,0.3758118591267537,0.24735973597359737,1609.5313532964017
KHM,Cambodia,1996,1.517,16613603930.0,10801268.0,6.667,0.14,0.091,617.202,0.006,20.789,,,,,,,,,,,0.4012976370503856,0.22753862306884656,1538.1160739646493
KHM,Cambodia,1997,1.466,17142178985.0,11570986.0,7.923,0.127,0.085,684.69,0.006,22.255,,,,,,,,,,,0.46219328400041204,0.18503092263031679,1481.4795372667463
KHM,Cambodia,1998,1.876,17586612782.0,12058180.0,9.294,0.156,0.107,770.722,0.008,24.131,,,,,,,,,,,0.5284701559763949,0.201850656337422,1458.4798686037195
KHM,Cambodia,1999,1.894,19228281616.0,12265734.0,9.582,0.154,0.099,781.196,0.008,26.025,,,,,,,,,,,0.498328461760553,0.19766228344813191,1567.6421497482336
KHM,Cambodia,2000,1.997,20435399154.0,12462343.0,8.868,0.16,0.098,711.57,0.008,28.022,,,,,,,,,0.03,0.48,0.4339528644961255,0.225191700496166,1639.7718433845064
KHM,Cambodia,2001,2.235,21587210573.0,12658486.0,9.43,0.177,0.104,744.975,0.009,30.257,,,,,,,,,0.03,0.52,0.4368327240849952,0.23700954400848356,1705.3548562600615
KHM,Cambodia,2002,2.154,22474402661.0,12855249.0,9.414,0.168,0.096,732.305,0.008,32.412,,,,,,,,,0.04,0.57,0.41887653887843634,0.22880815806246016,1748.2666155280228
KHM,Cambodia,2003,2.253,23833222981.0,13050977.0,10.215,0.173,0.095,782.703,0.008,34.665,,,,,,,,,0.04,0.64,0.4286033831069958,0.22055800293685757,1826.1638941666972
KHM,Cambodia,2004,2.239,25705927295.0,13244737.0,10.568,0.169,0.087,797.893,0.008,36.904,,,,,,,,,0.03,0.74,0.41111140939294405,0.21186601059803178,1940.8409011821072
KHM,Cambodia,2005,2.209,28474467511.0,13439203.0,11.965,0.164,0.078,890.318,0.007,39.113,,,,,,,,,0.04,0.88,0.42020100974242236,0.1846218136230673,2118.761619346028
KHM,Cambodia,2006,2.847,30776292972.0,13639032.0,12.951,0.209,0.093,949.561,0.009,41.96,,,,,,,,,0.05,1.08,0.42081091480974353,0.2198285846652768,2256.486601981724
KHM,Cambodia,2007,3.489,33022342696.0,13841773.0,15.215,0.252,0.106,1099.202,0.011,45.45,,,,,,,,,0.05,1.34,0.46074865554111627,0.2293131777850805,2385.7017952830174
KHM,Cambodia,2008,3.936,34271375874.0,14053479.0,15.981,0.28,0.115,1137.172,0.012,49.386,,,,,,,,,0.05,1.48,0.46630751151499567,0.24629247231086915,2438.6399890020116
KHM,Cambodia,2009,4.579,34042366543.0,14276819.0,19.781,0.321,0.135,1385.545,0.015,53.965,,,,,,,,,0.06,1.24,0.5810700608905667,0.23148475810120822,2384.4503837304374
KHM,Cambodia,2010,5.067,34365990229.0,14500730.0,22.831,0.349,0.147,1574.498,0.015,59.033,,,,,,,,,0.04,0.97,0.6643486728554642,0.22193508825719416,2369.948976982538
KHM,Cambodia,2011,5.271,35746712625.0,14722587.0,23.589,0.358,0.147,1602.25,0.015,64.304,,,,,,,,,0.06,1.02,0.6598928479790525,0.2234516088007122,2428.0184335130775
KHM,Cambodia,2012,5.572,38360866456.0,14945090.0,25.466,0.373,0.145,1703.96,0.016,69.876,,,,,,,,,0.53,1.43,0.6638536183537345,0.21880153930731172,2566.7872495916718
KHM,Cambodia,2013,5.626,41183075555.0,15170210.0,26.173,0.371,0.137,1725.298,0.016,75.502,,,,,,,,,1.03,1.78,0.6355280572730893,0.21495434226110877,2714.7333856947266
KHM,Cambodia,2014,6.702,44124784572.0,15396771.0,27.599,0.435,0.152,1792.547,0.019,82.204,,,,,,,,,1.87,3.06,0.625476141531427,0.24283488532193195,2865.8466487551186
KHM,Cambodia,2015,8.186,47229402407.0,15623253.0,31.965,0.524,0.173,2045.979,0.023,90.39,,,,,,,,,2.2,4.49,0.6768029738030812,0.2560926012826529,3023.019751840414
KHM,Cambodia,2016,10.644,50470756754.0,15852802.0,39.699,0.671,0.211,2504.222,0.03,101.034,,,,,,,,,2.61,5.48,0.7865742967456834,0.26811758482581427,3183.7120500211886
KHM,Cambodia,2017,12.087,54002196805.0,16073374.0,41.997,0.752,0.224,2612.837,0.034,113.121,,,,,,,,,2.77,6.63,0.7776905845451003,0.2878062718765626,3359.729998505603
KHM,Cambodia,2018,13.938,58035619609.0,16274522.0,49.37,0.856,0.24,3033.558,0.038,127.058,,,,,,,,,4.82,8.18,0.8506844646894033,0.28231719667814464,3566.0414240737764
KHM,Cambodia,2019,18.626,62129452776.0,16481305.0,59.82,1.13,0.3,3629.568,0.05,145.685,,,,,,,,,4.21,8.67,0.9628283740993753,0.3113674356402541,3769.69255626299
KHM,Cambodia,2020,20.991,60205930987.0,16725484.0,60.6,1.255,0.349,3623.188,0.06,166.675,,,,,,,,,4.15,7.52,1.0065453520365808,0.34638613861386136,3599.652541415244
KHM,Cambodia,2021,20.775,62027758832.0,16974309.0,64.146,1.224,0.335,3779.001,0.056,187.451,,,,,,,,,5.7,9.71,1.0341498904343325,0.3238705453184922,3654.214073279802
KHM,Cambodia,2022,20.865,65136593996.0,17201721.0,63.084,1.213,0.32,3667.321,0.056,208.316,,,,,,,,,6.61,10.1,0.9684878519112305,0.3307494768879589,3786.6323954446184
CMR,Cameroon,1990,2.605,22937075576.0,11331827.0,17.431,0.23,0.114,1538.258,0.011,68.56,,,,,,,,,,,0.7599486666137495,0.14944638861797946,2024.1286401566138
CMR,Cameroon,1991,2.668,22472507403.0,11667186.0,17.545,0.229,0.119,1503.81,0.011,71.229,,,,,,,,,,,0.7807317485924069,0.15206611570247933,1926.129179992502
CMR,Cameroon,1992,2.712,22168696553.0,12006362.0,17.756,0.226,0.122,1478.863,0.012,73.941,,,,,,,,,,,0.8009492104125153,0.15273710295111512,1846.412473070527
CMR,Cameroon,1993,2.866,21846592889.0,12353131.0,15.116,0.232,0.131,1223.686,0.013,76.807,,,,,,,,,,,0.6919156720136014,0.18960042339243185,1768.5065340114988
CMR,Cameroon,1994,4.88,21685984140.0,12704900.0,16.42,0.384,0.225,1292.411,0.021,81.687,,,,,,,,,,,0.7571710785176292,0.29719853836784405,1706.899238876339
CMR,Cameroon,1995,5.375,22791497700.0,13058517.0,16.818,0.412,0.236,1287.891,0.023,87.061,,,,,,,,,,,0.7379067502000978,0.3195980497086455,1745.3358371398529
CMR,Cameroon,1996,5.975,24336586345.0,13414761.0,16.471,0.445,0.246,1227.809,0.025,93.036,,,,,,,,,,,0.6767999326817666,0.3627587881731528,1814.1647357712895
CMR,Cameroon,1997,5.379,26071011666.0,13775216.0,17.254,0.39,0.206,1252.557,0.022,98.415,,,,,,,,,,,0.6618078431724791,0.3117537962211661,1892.6027487336678
CMR,Cameroon,1998,5.373,27818636369.0,14144857.0,17.223,0.38,0.193,1217.582,0.022,103.788,,,,,,,,,,,0.6191173345647034,0.3119665563490681,1966.6961899296684
CMR,Cameroon,1999,5.219,29453506980.0,14525145.0,16.299,0.359,0.177,1122.113,0.021,109.008,,,,,,,,,,,0.5533806215697035,0.3202036934781275,2027.7599280420263
CMR,Cameroon,2000,5.589,31207712778.0,14912632.0,16.997,0.375,0.179,1139.795,0.022,114.596,,,,,,,,,3.41,3.45,0.5446410033606213,0.32882273342354534,2092.7032047729735
CMR,Cameroon,2001,5.562,33173869115.0,15309489.0,16.726,0.363,0.168,1092.551,0.022,120.159,,,,,,,,,3.44,3.51,0.5041920175791952,0.33253617123041973,2166.882847298169
CMR,Cameroon,2002,5.351,35058274715.0,15725534.0,17.112,0.34,0.153,1088.163,0.02,125.509,,,,,,,,,3.15,3.27,0.4881016005239549,0.3127045348293595,2229.385324212202
CMR,Cameroon,2003,5.705,37066671075.0,16160340.0,18.145,0.353,0.154,1122.792,0.021,131.214,,,,,,,,,3.49,3.65,0.48952332307602564,0.3144116836594103,2293.6813875821917
CMR,Cameroon,2004,5.698,39050234319.0,16610485.0,18.567,0.343,0.146,1117.777,0.02,136.912,,,,,,,,,3.88,4.07,0.47546449653353745,0.306888565734906,2350.9388388719535
CMR,Cameroon,2005,5.424,40566543367.0,17074599.0,17.96,0.318,0.134,1051.854,0.018,142.336,,,,,,,,,3.73,3.96,0.44272936536688184,0.3020044543429844,2375.8416444802015
CMR,Cameroon,2006,5.486,42544656064.0,17550403.0,23.041,0.313,0.129,1312.83,0.018,147.822,,,,,,,,,4.49,5.06,0.5415721298895773,0.23809730480447897,2424.1412612576473
CMR,Cameroon,2007,7.409,44640871980.0,18049897.0,23.063,0.41,0.166,1277.756,0.024,155.231,,,,,,,,,3.89,5.21,0.5166341735065723,0.32125048779430254,2473.1926160021853
CMR,Cameroon,2008,7.321,46686367319.0,18574052.0,22.834,0.394,0.157,1229.333,0.023,162.552,,,,,,,,,4.27,5.64,0.48909352582476945,0.3206183761058071,2513.5262525915186
CMR,Cameroon,2009,8.555,48395507236.0,19113978.0,25.567,0.448,0.177,1337.605,0.027,171.107,,,,,,,,,4.05,5.74,0.5282928408069553,0.3346110220205734,2531.943232120493
CMR,Cameroon,2010,8.383,50826589427.0,19668063.0,29.819,0.426,0.165,1516.104,0.025,179.49,,,,,,,,,4.28,5.86,0.5866811119173699,0.28112948120325965,2584.2193726448813
CMR,Cameroon,2011,8.105,53836234148.0,20232312.0,31.617,0.401,0.151,1562.703,0.024,187.596,,,,,,,,,4.41,5.88,0.5872810477991905,0.25634943226745105,2660.9037142171396
CMR,Cameroon,2012,7.607,56263171005.0,20809530.0,32.035,0.366,0.135,1539.453,0.022,195.203,,,,,,,,,4.27,5.43,0.5693777906181845,0.23745902918682693,2703.7213721309417
CMR,Cameroon,2013,7.853,59069016946.0,21402379.0,27.009,0.367,0.133,1261.96,0.022,203.056,,,,,,,,,4.4,6.34,0.4572447857849271,0.2907549335406716,2759.9276204762095
CMR,Cameroon,2014,8.775,62482615428.0,22059894.0,35.728,0.398,0.14,1619.597,0.025,211.831,,,,,,,,,4.41,6.89,0.5718070499332748,0.24560568741603225,2832.407781651172
CMR,Cameroon,2015,9.85,65981645134.0,22763418.0,36.065,0.433,0.149,1584.326,0.028,221.681,,,,,,,,,4.37,7.96,0.5465914032115561,0.2731179814224317,2898.5825034711397
CMR,Cameroon,2016,9.965,68936963106.0,23454165.0,35.076,0.425,0.145,1495.517,0.028,231.646,,,,,,,,,4.38,7.11,0.5088126662334379,0.2840973885277683,2939.2205224956847
CMR,Cameroon,2017,9.582,71378025048.0,24128609.0,34.567,0.397,0.134,1432.621,0.027,241.228,,,,,,,,,5.1,8.05,0.48428070091256414,0.27720079844938816,2958.232074132413
CMR,Cameroon,2018,9.844,74248839020.0,24806377.0,37.52,0.397,0.133,1512.503,0.027,251.071,,,,,,,,,5.03,8.54,0.5053277666724654,0.26236673773987207,2993.135153110025
CMR,Cameroon,2019,9.605,76789634582.0,25506095.0,36.377,0.377,0.125,1426.228,0.026,260.677,,,,,,,,,5.09,8.28,0.47372279081696544,0.2640404651290651,3010.6386172403104
CMR,Cameroon,2020,9.716,77203536828.0,26210566.0,37.856,0.371,0.126,1444.284,0.028,270.393,,,,,,,,,5.29,8.8,0.49034022993452386,0.2566568047337278,2945.5120056545134
CMR,Cameroon,2021,9.734,80020685294.0,26915765.0,35.881,0.362,0.122,1333.103,0.026,280.127,,,,,,,,,5.29,8.41,0.44839655981664506,0.2712856386388339,2973.0043078470926
CMR,Cameroon,2022,9.792,82727797383.0,27632770.0,36.181,0.354,0.118,1309.364,0.026,289.919,,,,,,,,,5.29,8.15,0.43734997358257904,0.2706392858129958,2993.82933317941
CAN,Canada,1990,458.018,835996817449.0,27789437.0,3008.582,16.482,0.548,108263.508,2.015,17166.375,28.252,64.928,0.0,0.0,10.695,21.606,32.627,35.072,299.639,480.593,3.598795996832295,0.15223716687795114,30083.258521898086
CAN,Canada,1991,449.776,820274272433.0,28157154.0,3020.828,15.974,0.548,107284.562,1.938,17616.152,29.252,62.834,0.0,0.0,10.319,21.686,30.829,37.166,311.262,506.995,3.6827047995056326,0.1488916283879784,29132.002205656154
CAN,Canada,1992,463.393,829742094636.0,28500066.0,3101.725,16.259,0.558,108832.219,2.058,18079.545,29.262,63.426,0.0,0.005,10.237,22.386,30.804,36.574,319.701,518.627,3.738179634432911,0.14939847987813232,29113.690285348814
CAN,Canada,1993,464.072,853775990714.0,28830635.0,3180.007,16.096,0.544,110299.57,2.04,18543.615,29.209,62.476,0.0,0.005,8.866,23.171,30.439,37.524,327.092,530.232,3.724638587389425,0.14593426995600953,29613.49934588676
CAN,Canada,1994,478.468,894851932653.0,29147383.0,3301.156,16.415,0.535,113257.367,2.083,19022.084,28.705,62.101,0.0,0.005,9.055,23.103,29.944,37.899,333.65,553.055,3.689052769001619,0.14493953027363748,30700.935746204043
CAN,Canada,1995,491.305,921360066054.0,29459138.0,3381.887,16.678,0.533,114799.25,2.089,19513.389,28.664,63.196,0.0,0.005,9.236,23.299,30.661,36.804,341.26,557.869,3.6705378544177005,0.14527540393868868,31275.86645793913
CAN,Canada,1996,507.775,938872519434.0,29767210.0,3474.036,17.058,0.541,116706.812,2.095,20021.164,29.629,62.855,0.0,0.005,9.18,23.075,30.6,37.145,362.188,571.622,3.7002211994598855,0.1461628492047866,31540.49437061787
CAN,Canada,1997,522.019,981728042651.0,30059088.0,3491.245,17.366,0.532,116146.086,2.141,20543.184,29.044,64.306,0.001,0.005,9.542,23.4,31.364,35.694,356.917,572.341,3.556224176476053,0.1495223050802794,32659.94106843827
CAN,Canada,1998,529.615,1022474596969.0,30329971.0,3441.169,17.462,0.518,113457.711,2.18,21072.797,28.09,66.07,0.001,0.005,10.341,23.322,32.408,33.93,339.929,561.991,3.3655300681316893,0.15390554779494992,33711.69055746872
CAN,Canada,1999,543.859,1078414980757.0,30599458.0,3550.909,17.774,0.504,116044.836,2.19,21616.658,28.364,65.818,0.001,0.013,9.635,24.165,32.018,34.182,354.119,577.774,3.292711120822355,0.15316050059294675,35242.943870345676
CAN,Canada,2000,566.68,1137681278760.0,30891800.0,3647.49,18.344,0.498,118073.062,2.221,22183.338,28.536,65.852,0.001,0.02,9.925,24.932,30.995,34.148,365.96,603.82,3.2060736764303015,0.1553616322457361,36827.937470785124
CAN,Canada,2001,558.981,1161459919261.0,31213578.0,3572.098,17.908,0.481,114440.516,2.176,22742.316,27.032,66.972,0.002,0.026,10.52,23.951,32.502,33.028,341.54,587.76,3.0755241233574484,0.15648534838629846,37210.085920332494
CAN,Canada,2002,564.256,1199865635264.0,31535579.0,3693.393,17.893,0.47,117118.281,2.148,23306.574,27.335,66.997,0.002,0.031,10.241,24.125,32.631,33.003,359.75,599.79,3.078172164825241,0.1527744272001382,38047.997636701075
CAN,Canada,2003,581.19,1224575760991.0,31836483.0,3711.021,18.255,0.475,116565.047,2.102,23887.766,26.02,68.423,0.002,0.052,10.155,24.619,33.649,31.577,346.27,588.27,3.0304543975268787,0.15661188659401282,38464.542738310636
CAN,Canada,2004,576.286,1265917327101.0,32132680.0,3768.068,17.935,0.455,117265.898,2.014,24464.051,25.7,67.733,0.001,0.069,9.445,23.708,34.58,32.267,349.15,598.5,2.9765514061088196,0.15293938432108975,39396.56844997056
CAN,Canada,2005,570.396,1310077836124.0,32440172.0,3796.704,17.583,0.435,117037.102,1.927,25034.447,27.043,66.365,0.001,0.113,9.347,23.502,33.516,33.635,372.71,620.5,2.898075133637051,0.1502345192040254,40384.42940820412
CAN,Canada,2006,566.315,1348293394113.0,32759174.0,3669.61,17.287,0.42,112017.781,1.851,25600.762,27.208,65.572,0.002,0.184,9.366,24.17,32.035,34.428,364.32,608.43,2.721670235886694,0.1543256640351427,41157.734749752846
CAN,Canada,2007,589.956,1379925831954.0,33092171.0,3918.65,17.828,0.428,118416.227,1.873,26190.719,26.53,67.058,0.002,0.208,9.161,24.322,33.576,32.942,379.65,634.19,2.8397540717468277,0.15055082745333215,41699.46516818132
CAN,Canada,2008,574.214,1397938727409.0,33449088.0,3871.871,17.167,0.411,115754.156,1.792,26764.934,27.374,66.006,0.002,0.263,8.821,24.351,32.834,33.994,389.3,635.11,2.769700076323297,0.1483040111615289,41793.02967569699
CAN,Canada,2009,541.13,1360538049277.0,33826370.0,3720.504,15.997,0.398,109988.281,1.717,27306.064,27.993,65.577,0.008,0.477,7.67,24.57,33.337,34.423,384.38,613.87,2.7345828380008212,0.14544534826464373,40221.22531258896
CAN,Canada,2010,554.307,1406355361431.0,34196900.0,3760.554,16.209,0.394,109967.695,1.664,27860.369,26.567,67.085,0.018,0.615,7.771,24.798,34.516,32.915,370.67,607.03,2.673971389545205,0.14740035643684415,41125.22952171103
CAN,Canada,2011,562.832,1454221365109.0,34555449.0,3900.117,16.288,0.387,112865.477,1.632,28423.203,27.419,66.293,0.039,0.689,6.763,26.259,33.271,33.707,396.69,638.27,2.6819280018676315,0.14431156808885476,42083.706251624746
CAN,Canada,2012,561.77,1479829523672.0,34922513.0,3901.693,16.086,0.38,111724.289,1.607,28984.973,27.863,65.8,0.059,0.761,6.406,25.95,33.444,34.2,403.37,636.54,2.6365827533420663,0.1439810871844607,42374.657392839974
CAN,Canada,2013,568.59,1514296485427.0,35293421.0,4004.351,16.11,0.375,113458.836,1.612,29553.562,27.745,65.57,0.098,0.725,6.09,26.831,32.649,34.43,415.48,655.69,2.644363926441298,0.14199304706305715,42905.913978330405
CAN,Canada,2014,564.938,1557757464897.0,35634265.0,4009.156,15.854,0.363,112508.438,1.593,30118.5,27.026,66.089,0.137,0.828,5.781,27.898,32.41,33.911,407.24,652.97,2.573671505573615,0.1409119525406345,43715.1563220681
CAN,Canada,2015,563.003,1568025782105.0,35962236.0,4021.453,15.655,0.359,111824.336,1.59,30681.504,27.733,65.785,0.186,1.729,5.428,27.939,32.418,34.215,422.04,661.08,2.564659998511881,0.1399998955601371,43602.01023387422
CAN,Canada,2016,553.707,1583727974022.0,36353345.0,3973.037,15.231,0.35,109289.445,1.564,31235.209,28.46,65.047,0.194,1.994,5.481,27.103,32.463,34.953,430.73,667.13,2.5086612506503654,0.13936618259532946,43564.84868234271
CAN,Canada,2017,566.66,1631871440185.0,36808498.0,4026.635,15.395,0.347,109394.164,1.575,31801.871,28.65,64.986,0.209,1.994,5.551,27.748,31.686,35.014,440.56,669.35,2.4674952332908733,0.14072792791002908,44334.094811067815
CAN,Canada,2018,575.091,1677189073139.0,37294996.0,4082.489,15.42,0.343,109464.797,1.566,32376.961,27.664,66.13,0.217,2.076,4.513,29.351,32.267,33.87,433.39,661.2,2.4341256840883654,0.14086774024375817,44970.88759947849
CAN,Canada,2019,579.007,1708858221312.0,37782934.0,4059.989,15.325,0.339,107455.625,1.561,32955.969,27.407,66.353,0.233,2.041,4.243,29.763,32.347,33.647,428.71,655.7,2.3758489436782453,0.14261294796611518,45228.30919673946
CAN,Canada,2020,524.208,1622144486274.0,38171903.0,3834.944,13.733,0.323,100465.109,1.491,33480.176,29.457,64.143,0.267,2.347,3.885,30.644,29.614,35.857,436.79,655.89,2.3641198625954156,0.13669247842993273,42495.77198899411
CAN,Canada,2021,537.479,1703443269914.0,38454058.0,3861.98,13.977,0.316,100431.008,1.458,34017.656,29.113,64.911,0.332,2.423,3.461,31.287,30.163,35.089,435.39,652.4,2.2671609135506907,0.1391718755664193,44298.14065173564
CAN,Canada,2022,547.658,1761295624423.0,38821259.0,3964.521,14.107,0.311,102122.422,1.459,34565.312,29.497,65.036,0.362,2.491,2.748,31.8,30.489,34.964,452.47,664.08,2.2509117407810377,0.13813976518222504,45369.358691406684
CPV,Cape Verde,1990,0.18,668100000.0,375437.0,0.344,0.478,0.269,915.859,0.001,2.406,,,,,,,,,,,0.5148929800928005,0.5232558139534884,1779.5262587331563
CPV,Cape Verde,1991,0.165,689942658.0,384603.0,0.344,0.429,0.239,894.032,0.001,2.571,,,,,,,,,,,0.4985921598139537,0.4796511627906977,1793.908674659324
CPV,Cape Verde,1992,0.18,722536200.0,393426.0,0.407,0.456,0.248,1034.849,0.001,2.751,,,,,,,,,,,0.563293576155769,0.44226044226044225,1836.5237681292035
CPV,Cape Verde,1993,0.169,790274598.0,401977.0,0.408,0.419,0.213,1015.377,0.001,2.919,,,,,,,,,,,0.5162762425017234,0.41421568627450983,1965.9696898081233
CPV,Cape Verde,1994,0.176,861446201.0,410230.0,0.48,0.429,0.204,1170.553,0.001,3.095,,,,,,,,,,,0.5572025269167099,0.36666666666666664,2099.9102966628475
CPV,Cape Verde,1995,0.198,941287684.0,418116.0,0.468,0.473,0.21,1119.823,0.001,3.293,,,,,,,,,,,0.4971912497688645,0.4230769230769231,2251.2596599986605
CPV,Cape Verde,1996,0.22,1024669345.0,425592.0,0.528,0.517,0.215,1239.749,0.001,3.513,,,,,,,,,,,0.5152881781585844,0.4166666666666667,2407.6330029699807
CPV,Cape Verde,1997,0.227,1122095895.0,432803.0,0.526,0.525,0.202,1216.2,0.001,3.74,,,,,,,,,,,0.46876563967823803,0.43155893536121676,2592.6250395676557
CPV,Cape Verde,1998,0.242,1238844923.0,439789.0,0.527,0.55,0.195,1199.155,0.001,3.982,,,,,,,,,,,0.4253962624505182,0.45920303605313095,2816.9074783589404
CPV,Cape Verde,1999,0.286,1412383310.0,446528.0,0.527,0.64,0.202,1181.072,0.001,4.268,,,,,,,,,,,0.373128170142424,0.5426944971537002,3163.034143435574
CPV,Cape Verde,2000,0.297,1540942373.0,453335.0,1.35,0.655,0.193,2978.757,0.001,4.565,,,,,,,,,0.01,0.15,0.8760872720838601,0.22,3399.125090716578
CPV,Cape Verde,2001,0.348,1663976329.0,460300.0,1.509,0.756,0.209,3277.761,0.001,4.913,,,,,,,,,0.01,0.17,0.9068638620038927,0.23061630218687873,3614.982248533565
CPV,Cape Verde,2002,0.385,1787222988.0,467056.0,1.641,0.824,0.215,3513.47,0.001,5.297,,,,,,,,,0.01,0.19,0.9181842506605001,0.23461304082876294,3826.5710921174336
CPV,Cape Verde,2003,0.414,1904397612.0,473384.0,1.633,0.875,0.217,3449.694,0.001,5.711,,,,,,,,,0.0,0.19,0.857488997943566,0.2535211267605634,4022.944611562706
CPV,Cape Verde,2004,0.429,2022409320.0,479377.0,1.785,0.894,0.212,3723.338,0.001,6.14,,,,,,,,,0.01,0.22,0.8826106477792537,0.24033613445378152,4218.828437743154
CPV,Cape Verde,2005,0.447,2194575514.0,485128.0,2.79,0.921,0.204,5751.812,0.002,6.587,,,,,,,,,0.01,0.24,1.2713164720017924,0.16021505376344086,4523.7040822215995
CPV,Cape Verde,2006,0.495,2457336149.0,490728.0,2.964,1.008,0.201,6039.814,0.002,7.082,,,,,,,,,0.01,0.25,1.2061841849378987,0.16700404858299595,5007.531970867772
CPV,Cape Verde,2007,0.506,2720555147.0,496196.0,3.305,1.019,0.186,6660.378,0.002,7.587,,,,,,,,,0.01,0.27,1.2148255857428498,0.15310136157337367,5482.8236160710685
CPV,Cape Verde,2008,0.473,2956642825.0,501362.0,3.351,0.943,0.16,6684.652,0.001,8.06,,,,,,,,,0.01,0.29,1.1333800524248308,0.14115189495672933,5897.221618311719
CPV,Cape Verde,2009,0.524,2969179680.0,506148.0,3.172,1.035,0.176,6267.305,0.002,8.584,,,,,,,,,0.01,0.31,1.0683085369895835,0.16519546027742749,5866.228217833519
CPV,Cape Verde,2010,0.557,3071163589.0,509793.0,3.403,1.092,0.181,6674.801,0.002,9.141,,,,,,,,,0.0,0.34,1.1080490834772005,0.16367910667058477,6024.334561282717
CPV,Cape Verde,2011,0.616,3248220000.0,511453.0,4.012,1.204,0.19,7844.374,0.002,9.756,,,,,,,,,0.03,0.37,1.2351380140507722,0.15353938185443672,6350.964800284679
CPV,Cape Verde,2012,0.502,3287052000.0,511966.0,3.514,0.98,0.153,6863.855,0.001,10.258,,,,,,,,,0.07,0.38,1.0690430209196569,0.14285714285714285,6420.449795494232
CPV,Cape Verde,2013,0.495,3310254000.0,512231.0,3.434,0.966,0.149,6704.588,0.001,10.753,,,,,,,,,0.09,0.41,1.0373826298525732,0.14414676761793827,6462.424179715792
CPV,Cape Verde,2014,0.491,3375218000.0,512334.0,3.704,0.958,0.145,7229.522,0.001,11.244,,,,,,,,,0.09,0.43,1.09741059688589,0.13255939524838012,6587.9250645086995
CPV,Cape Verde,2015,0.495,3421236000.0,512405.0,3.671,0.965,0.145,7164.889,0.001,11.739,,,,,,,,,0.09,0.43,1.0730040254457747,0.1348406428766004,6676.820093480743
CPV,Cape Verde,2016,0.531,3573126874.0,512556.0,3.847,1.037,0.149,7504.737,0.002,12.27,,,,,,,,,0.09,0.45,1.076648027248304,0.13802963348063427,6971.193145724565
CPV,Cape Verde,2017,0.572,3751791578.0,512899.0,4.104,1.114,0.152,8000.856,0.002,12.841,,,,,,,,,0.08,0.43,1.0938773955529146,0.13937621832358674,7314.874035628847
CPV,Cape Verde,2018,0.572,3892648372.0,513418.0,3.389,1.113,0.147,6599.902,0.002,13.413,,,,,,,,,0.09,0.43,0.8706154977616869,0.16878135143110062,7581.830734411337
CPV,Cape Verde,2019,0.63,4189894317.0,514116.0,3.608,1.226,0.15,7017.119,0.002,14.043,,,,,,,,,0.08,0.44,0.8611195717660389,0.1746119733924612,8149.706130523073
CPV,Cape Verde,2020,0.52,3381126423.0,514683.0,2.689,1.011,0.154,5224.534,0.001,14.564,,,,,,,,,0.07,0.42,0.7952970884815684,0.19338043882484196,6569.337675812102
CPV,Cape Verde,2021,0.59,3611420923.0,516655.0,2.987,1.142,0.163,5781.915,0.002,15.153,,,,,,,,,0.08,0.43,0.8270982706493003,0.1975225979243388,6990.004786559696
CPV,Cape Verde,2022,0.598,4251154554.0,519750.0,3.059,1.15,0.141,5886.29,0.002,15.751,,,,,,,,,0.14,0.5,0.7195692278752188,0.19548872180451127,8179.229541125541
CAF,Central African Republic,1990,0.183,3155955000.0,2871915.0,1.084,0.064,0.058,377.557,0.001,5.21,,,,,,,,,,,0.3434776478118351,0.1688191881918819,1098.9026485811733
CAF,Central African Republic,1991,0.191,3196204632.0,2963195.0,1.146,0.064,0.06,386.617,0.001,5.401,,,,,,,,,,,0.3585502594315745,0.16666666666666666,1078.634592728457
CAF,Central African Republic,1992,0.194,3153286705.0,3058837.0,1.094,0.063,0.062,357.676,0.001,5.595,,,,,,,,,,,0.34693959108294914,0.1773308957952468,1030.877652192647
CAF,Central African Republic,1993,0.198,3141613628.0,3157842.0,1.208,0.063,0.063,382.626,0.001,5.793,,,,,,,,,,,0.3845157753434599,0.16390728476821192,994.8609297108595
CAF,Central African Republic,1994,0.209,3299692291.0,3257956.0,1.271,0.064,0.063,390.099,0.001,6.002,,,,,,,,,,,0.38518743201197486,0.16443745082612116,1012.8105754037194
CAF,Central African Republic,1995,0.209,3468004734.0,3348062.0,1.272,0.062,0.06,379.859,0.001,6.211,,,,,,,,,,,0.3667815062446221,0.16430817610062892,1035.8245259496389
CAF,Central African Republic,1996,0.213,3208680589.0,3435973.0,1.339,0.062,0.066,389.566,0.001,6.423,,,,,,,,,,,0.41730548206959595,0.1590739357729649,933.849185951112
CAF,Central African Republic,1997,0.216,3401098287.0,3531700.0,1.337,0.061,0.064,378.638,0.001,6.639,,,,,,,,,,,0.39310831007454505,0.16155572176514585,963.0201565818161
CAF,Central African Republic,1998,0.22,3555832992.0,3628833.0,1.335,0.061,0.062,367.952,0.001,6.859,,,,,,,,,,,0.3754394548347787,0.1647940074906367,979.8833377011288
CAF,Central African Republic,1999,0.231,3763942207.0,3729452.0,1.335,0.062,0.061,358.026,0.001,7.09,,,,,,,,,,,0.3546813225551739,0.17303370786516853,1009.2480629861974
CAF,Central African Republic,2000,0.125,3836505744.0,3833421.0,1.281,0.032,0.032,334.19,0.0,7.215,,,,,,,,,0.08,0.1,0.3338975842805359,0.0975800156128025,1000.8046974230068
CAF,Central African Republic,2001,0.143,3861482755.0,3919498.0,1.319,0.036,0.037,336.546,0.001,7.358,,,,,,,,,0.08,0.11,0.34157863279127865,0.10841546626231995,985.19829707784
CAF,Central African Republic,2002,0.117,3833969443.0,4006079.0,1.306,0.029,0.031,325.995,0.0,7.475,,,,,,,,,0.08,0.11,0.3406391259545571,0.08958652373660031,957.0379023978309
CAF,Central African Republic,2003,0.114,3563805910.0,4103092.0,1.217,0.028,0.032,296.659,0.0,7.588,,,,,,,,,0.08,0.11,0.3414888550987335,0.09367296631059983,868.565927841735
CAF,Central African Republic,2004,0.125,3659297627.0,4192828.0,1.239,0.03,0.034,295.438,0.0,7.713,,,,,,,,,0.12,0.15,0.33858956725959694,0.10088781275221953,872.7516671325416
CAF,Central African Republic,2005,0.128,3745738822.0,4288814.0,1.225,0.03,0.034,285.68,0.0,7.841,,,,,,,,,0.13,0.16,0.3270382848919305,0.10448979591836735,873.3740428006437
CAF,Central African Republic,2006,0.139,3921727514.0,4377582.0,1.273,0.032,0.036,290.687,0.0,7.98,,,,,,,,,0.14,0.17,0.32460184840878775,0.10919088766692851,895.8661457398171
CAF,Central African Republic,2007,0.154,4078141542.0,4462777.0,1.27,0.034,0.038,284.676,0.0,8.134,,,,,,,,,0.14,0.16,0.3114163613304033,0.12125984251968504,913.8125301801995
CAF,Central African Republic,2008,0.15,4185491968.0,4558989.0,0.979,0.033,0.036,214.714,0.0,8.285,,,,,,,,,0.14,0.16,0.2339032083886202,0.15321756894790603,918.0745924151166
CAF,Central African Republic,2009,0.154,4261637773.0,4529051.0,0.938,0.034,0.036,207.184,0.0,8.438,,,,,,,,,0.14,0.16,0.22010317393533202,0.16417910447761194,940.9560133016829
CAF,Central African Republic,2010,0.169,4410453712.0,4493003.0,0.962,0.038,0.038,214.196,0.001,8.607,,,,,,,,,0.13,0.16,0.21811814902003895,0.17567567567567569,981.6271460312846
CAF,Central African Republic,2011,0.154,4499550000.0,4565023.0,1.052,0.034,0.034,230.498,0.0,8.761,,,,,,,,,0.15,0.18,0.23380115789356715,0.14638783269961977,985.6576845286431
CAF,Central African Republic,2012,0.183,4632212000.0,4610848.0,1.081,0.04,0.04,234.505,0.001,8.944,,,,,,,,,0.15,0.18,0.23336583040672576,0.1692876965772433,1004.6334210106254
CAF,Central African Republic,2013,0.103,2929689000.0,4642423.0,0.746,0.022,0.035,160.76,0.0,9.047,,,,,,,,,0.14,0.14,0.2546345362937841,0.1380697050938338,631.0689482625776
CAF,Central African Republic,2014,0.132,2960958000.0,4623187.0,0.842,0.029,0.045,182.189,0.0,9.179,,,,,,,,,0.17,0.17,0.28436742432685636,0.15676959619952494,640.4581947474761
CAF,Central African Republic,2015,0.194,3105792000.0,4629322.0,1.14,0.042,0.063,246.222,0.001,9.373,,,,,,,,,0.17,0.17,0.36705613254203756,0.17017543859649123,670.8956516742625
CAF,Central African Republic,2016,0.238,3265229504.0,4713663.0,1.218,0.051,0.073,258.429,0.001,9.611,,,,,,,,,0.17,0.17,0.37302125271988235,0.19540229885057472,692.715941720908
CAF,Central African Republic,2017,0.286,3421678627.0,4793512.0,1.252,0.06,0.084,261.116,0.001,9.897,,,,,,,,,0.15,0.15,0.3659022767715935,0.22843450479233227,713.8145532962054
CAF,Central African Republic,2018,0.271,3557270233.0,4878663.0,1.327,0.056,0.076,272.044,0.001,10.168,,,,,,,,,0.15,0.15,0.37303885088338745,0.20422004521477016,729.1485870206653
CAF,Central African Republic,2019,0.311,3662931320.0,4944708.0,1.567,0.063,0.085,316.818,0.001,10.479,,,,,,,,,0.15,0.15,0.4277994488851077,0.198468410976388,740.778084368177
CAF,Central African Republic,2020,0.333,3698072848.0,5026629.0,1.616,0.066,0.09,321.406,0.001,10.813,,,,,,,,,0.15,0.15,0.43698436088785236,0.20606435643564355,735.6963977249962
CAF,Central African Republic,2021,0.366,3734422040.0,5112103.0,1.756,0.072,0.098,343.485,0.001,11.179,,,,,,,,,0.15,0.15,0.4702200183030197,0.20842824601366744,730.5060246243082
CAF,Central African Republic,2022,0.377,3752056621.0,5098038.0,1.79,0.074,0.101,351.046,0.001,11.557,,,,,,,,,0.14,0.14,0.47707169182402376,0.2106145251396648,735.9805126991992
TCD,Chad,1990,0.377,4042256503.0,5982838.0,1.419,0.063,0.093,237.199,0.002,5.306,,,,,,,,,,,0.351041552891776,0.2656800563777308,675.641978438995
TCD,Chad,1991,0.388,4243508738.0,6205688.0,1.388,0.063,0.092,223.602,0.002,5.695,,,,,,,,,,,0.32708781475354654,0.27953890489913547,683.8095531067627
TCD,Chad,1992,0.403,4384566498.0,6474651.0,1.391,0.062,0.092,214.901,0.002,6.098,,,,,,,,,,,0.31724915122954533,0.2897196261682243,677.1896273636988
TCD,Chad,1993,0.399,4228383989.0,6629147.0,0.668,0.06,0.094,100.717,0.002,6.497,,,,,,,,,,,0.15797997573961584,0.5973053892215568,637.8473714642321
TCD,Chad,1994,0.416,4512686232.0,6783456.0,0.73,0.061,0.092,107.612,0.002,6.913,,,,,,,,,,,0.161766177055139,0.5698630136986301,665.2488395295849
TCD,Chad,1995,0.427,4614545072.0,7089063.0,0.73,0.06,0.093,102.973,0.002,7.34,,,,,,,,,,,0.15819544258641494,0.584931506849315,650.9386461934391
TCD,Chad,1996,0.443,4763184682.0,7410107.0,0.732,0.06,0.093,98.781,0.002,7.783,,,,,,,,,,,0.1536786937458496,0.605191256830601,642.795668402629
TCD,Chad,1997,0.453,5091460240.0,7670371.0,0.791,0.059,0.089,103.076,0.002,8.236,,,,,,,,,,,0.15535818070141702,0.572692793931732,663.782787038593
TCD,Chad,1998,0.464,5510466098.0,7938841.0,0.791,0.058,0.084,99.59,0.002,8.7,,,,,,,,,,,0.14354502612530182,0.5865992414664981,694.1146822313232
TCD,Chad,1999,0.474,5546894673.0,8222710.0,0.791,0.058,0.085,96.152,0.002,9.174,,,,,,,,,,,0.14260231113640257,0.5992414664981036,674.5823059550927
TCD,Chad,2000,0.488,5599887930.0,8512092.0,1.032,0.057,0.087,121.253,0.002,9.661,,,,,,,,,0.0,0.09,0.18428940237737937,0.4728682170542636,657.8744602384467
TCD,Chad,2001,0.506,6336850686.0,8804122.0,0.991,0.057,0.08,112.519,0.002,10.167,,,,,,,,,0.0,0.1,0.15638683142549273,0.5105953582240161,719.7595269579408
TCD,Chad,2002,0.531,6982839457.0,9116195.0,0.978,0.058,0.076,107.27,0.002,10.698,,,,,,,,,0.0,0.1,0.1400576378738876,0.5429447852760736,765.9818001918563
TCD,Chad,2003,0.882,8110109949.0,9487830.0,0.967,0.093,0.109,101.881,0.003,11.581,,,,,,,,,0.0,0.11,0.11923389523458111,0.9120992761116856,854.7908161297156
TCD,Chad,2004,0.906,11032101494.0,9920036.0,1.018,0.091,0.082,102.662,0.003,12.487,,,,,,,,,0.0,0.12,0.09227616339041632,0.8899803536345776,1112.1029695859975
TCD,Chad,2005,0.929,12146441188.0,10328094.0,1.096,0.09,0.077,106.128,0.003,13.416,,,,,,,,,0.0,0.12,0.09023219089742815,0.8476277372262774,1176.058349972415
TCD,Chad,2006,0.957,12214525260.0,10706426.0,1.113,0.089,0.078,103.925,0.003,14.373,,,,,,,,,0.0,0.12,0.09112101995849489,0.8598382749326146,1140.8592615313457
TCD,Chad,2007,1.089,14704387197.0,11081667.0,1.228,0.098,0.074,110.805,0.003,15.462,,,,,,,,,0.0,0.12,0.08351249076537766,0.8868078175895765,1326.9111223970185
TCD,Chad,2008,0.872,15257312990.0,11476299.0,1.288,0.076,0.057,112.199,0.003,16.335,,,,,,,,,0.0,0.14,0.08441853430182532,0.6770186335403726,1329.4628337933684
TCD,Chad,2009,1.22,17078193621.0,11893753.0,1.404,0.103,0.071,118.031,0.004,17.555,,,,,,,,,0.0,0.17,0.08221009968370355,0.8689458689458689,1435.8961062164315
TCD,Chad,2010,1.236,19869964230.0,12312580.0,1.557,0.1,0.062,126.467,0.004,18.791,,,,,,,,,0.0,0.19,0.07835947674476514,0.7938342967244701,1613.7937158580899
TCD,Chad,2011,1.277,19903398034.0,12755004.0,2.229,0.1,0.064,174.731,0.004,20.067,,,,,,,,,0.0,0.2,0.11199092718702146,0.572902646926873,1560.438400019318
TCD,Chad,2012,1.747,21656293766.0,13211006.0,3.859,0.132,0.081,292.125,0.005,21.814,,,,,,,,,0.01,0.24,0.17819300207584743,0.4527079554288676,1639.2615192211706
TCD,Chad,2013,2.082,22902174388.0,13691081.0,4.003,0.152,0.091,292.356,0.006,23.896,,,,,,,,,0.01,0.28,0.17478689718201793,0.5201099175618286,1672.780577954363
TCD,Chad,2014,2.183,24480827952.0,14188680.0,4.16,0.154,0.089,293.203,0.006,26.079,,,,,,,,,0.01,0.3,0.1699288932611506,0.5247596153846154,1725.377410160776
TCD,Chad,2015,2.352,24914134960.0,14647626.0,4.218,0.161,0.094,287.977,0.007,28.431,,,,,,,,,0.01,0.3,0.16930148314489182,0.5576102418207681,1700.8991736954508
TCD,Chad,2016,2.382,23529405356.0,15114652.0,4.166,0.158,0.101,275.642,0.007,30.812,,,,,,,,,0.02,0.31,0.1770550482244835,0.57177148343735,1556.7282234483466
TCD,Chad,2017,2.341,22969403286.0,15622756.0,6.416,0.15,0.102,410.664,0.007,33.153,,,,,,,,,0.02,0.32,0.27932810966450283,0.3648690773067332,1470.2529621534127
TCD,Chad,2018,2.384,23510339039.0,16156535.0,6.868,0.148,0.101,425.102,0.006,35.537,,,,,,,,,0.02,0.34,0.2921267953051232,0.34711706464764125,1455.1597257085136
TCD,Chad,2019,2.3,24314153239.0,16685223.0,7.029,0.138,0.095,421.295,0.006,37.836,,,,,,,,,0.02,0.35,0.2890908817965931,0.32721582017356665,1457.2267472241756
TCD,Chad,2020,2.356,23793345004.0,17224686.0,7.401,0.137,0.099,429.683,0.007,40.193,,,,,,,,,0.02,0.35,0.3110533638189917,0.3183353600864748,1381.35145128335
TCD,Chad,2021,2.67,23531147275.0,17828274.0,8.247,0.15,0.113,462.586,0.007,42.863,,,,,,,,,0.02,0.43,0.3504716494958914,0.32375409239723535,1319.8780361464044
TCD,Chad,2022,2.8,24118013870.0,18455319.0,8.269,0.152,0.116,448.069,0.007,45.663,,,,,,,,,0.02,0.39,0.3428557610328632,0.3386141008586286,1306.8326735506441
CHL,Chile,1990,32.908,133955187000.0,13437181.0,155.681,2.449,0.246,11585.809,0.145,1091.944,18.081,81.919,0.0,0.0,19.668,10.726,51.525,18.081,9.904,18.398,1.1621871723414487,0.21138096492185945,9968.99476162448
CHL,Chile,1991,30.892,143694660776.0,13662482.0,174.964,2.261,0.215,12806.18,0.133,1122.835,23.018,76.982,0.0,0.0,14.423,11.276,51.282,23.018,14.169,19.963,1.2176096109287216,0.17656203561875586,10517.463867546176
CHL,Chile,1992,32.001,160277244361.0,13884579.0,194.194,2.305,0.2,13986.307,0.142,1154.836,27.187,72.813,0.0,0.0,11.261,11.389,50.163,27.187,18.483,22.35,1.211613044473161,0.16478881942799467,11543.54369412281
CHL,Chile,1993,34.098,170385338997.0,14102276.0,205.228,2.418,0.2,14552.833,0.15,1188.934,26.38,73.62,0.0,0.0,10.746,11.154,51.72,26.38,18.967,24.013,1.2044933044598014,0.16614691952365174,12082.116319167204
CHL,Chile,1994,37.975,178942754051.0,14316263.0,215.481,2.653,0.212,15051.502,0.165,1226.909,24.851,75.149,0.0,0.0,12.06,10.237,52.852,24.851,18.771,25.276,1.2041895808677803,0.17623363544813697,12499.26423194377
CHL,Chile,1995,41.563,196694148759.0,14527382.0,232.236,2.861,0.211,15986.057,0.177,1268.471,24.921,75.079,0.0,0.0,12.065,9.102,53.912,24.921,20.293,28.027,1.180696027132702,0.17896880759227682,13539.545443150046
CHL,Chile,1996,48.226,209865805164.0,14734049.0,245.845,3.273,0.23,16685.5,0.199,1316.698,21.55,78.45,0.0,0.0,15.761,8.721,53.968,21.55,18.611,30.791,1.1714390527217333,0.19616424983221134,14243.593540648602
CHL,Chile,1997,55.942,222279419403.0,14932436.0,281.059,3.746,0.252,18822.027,0.229,1372.64,20.921,79.079,0.0,0.0,17.942,10.376,50.76,20.921,20.686,33.292,1.2644400491726617,0.19904005920465098,14885.677019007482
CHL,Chile,1998,57.258,227977542773.0,15127799.0,281.476,3.785,0.251,18606.529,0.236,1429.898,17.196,82.804,0.0,0.0,16.821,14.278,51.704,17.196,17.098,35.495,1.23466547001197,0.20342054029473206,15070.106548414611
CHL,Chile,1999,61.408,224771940848.0,15319311.0,293.115,4.009,0.273,19133.707,0.247,1491.306,14.538,85.462,0.0,0.0,16.639,18.696,50.127,14.538,15.027,38.384,1.3040551186867955,0.20950139023932587,14672.457582981375
CHL,Chile,2000,58.503,233340518904.0,15503638.0,307.391,3.773,0.251,19827.041,0.229,1549.809,18.856,81.144,0.0,0.0,12.296,23.082,45.767,18.856,20.49,41.12,1.3173494318252783,0.19032112195867804,15050.69448241761
CHL,Chile,2001,52.918,239642803054.0,15683852.0,313.345,3.374,0.221,19978.824,0.206,1602.727,21.061,78.939,0.0,0.006,9.474,25.693,43.772,21.061,22.87,42.32,1.307550220606426,0.1688809459222263,15279.588397926735
CHL,Chile,2002,54.836,243288829547.0,15857926.0,320.801,3.458,0.225,20229.719,0.209,1657.563,21.834,78.166,0.0,0.006,9.335,25.33,43.501,21.834,23.99,43.44,1.3186014359858875,0.17093462925614322,15341.78110977438
CHL,Chile,2003,55.1,250723122339.0,16024755.0,322.49,3.438,0.22,20124.473,0.199,1712.663,21.012,78.988,0.0,0.006,8.872,27.241,42.875,21.012,23.28,46.63,1.2862395657468113,0.17085801110111942,15645.98786933092
CHL,Chile,2004,59.221,264146071325.0,16187324.0,344.299,3.658,0.224,21269.668,0.207,1771.884,18.554,81.446,0.0,0.004,9.609,27.645,44.192,18.554,23.8,51.0,1.3034416838870242,0.17200456579891316,16318.081439835269
CHL,Chile,2005,61.116,278000705012.0,16348780.0,357.327,3.738,0.22,21856.49,0.206,1833.001,21.083,78.917,0.0,0.005,9.092,25.821,44.004,21.083,28.02,52.22,1.2853456612082184,0.17103661352206803,17004.370051587946
CHL,Chile,2006,64.048,293258343549.0,16509195.0,369.682,3.88,0.218,22392.51,0.209,1897.049,21.915,78.085,0.0,0.005,10.977,23.108,44.001,21.915,30.28,55.04,1.2606018145165936,0.17325160543385937,17763.333920824123
CHL,Chile,2007,70.469,305709457316.0,16671571.0,369.299,4.227,0.231,22151.396,0.224,1967.518,18.572,81.428,0.0,0.008,13.007,13.598,54.823,18.572,25.61,58.28,1.2080064622216444,0.19081828003866785,18337.171542861797
CHL,Chile,2008,70.549,314032357531.0,16838987.0,369.306,4.19,0.225,21931.584,0.22,2038.067,20.647,79.353,0.0,0.028,13.927,7.578,57.848,20.647,27.07,59.46,1.176012570499343,0.19103128570887015,18649.124055443477
CHL,Chile,2009,65.96,306660166266.0,17009730.0,354.372,3.878,0.215,20833.512,0.209,2104.027,21.976,78.024,0.0,0.059,13.277,7.988,56.759,21.976,29.39,60.37,1.1555853644604572,0.18613208718521776,18028.514636387525
CHL,Chile,2010,71.347,321457401232.0,17181463.0,363.948,4.153,0.222,21182.576,0.214,2175.374,18.941,81.059,0.0,0.235,14.511,15.947,50.601,18.941,24.22,60.25,1.1321811182606245,0.19603624693637553,18709.54768124228
CHL,Chile,2011,78.071,338708860136.0,17351810.0,385.712,4.499,0.23,22228.908,0.226,2253.446,17.672,82.328,0.0,0.229,17.539,15.282,49.507,17.672,25.95,65.65,1.1387715096827613,0.20240749574812295,19520.088113920105
CHL,Chile,2012,79.621,359556383692.0,17519116.0,402.747,4.545,0.221,22988.977,0.228,2333.067,17.976,82.024,0.0,0.264,19.576,13.287,49.162,17.976,25.24,69.57,1.1201219565746816,0.19769483074982558,20523.6601944984
CHL,Chile,2013,81.733,371454072393.0,17687006.0,413.759,4.621,0.22,23393.406,0.232,2414.8,18.024,81.976,0.004,0.34,21.419,12.962,47.595,18.024,26.0,72.84,1.113890062732281,0.1975376970651998,21001.523513533044
CHL,Chile,2014,77.586,378114271615.0,17864192.0,409.534,4.343,0.205,22924.852,0.219,2492.386,19.519,80.481,0.288,0.906,21.861,10.859,47.761,19.519,30.06,70.17,1.0830958541998432,0.18944947183872402,21166.043872289327
CHL,Chile,2015,81.778,386251266445.0,18047630.0,414.23,4.531,0.212,22952.033,0.231,2574.165,21.0,79.0,0.841,1.307,20.771,11.781,46.447,21.0,32.36,74.91,1.0724366131210705,0.19742172223161045,21401.772224109205
CHL,Chile,2016,84.25,393022253885.0,18267225.0,433.903,4.612,0.214,23753.109,0.238,2658.415,19.341,80.659,1.492,1.435,20.089,13.778,46.791,19.341,33.81,78.83,1.1040163647500782,0.1941678209185002,21515.1591927619
CHL,Chile,2017,84.135,398359518680.0,18558868.0,450.347,4.533,0.211,24265.859,0.234,2742.55,21.426,78.574,2.188,2.036,20.144,12.61,45.819,21.426,34.37,78.93,1.130503926433753,0.1868226056796204,21464.645294098755
CHL,Chile,2018,84.443,414254051745.0,18893185.0,468.278,4.469,0.204,24785.533,0.23,2826.992,23.426,76.574,2.752,1.929,18.707,12.181,45.685,23.426,37.5,81.76,1.1304126007396427,0.1803266435749704,21926.109956844226
CHL,Chile,2019,91.977,417331966568.0,19197748.0,473.979,4.791,0.22,24689.287,0.248,2918.969,22.541,77.459,3.33,2.587,18.595,13.907,44.958,22.541,38.81,83.98,1.135736147647271,0.19405290107789586,21738.589680831315
CHL,Chile,2020,80.178,391686945225.0,19370621.0,442.478,4.139,0.205,22842.719,0.228,2999.147,24.874,75.126,4.306,3.168,16.751,14.279,44.096,24.874,40.49,83.58,1.1296725749841463,0.1812022292633758,20220.6705311616
CHL,Chile,2021,83.63,437659188270.0,19456323.0,476.857,4.298,0.191,24509.102,0.227,3082.778,23.421,76.579,5.621,3.989,17.22,14.485,44.874,23.421,43.07,88.1,1.0895624101597021,0.17537752407954585,22494.4450331134
CHL,Chile,2022,85.744,448338105532.0,19553033.0,503.505,4.385,0.191,25750.754,0.228,3168.522,26.079,73.921,7.774,4.4,13.338,14.629,45.954,26.079,50.37,91.04,1.1230475254886905,0.17029423739585506,22929.33815086386
CHN,China,1990,2483.534,3385121670000.0,1153582725.0,7938.25,2.153,0.734,6881.387,10.925,43395.02,4.45,95.55,0.0,0.0,77.5,1.948,16.102,4.45,126.812,621.2,2.3450412640559533,0.31285661197367176,2934.442061794918
CHN,China,1991,2619.143,3508948004345.0,1170788533.0,8337.61,2.237,0.746,7121.363,11.287,46014.164,4.168,95.832,0.0,0.0,77.369,1.877,16.586,4.168,124.764,677.55,2.376099614378967,0.3141359454328039,2997.0809462523152
CHN,China,1992,2731.29,3755037703201.0,1184574236.0,8773.708,2.306,0.727,7406.634,12.128,48745.457,4.157,95.843,0.0,0.004,76.929,1.819,17.096,4.157,130.933,753.94,2.33651661939927,0.31130395495268365,3169.9471329722555
CHN,China,1993,2914.284,4126169229667.0,1197308574.0,9457.634,2.434,0.706,7899.078,12.81,51659.738,4.483,95.47,0.0,0.006,76.035,1.792,17.643,4.53,152.179,811.59,2.292110059858905,0.30814091558205786,3446.2036932402357
CHN,China,1994,3093.891,4438753488140.0,1209003099.0,10048.812,2.559,0.697,8311.651,13.467,54753.629,4.668,94.923,0.0,0.011,76.28,1.767,16.876,5.077,168.278,927.8,2.263881521433807,0.3078862456576957,3671.4161376521006
CHN,China,1995,3351.197,4809999898743.0,1220133929.0,10352.658,2.747,0.697,8484.854,14.25,58104.828,5.239,94.415,0.0,0.017,74.988,1.733,17.695,5.585,194.217,1007.03,2.1523197958289906,0.3237040188133328,3942.190102594057
CHN,China,1996,3499.311,5127589598793.0,1230944809.0,10907.45,2.843,0.682,8861.039,14.44,61604.133,4.849,94.785,0.0,0.002,74.455,1.723,18.606,5.215,189.606,1081.31,2.1272080750315,0.3208184314390623,4165.572299670017
CHN,China,1997,3512.35,5291338914515.0,1241139623.0,10981.134,2.83,0.664,8847.622,14.406,65116.488,5.057,94.577,0.0,0.005,72.471,1.809,20.297,5.423,198.911,1135.55,2.0753034680649485,0.31985312263742527,4263.290621344541
CHN,China,1998,3355.336,5338703042331.0,1250847122.0,11000.566,2.682,0.628,8794.493,13.81,68471.82,5.119,94.524,0.0,0.009,71.797,1.862,20.865,5.476,201.74,1167.0,2.0605315397345834,0.3050148510540276,4268.069973087407
CHN,China,1999,3549.949,5578503091801.0,1260176650.0,11386.068,2.817,0.636,9035.296,14.293,72021.773,4.893,94.742,0.0,0.012,71.359,1.909,21.474,5.258,199.591,1239.3,2.0410615200222195,0.3117800631438351,4426.76278107597
CHN,China,2000,3643.81,5952682232028.0,1269581174.0,11800.284,2.87,0.612,9294.628,14.283,75665.578,5.336,94.269,0.001,0.014,69.83,2.1,22.339,5.731,225.56,1355.6,1.9823473755258392,0.3087900257315841,4688.697622439698
CHN,China,2001,3724.114,6329737256820.0,1278725061.0,12470.063,2.912,0.588,9751.95,14.495,79389.695,6.251,93.36,0.001,0.016,69.53,2.226,21.604,6.64,280.73,1480.79,1.9700759279643214,0.2986443612995379,4950.037697603238
CHN,China,2002,4098.181,6814493895929.0,1286866835.0,13580.491,3.185,0.601,10553.145,15.603,83487.875,5.922,93.569,0.001,0.017,69.989,2.174,21.406,6.431,291.41,1654.01,1.9928832877982365,0.3017697224643792,5295.4149649283645
CHN,China,2003,4835.251,7248623080792.0,1294517323.0,15818.756,3.735,0.667,12219.811,17.486,88323.133,5.001,94.25,0.001,0.017,71.565,2.168,20.517,5.75,287.28,1910.58,2.182311843737309,0.30566569204304056,5599.479398231274
CHN,China,2004,5210.961,7830953177799.0,1302100316.0,18509.137,4.002,0.665,14214.832,18.214,93534.086,5.289,93.969,0.001,0.019,71.32,2.168,20.481,6.031,357.43,2203.31,2.3635867281742904,0.28153451995087614,6014.093600603196
CHN,China,2005,5881.991,8602939667333.0,1310027135.0,21027.164,4.49,0.684,16050.938,19.872,99416.078,5.239,94.08,0.001,0.025,73.52,2.242,18.319,5.92,404.37,2500.26,2.444183594573393,0.27973296826904476,6566.993490049349
CHN,China,2006,6486.185,9489543138489.0,1318054030.0,23048.334,4.921,0.684,17486.639,21.201,105902.258,5.267,94.095,0.001,0.043,73.656,2.516,17.923,5.905,446.72,2865.72,2.4288138705558313,0.2814166525007838,7199.661715300852
CHN,China,2007,6974.663,10358206113742.0,1325813576.0,25049.576,5.261,0.673,18893.74,22.142,112876.93,5.407,93.932,0.001,0.058,73.804,2.847,17.28,6.068,500.71,3281.54,2.418331487608389,0.27843437349997463,7812.716886632635
CHN,China,2008,7492.404,10799148337884.0,1333821011.0,26020.463,5.617,0.694,19508.211,23.377,120369.328,6.872,92.431,0.002,0.133,72.251,3.163,17.017,7.569,665.08,3495.76,2.409492136404757,0.2879427625865074,8096.399928343909
CHN,China,2009,7881.491,11572544299171.0,1342522717.0,27158.898,5.871,0.681,20229.75,25.01,128250.82,6.56,92.76,0.003,0.268,72.489,3.336,16.935,7.24,664.39,3714.64,2.3468389748955665,0.2901992194234096,8619.998866783422
CHN,China,2010,8610.048,12858808500983.0,1351561505.0,29055.609,6.37,0.67,21497.809,25.842,136860.875,7.195,92.132,0.006,0.445,70.336,3.765,18.031,7.868,786.38,4207.16,2.259587970205702,0.29632997883472345,9514.038727362984
CHN,China,2011,9520.153,13691526496125.0,1360250658.0,31336.537,6.999,0.695,23037.326,27.611,146381.031,6.697,92.579,0.022,0.615,70.97,4.332,17.277,7.421,792.38,4713.02,2.288754070546401,0.3038036079098338,10065.443758914174
CHN,China,2012,9767.311,14773157494771.0,1369520866.0,32624.18,7.132,0.661,23821.602,27.943,156148.328,8.068,91.152,0.029,0.818,69.083,4.648,17.421,8.848,999.56,4987.54,2.208341717845181,0.2993887049421625,10787.09924144449
CHN,China,2013,9942.371,15925464549520.0,1379008040.0,33852.566,7.21,0.624,24548.49,28.185,166090.703,8.474,90.679,0.064,1.05,68.027,5.105,17.547,9.321,1093.37,5431.63,2.12568781869665,0.2936962297038281,11548.492893137882
CHN,China,2014,9976.027,17103948867278.0,1387951970.0,34729.066,7.188,0.583,25021.807,28.129,176066.734,9.69,89.328,0.173,1.178,66.074,5.458,17.797,10.672,1289.23,5794.45,2.030470639820554,0.2872529598118187,12323.15615883884
CHN,China,2015,9858.04,18301224436466.0,1396134171.0,35135.988,7.061,0.539,25166.627,27.845,185924.781,10.278,88.48,0.286,1.346,63.967,5.577,18.936,11.52,1393.66,5814.58,1.9198708874358146,0.2805681741466897,13108.49975354267
CHN,China,2016,9748.175,19545709173693.0,1404052628.0,35277.711,6.943,0.499,25125.633,27.543,195672.953,11.113,87.357,0.477,1.728,61.893,5.98,19.484,12.643,1522.79,6133.16,1.804882631093327,0.27632674353503267,13920.923463912352
CHN,China,2017,10000.014,20894362082435.0,1412354730.0,36649.383,7.08,0.479,25949.135,27.797,205672.953,11.666,86.629,0.81,2.093,60.249,6.632,19.748,13.371,1667.06,6604.44,1.7540321573545228,0.2728562715503287,14793.990233908871
CHN,China,2018,10346.79,22294284747546.0,1419008954.0,38409.82,7.292,0.464,27068.061,28.167,216019.75,12.224,85.85,1.155,2.388,58.647,7.45,19.754,14.15,1835.39,7166.14,1.7228550022995417,0.26937876824207974,15711.165658751721
CHN,China,2019,10713.515,23631941251482.0,1423520357.0,40188.723,7.526,0.453,28231.928,28.888,226733.266,12.786,85.048,1.391,2.517,57.512,7.737,19.8,14.952,2014.64,7503.43,1.700610312641146,0.26658012995337027,16601.056061667547
CHN,China,2020,10896.521,24151843898871.0,1426106093.0,41493.891,7.641,0.451,29095.936,30.993,237629.781,13.396,84.407,1.567,2.8,56.879,8.181,19.346,15.593,2185.01,7779.07,1.7180423645392835,0.26260542786888796,16935.516941845784
CHN,China,2021,11284.401,26180600167672.0,1426437269.0,43847.18,7.911,0.431,30738.947,30.609,248914.188,14.195,83.496,1.853,3.716,55.941,8.749,18.806,16.504,2448.8,8534.26,1.6747965943936924,0.2573575085102394,18353.839132390196
CHN,China,2022,11711.808,26966016991166.0,1425179562.0,44516.492,8.218,0.434,31235.707,31.208,260625.984,15.218,82.455,2.38,4.248,55.309,8.561,18.585,17.545,2670.66,8848.71,1.6508367555573185,0.26308919400028197,18921.136473023602
COL,Colombia,1990,56.857,253538201000.0,32440064.0,252.481,1.753,0.224,7783.004,0.25,1315.587,31.201,68.799,0.0,0.0,7.507,15.117,46.175,31.201,27.77,38.246,0.9958302102175127,0.22519318285336323,7815.588804017156
COL,Colombia,1991,56.609,259415683485.0,33098373.0,259.169,1.71,0.218,7830.261,0.244,1372.196,30.631,69.369,0.0,0.0,9.194,15.179,44.997,30.631,27.995,40.124,0.9990490802958168,0.21842504311858288,7837.717083102544
COL,Colombia,1992,61.341,270562880339.0,33760571.0,268.506,1.817,0.227,7953.24,0.272,1433.536,23.802,76.198,0.0,0.0,14.778,14.354,47.066,23.802,22.621,36.613,0.9923977733515297,0.22845299546378853,8014.167779893296
COL,Colombia,1993,63.26,286025318326.0,34441479.0,292.186,1.837,0.221,8483.56,0.278,1496.797,27.369,72.631,0.0,0.0,14.271,13.726,44.634,27.369,28.245,41.691,1.0215389382662212,0.21650592430848842,8304.67583363653
COL,Colombia,1994,66.982,300636179033.0,35127408.0,316.39,1.907,0.223,9006.918,0.292,1563.778,29.116,70.884,0.0,0.0,15.102,12.555,43.228,29.116,32.502,45.024,1.0524016138632162,0.2117070703878125,8558.45039955695
COL,Colombia,1995,59.35,316101744239.0,35804670.0,323.725,1.658,0.188,9041.412,0.252,1623.128,28.416,71.584,0.0,0.0,13.202,13.043,45.339,28.416,32.466,47.483,1.0241164621832526,0.18333462043401036,8828.506008825107
COL,Colombia,1996,59.628,322403822039.0,36462740.0,336.599,1.635,0.185,9231.311,0.246,1682.756,30.151,69.849,0.0,0.0,9.854,13.658,46.338,30.151,35.784,48.371,1.044029186351528,0.17714847637693518,8842.007540821123
COL,Colombia,1997,65.096,333997136300.0,37121155.0,342.17,1.754,0.195,9217.649,0.267,1747.852,26.432,73.568,0.0,0.0,11.453,16.862,45.253,26.432,31.959,49.906,1.0244698615998282,0.19024461524972966,8997.487720950494
COL,Colombia,1998,65.56,335365604121.0,37792169.0,346.521,1.735,0.195,9169.126,0.27,1813.412,25.565,74.435,0.0,0.0,10.75,19.323,44.363,25.565,31.314,50.283,1.0332633870078554,0.18919488284981287,8873.944338071731
COL,Colombia,1999,55.286,321583145089.0,38454861.0,322.875,1.438,0.172,8396.195,0.223,1868.698,30.0,70.0,0.0,0.0,9.24,17.963,42.797,30.0,34.158,47.775,1.0040171723261258,0.17123035230352304,8362.613639118343
COL,Colombia,2000,56.213,330615619673.0,39089939.0,314.184,1.438,0.17,8037.474,0.22,1924.91,28.239,71.761,0.002,0.0,10.186,18.585,42.99,28.239,32.26,42.81,0.9502999292977993,0.1789174496473404,8457.818766946655
COL,Colombia,2001,56.465,336096684249.0,39709263.0,316.865,1.422,0.168,7979.616,0.22,1981.376,28.572,71.428,0.002,0.0,9.945,19.079,42.403,28.572,31.99,43.14,0.9427793097930355,0.17819891752007952,8463.936594567369
COL,Colombia,2002,55.417,344517683680.0,40324684.0,316.936,1.374,0.161,7859.605,0.211,2036.792,30.439,69.561,0.004,0.0,8.192,19.3,42.07,30.439,34.13,44.71,0.9199411670675842,0.17485233611833303,8543.592894119145
COL,Colombia,2003,57.033,357889195415.0,40937426.0,322.863,1.393,0.159,7886.754,0.206,2093.826,31.64,68.36,0.006,0.0,8.918,18.168,41.273,31.64,36.32,46.2,0.9021311739395081,0.17664768028544614,8742.34729401404
COL,Colombia,2004,54.324,376728225954.0,41543177.0,339.531,1.308,0.144,8172.958,0.19,2148.15,31.689,68.311,0.006,0.042,7.419,18.428,42.464,31.689,40.21,49.33,0.9012624396279191,0.15999717257039858,9068.353774531977
COL,Colombia,2005,60.256,394076061209.0,42128978.0,334.302,1.43,0.153,7935.191,0.204,2208.406,32.783,67.217,0.008,0.041,4.754,19.69,42.773,32.783,39.96,49.94,0.848318466679714,0.18024421032479615,9354.038002274823
COL,Colombia,2006,62.466,420283862175.0,42691081.0,385.987,1.463,0.149,9041.391,0.204,2270.872,30.936,69.064,0.0,0.044,11.708,17.866,39.49,30.936,42.91,53.34,0.9183959574428787,0.16183446592760897,9844.769734807136
COL,Colombia,2007,60.67,448731322364.0,43235374.0,392.271,1.403,0.135,9072.923,0.193,2331.542,31.46,68.54,0.0,0.034,10.144,18.612,39.785,31.46,44.59,54.79,0.8741778887496497,0.15466348519263468,10378.800524866514
COL,Colombia,2008,66.982,464038717488.0,43758805.0,408.48,1.531,0.144,9334.807,0.209,2398.524,31.267,68.733,0.0,0.036,12.894,18.164,37.675,31.267,46.54,55.48,0.8802713752232609,0.1639786525656091,10604.465032534596
COL,Colombia,2009,71.771,471326580093.0,44271543.0,403.782,1.621,0.152,9120.582,0.228,2470.295,28.771,71.229,0.0,0.038,11.97,21.115,38.144,28.771,41.25,56.75,0.8566926141112763,0.17774690303183402,10646.265030631528
COL,Colombia,2010,75.431,489870174161.0,44777325.0,424.601,1.685,0.154,9482.501,0.226,2545.726,27.404,72.596,0.0,0.024,13.389,20.943,38.264,27.404,42.47,60.23,0.8667623023328855,0.17765148928052454,10940.139326344304
COL,Colombia,2011,75.191,521323240921.0,45259614.0,443.797,1.661,0.144,9805.576,0.218,2620.918,31.371,68.629,0.0,0.025,10.393,19.549,38.687,31.371,50.44,61.7,0.8512894978861145,0.16942656214440385,11518.50833109182
COL,Colombia,2012,78.675,541722649583.0,45715807.0,471.933,1.721,0.145,10323.192,0.225,2699.593,29.023,70.977,0.0,0.03,11.759,20.401,38.817,29.023,49.12,63.06,0.8711708848859804,0.166707986091246,11849.788620881176
COL,Colombia,2013,86.445,569534665242.0,46151583.0,485.04,1.873,0.152,10509.707,0.245,2786.038,26.267,73.733,0.0,0.031,12.291,21.942,39.5,26.267,50.88,73.51,0.8516426296789195,0.17822241464621474,12340.522864448658
COL,Colombia,2014,92.042,595158021031.0,46565426.0,510.586,1.977,0.155,10964.914,0.26,2878.079,25.308,74.692,0.0,0.036,12.357,22.628,39.707,25.308,48.68,70.46,0.8578998886976357,0.18026737905073778,12781.114061557173
COL,Colombia,2015,91.027,612750891790.0,46969938.0,504.402,1.938,0.149,10738.822,0.257,2969.106,25.545,74.455,0.0,0.035,11.624,22.556,40.275,25.545,49.39,77.97,0.8231762805379433,0.18046518451552532,13045.597202832161
COL,Colombia,2016,91.583,625545111723.0,47437513.0,548.829,1.931,0.146,11569.512,0.259,3060.689,24.363,75.637,0.0,0.024,11.746,22.308,41.583,24.363,49.98,76.17,0.8773611842130884,0.1668698264851165,13186.718108999517
COL,Colombia,2017,83.459,634046295892.0,48131076.0,555.225,1.734,0.132,11535.692,0.232,3144.147,28.787,71.213,0.002,0.001,8.872,21.674,40.667,28.787,62.07,78.47,0.8756852671442371,0.15031563780449367,13173.324774455488
COL,Colombia,2018,90.811,650303209362.0,49024463.0,571.28,1.852,0.14,11652.967,0.247,3234.958,27.908,72.092,0.005,0.019,8.087,22.644,41.36,27.908,59.7,78.21,0.8784825167331896,0.1589605797507352,13264.871649119339
COL,Colombia,2019,98.962,671028388046.0,49907987.0,573.736,1.983,0.147,11495.876,0.267,3333.92,26.754,73.246,0.058,0.028,9.497,22.787,40.962,26.754,54.74,78.78,0.8550100267302991,0.17248699750407853,13445.310628256755
COL,Colombia,2020,92.305,622365414246.0,50629997.0,517.813,1.823,0.148,10227.39,0.263,3426.225,27.111,72.889,0.092,0.005,9.313,25.74,37.836,27.111,50.79,77.75,0.832007994254202,0.17825933300245456,12292.424474091911
COL,Colombia,2021,103.734,690925195330.0,51188174.0,565.815,2.027,0.15,11053.629,0.281,3529.959,29.666,70.334,0.143,0.027,6.777,22.696,40.862,29.666,63.33,84.36,0.8189236748411747,0.1833355425359879,13497.750385274536
COL,Colombia,2022,89.437,742716953392.0,51737944.0,627.227,1.729,0.12,12123.15,0.238,3619.396,28.384,71.616,0.2,0.03,8.005,20.386,43.225,28.384,61.61,82.86,0.8445034102634179,0.14259111932362606,14355.362737104513
COM,Comoros,1990,0.062,469560000.0,444601.0,0.262,0.14,0.133,590.396,0.0,1.008,,,,,,,,,,,0.5579691626203254,0.2366412213740458,1056.137975398166
COM,Comoros,1991,0.066,484441557.0,455563.0,0.253,0.145,0.136,555.833,0.0,1.074,,,,,,,,,,,0.522250819204596,0.2608695652173913,1063.3909184898687
COM,Comoros,1992,0.07,534666886.0,465118.0,0.254,0.15,0.13,545.515,0.0,1.143,,,,,,,,,,,0.47506214925754725,0.2755905511811024,1149.5295516406588
COM,Comoros,1993,0.07,558102852.0,473681.0,0.253,0.147,0.125,534.572,0.0,1.213,,,,,,,,,,,0.4533214605396784,0.2766798418972332,1178.2251177480202
COM,Comoros,1994,0.073,536542946.0,482148.0,0.253,0.152,0.137,525.185,0.0,1.286,,,,,,,,,,,0.4715372774652041,0.2885375494071146,1112.817943867858
COM,Comoros,1995,0.077,563630517.0,490594.0,0.253,0.157,0.137,515.785,0.0,1.363,,,,,,,,,,,0.4488756239577425,0.30434782608695654,1148.8736450099268
COM,Comoros,1996,0.077,563951171.0,499113.0,0.254,0.154,0.136,508.359,0.0,1.44,,,,,,,,,,,0.4503936033142841,0.3031496062992126,1129.90679665727
COM,Comoros,1997,0.081,595856754.0,507779.0,0.253,0.159,0.135,498.675,0.0,1.521,,,,,,,,,,,0.42459869473930645,0.3201581027667984,1173.4568660775653
COM,Comoros,1998,0.088,611159252.0,516606.0,0.309,0.17,0.144,598.926,0.0,1.608,,,,,,,,,,,0.5055965347637411,0.284789644012945,1183.0277851980038
COM,Comoros,1999,0.095,631495315.0,525894.0,0.309,0.181,0.151,588.358,0.0,1.704,,,,,,,,,,,0.4893147940456217,0.3074433656957929,1200.8034223626814
COM,Comoros,2000,0.103,656399277.0,536084.0,0.434,0.191,0.156,810.312,0.0,1.806,,,,,,,,,0.0,0.03,0.6611829342401911,0.23732718894009217,1224.4336279389051
COM,Comoros,2001,0.106,680582090.0,547221.0,0.453,0.194,0.156,828.73,0.0,1.913,,,,,,,,,0.0,0.03,0.6656067014634487,0.23399558498896247,1243.7060894958345
COM,Comoros,2002,0.106,705937319.0,558927.0,0.454,0.19,0.151,813.162,0.0,2.019,,,,,,,,,0.0,0.03,0.643116588089034,0.23348017621145375,1263.022396484693
COM,Comoros,2003,0.136,731630321.0,569808.0,0.581,0.238,0.185,1018.931,0.0,2.154,,,,,,,,,0.0,0.04,0.7941168966396623,0.23407917383820998,1283.9944700671103
COM,Comoros,2004,0.15,755848590.0,580711.0,0.636,0.259,0.199,1095.823,0.001,2.305,,,,,,,,,0.0,0.04,0.8414383626752548,0.2358490566037736,1301.5916523020917
COM,Comoros,2005,0.143,788522780.0,592679.0,0.611,0.241,0.181,1030.72,0.0,2.448,,,,,,,,,0.0,0.05,0.7748666436751517,0.23404255319148937,1330.4381967304391
COM,Comoros,2006,0.169,888321718.0,604752.0,0.713,0.279,0.19,1178.431,0.001,2.616,,,,,,,,,0.0,0.05,0.8026371364704156,0.2370266479663394,1468.9024889541497
COM,Comoros,2007,0.106,908328164.0,616935.0,0.468,0.172,0.117,758.175,0.0,2.722,,,,,,,,,0.0,0.05,0.5152322899898544,0.2264957264957265,1472.323930397854
COM,Comoros,2008,0.11,956653402.0,629314.0,0.477,0.175,0.115,758.058,0.0,2.832,,,,,,,,,0.0,0.04,0.4986131853007303,0.23060796645702306,1520.1527409210664
COM,Comoros,2009,0.136,1004144820.0,641949.0,0.584,0.211,0.135,909.78,0.0,2.968,,,,,,,,,0.0,0.05,0.5815894165544767,0.2328767123287671,1564.2127645654093
COM,Comoros,2010,0.161,1011389038.0,654846.0,0.695,0.246,0.159,1061.946,0.0,3.129,,,,,,,,,0.0,0.06,0.6871737520255781,0.2316546762589928,1544.4685284784514
COM,Comoros,2011,0.143,1067838000.0,668064.0,0.624,0.214,0.134,933.801,0.0,3.272,,,,,,,,,0.0,0.06,0.5843583015401212,0.22916666666666666,1598.4067394740623
COM,Comoros,2012,0.154,1112133000.0,681637.0,0.653,0.226,0.138,957.635,0.0,3.426,,,,,,,,,0.0,0.06,0.5871599889581551,0.23583460949464014,1631.5619603982766
COM,Comoros,2013,0.183,1217488000.0,696203.0,0.782,0.263,0.15,1122.823,0.001,3.609,,,,,,,,,0.0,0.06,0.6423061253991825,0.2340153452685422,1748.7543144743702
COM,Comoros,2014,0.165,1263249000.0,711512.0,0.698,0.232,0.131,980.851,0.0,3.774,,,,,,,,,0.0,0.05,0.5525434811347565,0.23638968481375358,1775.4430002586041
COM,Comoros,2015,0.18,1324576000.0,726685.0,0.753,0.247,0.136,1036.657,0.001,3.953,,,,,,,,,0.0,0.05,0.5684838016089677,0.23904382470119523,1822.7650219833904
COM,Comoros,2016,0.205,1356063486.0,741745.0,0.884,0.277,0.151,1191.659,0.001,4.159,,,,,,,,,0.0,0.06,0.6518868837089239,0.2319004524886878,1828.2071143047813
COM,Comoros,2017,0.264,1426021134.0,756672.0,1.136,0.349,0.185,1501.447,0.001,4.422,,,,,,,,,0.0,0.09,0.7966221347740559,0.2323943661971831,1884.5961446967774
COM,Comoros,2018,0.286,1479483924.0,771597.0,0.824,0.37,0.193,1068.264,0.001,4.708,,,,,,,,,0.0,0.1,0.556950965558447,0.3470873786407767,1917.4308920330172
COM,Comoros,2019,0.311,1533170985.0,786582.0,0.908,0.396,0.203,1154.261,0.001,5.02,,,,,,,,,0.0,0.11,0.5922366186704218,0.34251101321585903,1949.1559494115045
COM,Comoros,2020,0.37,1594579416.0,802172.0,1.071,0.461,0.232,1334.557,0.001,5.39,,,,,,,,,0.0,0.13,0.6716504610893586,0.34547152194211017,1987.8273188293783
COM,Comoros,2021,0.498,1639163875.0,818178.0,1.609,0.609,0.304,1966.552,0.001,5.888,,,,,,,,,0.0,0.13,0.981598011364178,0.30950901180857676,2003.431863237584
COM,Comoros,2022,0.532,1682076951.0,834191.0,1.725,0.637,0.316,2068.179,0.001,6.42,,,,,,,,,0.0,0.14,1.0255178866665298,0.3084057971014493,2016.417044777515
COG,Congo,1990,1.008,8597207705.0,2380562.0,4.651,0.423,0.117,1953.634,0.004,24.993,,,,,,,,,,,0.5409896049498784,0.21672758546549128,3611.41936441899
COG,Congo,1991,1.083,9009686346.0,2449235.0,4.187,0.442,0.12,1709.668,0.005,26.075,,,,,,,,,,,0.46472206014795275,0.25865775017912584,3678.5716135854664
COG,Congo,1992,1.289,9460341965.0,2519467.0,4.084,0.512,0.136,1620.822,0.006,27.365,,,,,,,,,,,0.4316968683700219,0.3156219392752204,3754.898145123552
COG,Congo,1993,1.16,9584773341.0,2595127.0,3.733,0.447,0.121,1438.404,0.005,28.525,,,,,,,,,,,0.38947191208285037,0.3107420305384409,3693.3735192921195
COG,Congo,1994,3.384,9269118406.0,2673147.0,3.574,1.266,0.365,1337.183,0.015,31.909,,,,,,,,,,,0.38558143757086016,0.9468382764409625,3467.492960918348
COG,Congo,1995,3.225,9864798737.0,2749464.0,3.61,1.173,0.327,1312.997,0.014,35.134,,,,,,,,,,,0.3659476585629605,0.8933518005540166,3587.898854831342
COG,Congo,1996,4.037,10738735212.0,2826786.0,3.671,1.428,0.376,1298.5,0.017,39.171,,,,,,,,,,,0.341846588776846,1.0997003541269408,3798.920474347899
COG,Congo,1997,4.831,10724892959.0,2887862.0,3.585,1.673,0.45,1241.374,0.02,44.002,,,,,,,,,,,0.33426907044247733,1.3475592747559275,3713.783054384178
COG,Congo,1998,3.869,11368414038.0,2952062.0,3.494,1.311,0.34,1183.603,0.016,47.871,,,,,,,,,,,0.30734278223162653,1.1073268460217516,3851.007884658249
COG,Congo,1999,3.916,11329492011.0,3032876.0,2.989,1.291,0.346,985.42,0.016,51.786,,,,,,,,,,,0.2638247149208392,1.310137169621947,3735.560573857949
COG,Congo,2000,4.284,12472135877.0,3151349.0,3.268,1.359,0.344,1037.026,0.017,56.071,,,,,,,,,0.29,0.29,0.262024085708251,1.3108935128518973,3957.713308491062
COG,Congo,2001,4.178,13249308227.0,3272542.0,4.098,1.277,0.315,1252.23,0.016,60.248,,,,,,,,,0.33,0.33,0.30929916715568007,1.0195217179111762,4048.628933410175
COG,Congo,2002,2.72,14180954098.0,3350770.0,3.558,0.812,0.192,1061.703,0.01,62.969,,,,,,,,,0.39,0.39,0.2508999024615558,0.7644744238336144,4232.147863923815
COG,Congo,2003,3.258,14627827623.0,3445758.0,4.33,0.946,0.223,1256.683,0.012,66.227,,,,,,,,,0.34,0.4,0.29601114475752666,0.7524249422632795,4245.169748717119
COG,Congo,2004,3.549,15504146539.0,3565565.0,4.668,0.995,0.229,1309.18,0.012,69.775,,,,,,,,,0.33,0.4,0.30108074560943104,0.7602827763496144,4348.3000699748845
COG,Congo,2005,4.352,17078609818.0,3696399.0,6.488,1.177,0.255,1755.228,0.015,74.128,,,,,,,,,0.35,0.43,0.3798904049650442,0.6707768187422934,4620.337203315984
COG,Congo,2006,4.786,18567839817.0,3837411.0,7.843,1.247,0.258,2043.876,0.016,78.913,,,,,,,,,0.37,0.45,0.4223970088765657,0.6102256789493816,4838.637252303702
COG,Congo,2007,4.259,18699065550.0,3980430.0,9.885,1.07,0.228,2483.396,0.014,83.173,,,,,,,,,0.33,0.4,0.5286360419224264,0.43085483055134044,4697.750130011079
COG,Congo,2008,4.27,20270055811.0,4113514.0,11.268,1.038,0.211,2739.223,0.013,87.443,,,,,,,,,0.37,0.46,0.5558938813520764,0.37894923677671283,4927.673957351306
COG,Congo,2009,4.944,22298715246.0,4281218.0,13.917,1.155,0.222,3250.688,0.016,92.387,,,,,,,,,0.33,0.54,0.6241166742777464,0.3552489760724294,5208.497966232974
COG,Congo,2010,5.5,24809062977.0,4462304.0,19.089,1.233,0.222,4277.887,0.017,97.887,,,,,,,,,0.46,0.81,0.7694365570234168,0.2881240505002881,5559.698079064089
COG,Congo,2011,5.046,26249089782.0,4609728.0,22.419,1.095,0.192,4863.47,0.015,102.933,,,,,,,,,0.81,1.31,0.8540867582910842,0.22507694366385655,5694.281697748761
COG,Congo,2012,5.018,28860086022.0,4740457.0,22.728,1.059,0.174,4794.468,0.014,107.951,,,,,,,,,1.01,1.72,0.7875236401816156,0.22078493488208378,6088.038773898804
COG,Congo,2013,5.89,28654592534.0,4857104.0,29.193,1.213,0.206,6010.349,0.017,113.841,,,,,,,,,0.99,1.73,1.0187895697822662,0.201760696057274,5899.522129647626
COG,Congo,2014,5.471,30579326354.0,4975887.0,27.734,1.1,0.179,5573.689,0.015,119.313,,,,,,,,,0.97,1.76,0.9069526149444489,0.1972668926227735,6145.502571501323
COG,Congo,2015,5.637,29493455123.0,5097583.0,27.783,1.106,0.191,5450.198,0.016,124.949,,,,,,,,,1.12,2.79,0.9420056037562676,0.20289385595508044,5785.772418614862
COG,Congo,2016,5.727,26313174327.0,5222545.0,26.448,1.097,0.218,5064.269,0.016,130.676,,,,,,,,,1.15,2.97,1.0051238847629895,0.21653811252268604,5038.381541374943
COG,Congo,2017,5.651,25159867387.0,5351013.0,19.23,1.056,0.225,3593.713,0.016,136.327,,,,,,,,,1.22,2.98,0.7643124546012536,0.293863754550182,4701.888667996134
COG,Congo,2018,6.545,23950933949.0,5483128.0,18.475,1.194,0.273,3369.348,0.018,142.872,,,,,,,,,1.08,3.08,0.7713686672653268,0.35426251691474964,4368.1150520286965
COG,Congo,2019,7.294,24196673159.0,5616656.0,19.386,1.299,0.301,3451.468,0.02,150.166,,,,,,,,,1.08,3.89,0.8011845212195768,0.37625090271329825,4308.021206746505
COG,Congo,2020,7.677,22696964187.0,5752792.0,21.418,1.335,0.338,3723.017,0.022,157.843,,,,,,,,,1.08,4.01,0.9436504293498184,0.3584368288355589,3945.3823790256974
COG,Congo,2021,7.393,23037421913.0,5892187.0,21.813,1.255,0.321,3701.997,0.02,165.236,,,,,,,,,1.08,4.11,0.9468507406070008,0.3389263283363132,3909.8253183410507
COG,Congo,2022,8.728,23679011891.0,6035104.0,23.519,1.446,0.369,3897.074,0.023,173.963,,,,,,,,,1.08,4.95,0.993242459113726,0.37110421361452445,3923.5466184178435
CRI,Costa Rica,1990,2.909,22906633594.0,3121707.0,14.923,0.932,0.127,4780.386,0.013,61.29,,,,,,,,,,,0.6514706728407628,0.1949339945051263,7337.855088257803
CRI,Costa Rica,1991,3.282,23392535070.0,3202182.0,15.8,1.025,0.14,4934.007,0.014,64.572,,,,,,,,,,,0.6754291466367351,0.20772151898734179,7305.185985681013
CRI,Costa Rica,1992,3.735,25455642664.0,3284261.0,19.302,1.137,0.147,5877.006,0.017,68.307,,,,,,,,,,,0.7582601725980922,0.1935032639104756,7750.797717964559
CRI,Costa Rica,1993,3.881,27068748885.0,3367436.0,21.008,1.153,0.143,6238.651,0.017,72.189,,,,,,,,,,,0.7760979308371903,0.18473914699162225,8038.385550608831
CRI,Costa Rica,1994,5.188,28250615652.0,3451122.0,21.416,1.503,0.184,6205.497,0.023,77.377,,,,,,,,,,,0.7580719749193804,0.2422487859544266,8185.92204274436
CRI,Costa Rica,1995,4.789,29404437442.0,3535179.0,22.703,1.355,0.163,6421.889,0.02,82.166,,,,,,,,,,,0.7720943495273961,0.2109412852926926,8317.665793443557
CRI,Costa Rica,1996,4.673,29695504987.0,3619012.0,22.323,1.291,0.157,6168.313,0.019,86.839,,,,,,,,,,,0.7517299338661689,0.20933566276934104,8205.417662886997
CRI,Costa Rica,1997,4.9,31327517132.0,3701713.0,24.138,1.324,0.156,6520.789,0.02,91.739,,,,,,,,,,,0.7705047258706579,0.20299942000165713,8462.97839189586
CRI,Costa Rica,1998,5.214,33453800269.0,3782840.0,26.031,1.378,0.156,6881.35,0.021,96.953,,,,,,,,,,,0.7781178757177448,0.2002996427336637,8843.567338031744
CRI,Costa Rica,1999,5.415,34758013094.0,3862103.0,29.119,1.402,0.156,7539.751,0.022,102.368,,,,,,,,,,,0.8377636524058558,0.18596105635495724,8999.76336571034
CRI,Costa Rica,2000,5.367,36043077867.0,3937737.0,29.093,1.363,0.149,7388.234,0.021,107.735,,,,,,,,,6.8,6.86,0.8071730196670222,0.1844773656893411,9153.246615251348
CRI,Costa Rica,2001,5.638,37338984417.0,4008951.0,29.612,1.406,0.151,7386.503,0.022,113.373,,,,,,,,,6.8,6.9,0.7930585274975503,0.19039578549236796,9313.903915762503
CRI,Costa Rica,2002,6.214,38566391693.0,4075710.0,30.777,1.525,0.161,7551.25,0.024,119.588,,,,,,,,,7.3,7.42,0.7980264330921626,0.20190401923514312,9462.49652036087
CRI,Costa Rica,2003,6.551,40104618605.0,4138791.0,32.184,1.583,0.163,7776.174,0.024,126.139,,,,,,,,,7.14,7.3,0.8025010863957572,0.20354834700472288,9689.93568532453
CRI,Costa Rica,2004,6.797,41810218746.0,4200079.0,32.227,1.618,0.163,7672.902,0.024,132.936,,,,,,,,,7.91,7.98,0.7707924274632781,0.21091010643249453,9954.626745354075
CRI,Costa Rica,2005,6.66,43414436973.0,4261240.0,34.244,1.563,0.153,8036.141,0.022,139.595,,,,,,,,,7.92,8.19,0.7887698744382379,0.19448662539422965,10188.216803794201
CRI,Costa Rica,2006,6.976,46549505108.0,4321337.0,36.226,1.614,0.15,8383.152,0.023,146.571,,,,,,,,,8.09,8.62,0.7782252446283086,0.19256887318500523,10772.014565862371
CRI,Costa Rica,2007,7.907,50253055044.0,4380250.0,38.916,1.805,0.157,8884.348,0.025,154.478,,,,,,,,,8.26,8.98,0.7744006800367932,0.2031812108130332,11472.645406997317
CRI,Costa Rica,2008,7.934,52514579539.0,4440058.0,38.795,1.787,0.151,8737.468,0.025,162.412,,,,,,,,,8.72,9.4,0.7387472267808763,0.20451089057868282,11827.453501508313
CRI,Costa Rica,2009,7.693,51990443852.0,4499788.0,37.487,1.71,0.148,8330.891,0.024,170.105,,,,,,,,,8.79,9.24,0.7210363525018825,0.205217808840398,11553.97628777178
CRI,Costa Rica,2010,7.461,54669051273.0,4555965.0,38.259,1.638,0.136,8397.651,0.022,177.566,,,,,,,,,8.87,9.51,0.6998292289534461,0.1950129381322042,11999.444963470965
CRI,Costa Rica,2011,7.276,56719502938.0,4609834.0,38.588,1.578,0.128,8370.705,0.021,184.843,,,,,,,,,8.89,9.75,0.6803303625946878,0.1885560277806572,12304.022864597728
CRI,Costa Rica,2012,7.217,59489116143.0,4663930.0,39.029,1.547,0.121,8368.356,0.021,192.059,,,,,,,,,9.28,10.11,0.656069589371307,0.1849137820594942,12755.147727989057
CRI,Costa Rica,2013,7.584,60973369897.0,4716153.0,39.867,1.608,0.124,8453.235,0.021,199.643,,,,,,,,,8.99,10.19,0.6538428180588642,0.19023252313943864,12928.62421914641
CRI,Costa Rica,2014,7.702,63133053443.0,4767126.0,40.828,1.616,0.122,8564.41,0.022,207.345,,,,,,,,,9.13,10.17,0.6466976927840464,0.1886450475164103,13243.420342361414
CRI,Costa Rica,2015,7.353,65438671759.0,4818045.0,41.158,1.526,0.112,8542.498,0.021,214.698,,,,,,,,,10.66,10.77,0.6289553087443192,0.17865299577238933,13581.996797248677
CRI,Costa Rica,2016,7.829,68189707920.0,4867003.0,43.512,1.609,0.115,8940.282,0.022,222.527,,,,,,,,,10.67,10.86,0.6381021612682103,0.17992737635594777,14010.615551295119
CRI,Costa Rica,2017,7.987,71025038908.0,4913177.0,44.914,1.626,0.112,9141.534,0.022,230.513,,,,,,,,,11.24,11.28,0.6323685377797245,0.17782873936857105,14456.030977105038
CRI,Costa Rica,2018,7.967,72883048113.0,4957813.0,46.812,1.607,0.109,9442.009,0.022,238.48,,,,,,,,,11.28,11.44,0.6422892731849156,0.17019140391352644,14700.644843401718
CRI,Costa Rica,2019,7.66,74645366733.0,4999549.0,46.714,1.532,0.103,9343.587,0.021,246.141,,,,,,,,,11.32,11.42,0.6258124521926716,0.16397653808280174,14930.420070490358
CRI,Costa Rica,2020,6.754,71455765338.0,5034323.0,40.794,1.342,0.095,8103.238,0.019,252.895,,,,,,,,,11.7,11.72,0.5708986504732859,0.1655635632691082,14193.71886507878
CRI,Costa Rica,2021,7.665,77015741091.0,5059991.0,45.411,1.515,0.1,8974.451,0.021,260.56,,,,,,,,,12.73,12.73,0.589632708284186,0.16879170245094802,15220.529263984858
CRI,Costa Rica,2022,8.01,80345898158.0,5081764.0,46.83,1.576,0.1,9215.243,0.021,268.57,,,,,,,,,12.44,12.44,0.5828548945698376,0.17104420243433696,15810.63153621459
CIV,Cote d'Ivoire,1990,4.782,26018496693.0,12189780.0,20.025,0.392,0.184,1642.761,0.021,117.594,,,,,,,,,,,0.7696447737269737,0.23880149812734083,2134.4517040504425
CIV,Cote d'Ivoire,1991,4.309,26972060608.0,12683875.0,16.642,0.34,0.16,1312.042,0.019,121.903,,,,,,,,,,,0.6170088463713421,0.2589232063453912,2126.4842651003737
CIV,Cote d'Ivoire,1992,3.844,27466934209.0,13200313.0,16.533,0.291,0.14,1252.47,0.017,125.747,,,,,,,,,,,0.6019237485406248,0.23250468759450793,2080.779009482578
CIV,Cote d'Ivoire,1993,5.093,28127565766.0,13735955.0,18.76,0.371,0.181,1365.727,0.022,130.84,,,,,,,,,,,0.6669613771795598,0.2714818763326226,2047.7328126074963
CIV,Cote d'Ivoire,1994,4.133,29026826745.0,14287211.0,19.269,0.289,0.142,1348.722,0.018,134.973,,,,,,,,,,,0.663834189292468,0.2144895946857647,2031.6650146064196
CIV,Cote d'Ivoire,1995,6.225,31414510714.0,14855566.0,20.019,0.419,0.198,1347.566,0.026,141.198,,,,,,,,,,,0.6372532802517422,0.3109545931365203,2114.662660042707
CIV,Cote d'Ivoire,1996,7.526,34617707279.0,15442322.0,23.861,0.487,0.217,1545.159,0.031,148.724,,,,,,,,,,,0.6892715282295631,0.31541008339968984,2241.7423544852904
CIV,Cote d'Ivoire,1997,7.211,37316438035.0,16047178.0,24.304,0.449,0.193,1514.514,0.03,155.935,,,,,,,,,,,0.6512947451523825,0.29670013166556947,2325.420583918244
CIV,Cote d'Ivoire,1998,6.748,39915308009.0,16663948.0,25.565,0.405,0.169,1534.13,0.028,162.683,,,,,,,,,,,0.6404810904687412,0.26395462546450227,2395.309203377255
CIV,Cote d'Ivoire,1999,6.095,41352107617.0,17215937.0,33.08,0.354,0.147,1921.492,0.025,168.779,,,,,,,,,,,0.7999592259331588,0.1842503022974607,2401.9667135747536
CIV,Cote d'Ivoire,2000,6.63,41297593671.0,17699007.0,33.285,0.375,0.161,1880.609,0.026,175.409,,,,,,,,,1.75,4.8,0.8059791634633034,0.19918882379450206,2333.328286214023
CIV,Cote d'Ivoire,2001,7.653,42194161007.0,18178920.0,32.803,0.421,0.181,1804.471,0.03,183.062,,,,,,,,,1.78,4.88,0.7774298437776257,0.23330183214949854,2321.0488305685926
CIV,Cote d'Ivoire,2002,7.45,42379148241.0,18654772.0,32.006,0.399,0.176,1715.691,0.028,190.512,,,,,,,,,1.71,5.29,0.7552299026396093,0.23276885583953008,2271.7591102694796
CIV,Cote d'Ivoire,2003,5.301,42761562091.0,19125546.0,28.344,0.277,0.124,1482.016,0.019,195.813,,,,,,,,,1.81,5.08,0.6628382737674952,0.18702370872142252,2235.8348405321344
CIV,Cote d'Ivoire,2004,7.386,44320594821.0,19594997.0,31.103,0.377,0.167,1587.285,0.026,203.199,,,,,,,,,1.84,5.5,0.701773072442222,0.23746905443204835,2261.8321820105407
CIV,Cote d'Ivoire,2005,7.568,46182121378.0,20068468.0,35.496,0.377,0.164,1768.738,0.026,210.767,,,,,,,,,1.53,5.67,0.7686091271006317,0.21320712192923147,2301.2280448113925
CIV,Cote d'Ivoire,2006,6.887,48079711067.0,20546808.0,29.811,0.335,0.143,1450.859,0.023,217.654,,,,,,,,,1.6,5.64,0.6200328441753279,0.2310221059340512,2340.0087773731084
CIV,Cote d'Ivoire,2007,6.653,50213105655.0,21030558.0,31.608,0.316,0.133,1502.957,0.021,224.308,,,,,,,,,1.9,5.62,0.6294770974169492,0.2104846874209061,2387.6259324645594
CIV,Cote d'Ivoire,2008,6.713,52842644609.0,21514446.0,34.91,0.312,0.127,1622.628,0.021,231.02,,,,,,,,,2.0,5.79,0.6606406673683821,0.19229447149813808,2456.1471212877154
CIV,Cote d'Ivoire,2009,5.66,55907844337.0,21997936.0,33.49,0.257,0.101,1522.432,0.018,236.68,,,,,,,,,2.18,5.85,0.599021486110782,0.16900567333532396,2541.5040909747167
CIV,Cote d'Ivoire,2010,6.225,58369987439.0,22488068.0,35.272,0.277,0.107,1568.466,0.019,242.905,,,,,,,,,1.67,5.95,0.6042831521398094,0.17648559764118849,2595.5981384883753
CIV,Cote d'Ivoire,2011,6.523,57051170312.0,22982003.0,32.349,0.284,0.114,1407.574,0.019,249.428,,,,,,,,,1.82,6.08,0.5670172903218392,0.20164456397415687,2482.4281117707624
CIV,Cote d'Ivoire,2012,8.54,63249209930.0,23467083.0,40.219,0.364,0.135,1713.841,0.024,257.968,,,,,,,,,1.84,7.0,0.6358814607251491,0.21233745244784802,2695.2310148645233
CIV,Cote d'Ivoire,2013,9.68,69113673482.0,23939775.0,45.178,0.404,0.14,1887.155,0.027,267.648,,,,,,,,,1.66,7.63,0.6536767288424653,0.21426357961839834,2886.9809128114193
CIV,Cote d'Ivoire,2014,9.903,75191536255.0,24527393.0,47.355,0.404,0.132,1930.718,0.028,277.551,,,,,,,,,1.96,8.27,0.6297916276029144,0.20912258473234083,3065.614688646282
CIV,Cote d'Ivoire,2015,9.555,81840720288.0,25246347.0,48.214,0.378,0.117,1909.726,0.027,287.106,,,,,,,,,1.44,8.7,0.5891199372431408,0.19817895217156842,3241.6856303210916
CIV,Cote d'Ivoire,2016,11.979,87711151924.0,25989404.0,54.957,0.461,0.137,2114.603,0.034,299.085,,,,,,,,,1.68,10.23,0.6265679881575283,0.21797041323216332,3374.8812371380277
CIV,Cote d'Ivoire,2017,12.002,93099253173.0,26733376.0,53.684,0.449,0.129,2008.135,0.033,311.087,,,,,,,,,2.15,10.12,0.5766319081018049,0.22356754340213097,3482.5101466047536
CIV,Cote d'Ivoire,2018,10.415,96591406762.0,27464175.0,53.911,0.379,0.108,1962.942,0.028,321.502,,,,,,,,,3.0,10.04,0.5581345360549104,0.19318877409063084,3516.9964785761813
CIV,Cote d'Ivoire,2019,10.539,104618149506.0,28193014.0,57.436,0.374,0.101,2037.24,0.028,332.041,,,,,,,,,3.53,10.66,0.5490060784979375,0.1834911901943032,3710.782731707933
CIV,Cote d'Ivoire,2020,11.019,106396657387.0,28915452.0,55.828,0.381,0.104,1930.748,0.031,343.06,,,,,,,,,3.44,11.26,0.5247157323461301,0.19737407752382316,3679.5778736918933
CIV,Cote d'Ivoire,2021,13.666,113844428305.0,29639737.0,66.362,0.461,0.12,2238.969,0.037,356.726,,,,,,,,,2.71,11.35,0.5829182946240453,0.20593110515053797,3840.9392197036027
CIV,Cote d'Ivoire,2022,14.504,121471995793.0,30395004.0,78.412,0.477,0.119,2579.768,0.039,371.23,,,,,,,,,3.45,12.61,0.6455150381625541,0.18497168800693772,3996.446119664929
HRV,Croatia,1990,22.885,58374079130.0,4835067.0,100.82,4.733,0.392,20851.836,0.101,525.73,10.903,89.097,0.0,0.0,9.392,25.493,54.212,10.903,3.93,8.81,1.727136453415775,0.22698869271969846,12073.06519847605
HRV,Croatia,1991,16.999,46751295520.0,4825159.0,83.79,3.523,0.364,17365.137,0.073,542.73,18.574,81.426,0.0,0.0,6.386,28.546,46.494,18.574,5.54,8.58,1.7922497990276014,0.2028762382145841,9689.068385103994
HRV,Croatia,1992,16.379,41906545003.0,4782235.0,80.523,3.425,0.391,16838.043,0.073,559.109,15.173,84.827,0.0,0.0,5.828,30.724,48.275,15.173,4.36,8.9,1.9214898291957863,0.20340772201731186,8762.962297544977
HRV,Croatia,1993,16.811,39138894948.0,4729734.0,84.006,3.554,0.43,17761.256,0.074,575.92,15.264,84.736,0.0,0.0,4.748,31.096,48.893,15.264,4.57,9.54,2.1463559487719444,0.20011665833392853,8275.073174939647
HRV,Croatia,1994,16.055,42079800726.0,4675517.0,84.863,3.434,0.382,18150.568,0.07,591.974,18.019,81.981,0.0,0.0,2.947,29.013,50.021,18.019,5.44,8.74,2.0167158241214147,0.18918727831917326,9000.031595650278
HRV,Croatia,1995,16.814,45617097590.0,4619362.0,87.85,3.64,0.369,19017.701,0.072,608.789,18.212,81.788,0.0,0.0,2.341,25.907,53.54,18.212,5.69,9.24,1.925813009621597,0.19139442231075698,9875.19436450315
HRV,Croatia,1996,17.338,48751845543.0,4562290.0,94.241,3.8,0.356,20656.52,0.072,626.127,23.558,76.442,0.0,0.0,1.793,27.154,47.496,23.558,7.87,11.14,1.933075536943063,0.18397512759839135,10685.827850268177
HRV,Croatia,1997,18.569,52770093719.0,4504627.0,93.359,4.122,0.352,20725.064,0.076,644.697,17.617,82.383,0.0,0.0,3.065,28.307,51.011,17.617,5.85,10.21,1.769164945909237,0.19889887423815594,11714.64223763699
HRV,Croatia,1998,19.04,54840833756.0,4445669.0,98.731,4.283,0.347,22208.432,0.078,663.737,17.157,82.843,0.0,0.0,2.77,25.722,54.351,17.157,6.03,11.44,1.8003190914142162,0.192847231366035,12335.788776897245
HRV,Croatia,1999,20.082,55058853604.0,4385823.0,102.114,4.579,0.365,23282.852,0.081,683.819,20.22,79.78,0.0,0.0,2.38,25.265,52.135,20.22,7.34,12.96,1.854633602334602,0.19666255361654622,12553.824813267658
HRV,Croatia,2000,19.653,57398794775.0,4326105.0,96.55,4.543,0.342,22317.953,0.077,703.471,18.794,81.206,0.0,0.0,5.263,26.936,49.007,18.794,6.45,11.21,1.6820910679130197,0.20355256343863284,13268.007774892196
HRV,Croatia,2001,20.776,57633269426.0,4301079.0,101.516,4.83,0.36,23602.438,0.081,724.247,19.785,80.215,0.0,0.0,5.575,26.856,47.785,19.785,7.18,12.75,1.7614131735202803,0.20465739390834942,13399.723517284849
HRV,Croatia,2002,21.916,61317061359.0,4305783.0,101.622,5.09,0.357,23601.307,0.083,746.163,15.94,84.06,0.0,0.0,6.755,27.41,49.896,15.94,5.85,12.69,1.6573201283248404,0.21566196296077622,14240.62972030871
HRV,Croatia,2003,23.226,65731224853.0,4306683.0,106.32,5.393,0.353,24687.121,0.084,769.389,14.114,85.886,0.0,0.0,7.171,26.007,52.707,14.114,5.46,13.16,1.6174961023131993,0.21845372460496615,15262.610425006902
HRV,Croatia,2004,22.853,69483828958.0,4310050.0,110.541,5.302,0.329,25647.283,0.08,792.242,18.938,81.062,0.0,0.005,7.345,26.017,47.7,18.938,7.63,13.87,1.5908881484757742,0.20673777150559522,16121.351018665677
HRV,Croatia,2005,23.296,73522772944.0,4313946.0,109.285,5.4,0.317,25332.936,0.079,815.537,17.569,82.431,0.0,0.025,7.359,25.435,49.637,17.569,7.06,13.05,1.486410204947506,0.21316740632291714,17043.044336669955
HRV,Croatia,2006,23.496,78256427771.0,4315802.0,107.95,5.444,0.3,25012.688,0.077,839.034,16.644,83.356,0.0,0.048,6.911,25.446,50.999,16.644,6.65,12.91,1.3794394029317518,0.21765632237146829,18132.534293973633
HRV,Croatia,2007,24.802,83591431787.0,4315959.0,108.455,5.747,0.297,25128.795,0.079,863.835,11.745,88.255,0.0,0.086,7.444,29.008,51.803,11.745,4.74,12.54,1.2974415879890067,0.22868470794338666,19367.98560574834
HRV,Croatia,2008,23.516,86620961215.0,4314635.0,107.864,5.45,0.271,24999.676,0.073,887.351,14.47,85.53,0.0,0.099,7.717,28.326,49.487,14.47,5.84,12.78,1.2452413190413936,0.2180152784988504,20076.080877061442
HRV,Croatia,2009,21.752,81451695571.0,4310537.0,106.489,5.046,0.267,24704.299,0.069,909.103,18.759,81.241,0.0,0.135,5.6,26.56,49.081,18.759,7.48,13.35,1.3073883760611886,0.204265229272507,18895.950915396388
HRV,Croatia,2010,20.978,81303793822.0,4301150.0,108.264,4.877,0.258,25170.996,0.063,930.081,22.716,77.284,0.0,0.34,7.443,28.699,41.142,22.716,9.3,14.79,1.3315983782629444,0.19376708785930688,18902.803627401972
HRV,Croatia,2011,20.615,82302805353.0,4280827.0,94.448,4.816,0.25,22063.092,0.06,950.696,14.713,85.287,0.0,0.557,8.735,31.947,44.605,14.713,5.28,11.23,1.147567201323318,0.21826825343045908,19225.912505457472
HRV,Croatia,2012,19.05,80383800465.0,4259233.0,87.595,4.473,0.237,20565.84,0.054,969.746,16.074,83.926,0.007,0.977,8.45,32.357,43.119,16.074,5.26,10.57,1.089709611803436,0.21747816656201838,18872.83472517235
HRV,Croatia,2013,18.401,80064089923.0,4242403.0,96.073,4.337,0.23,22645.891,0.052,988.147,25.559,74.441,0.031,1.4,8.307,28.074,38.06,25.559,9.28,13.94,1.1999511902576578,0.19153143963444463,18872.344264088064
HRV,Croatia,2014,17.65,79720242860.0,4219485.0,96.009,4.183,0.221,22753.666,0.05,1005.797,27.249,72.751,0.095,1.968,7.968,24.882,39.901,27.249,9.94,13.43,1.2043239778961206,0.18383693195429596,18893.358516501423
HRV,Croatia,2015,17.794,81731110395.0,4183732.0,91.02,4.253,0.218,21755.668,0.05,1023.591,21.651,78.349,0.161,2.244,7.842,26.952,43.555,21.651,7.52,11.24,1.1136518219330134,0.1954954954954955,19535.455520334475
HRV,Croatia,2016,18.079,84640158587.0,4136438.0,94.731,4.371,0.214,22901.484,0.051,1041.671,22.794,77.206,0.176,2.729,8.106,27.028,42.071,22.794,8.36,12.6,1.11922049274787,0.19084565770444734,20462.088054263113
HRV,Croatia,2017,18.713,87528490789.0,4079198.0,94.783,4.587,0.214,23235.795,0.052,1060.384,19.346,80.654,0.21,3.213,4.87,30.951,44.833,19.346,7.12,11.77,1.0828816896716298,0.19742991886730743,21457.27929583217
HRV,Croatia,2018,17.695,89979865983.0,4024868.0,98.16,4.396,0.197,24388.486,0.048,1078.078,25.936,74.064,0.193,3.436,4.394,27.575,42.095,25.936,9.78,13.52,1.0909107157210645,0.18026691116544416,22355.97937199431
HRV,Croatia,2019,17.82,93057982684.0,3986338.0,95.813,4.47,0.191,24035.391,0.048,1095.899,23.27,76.73,0.217,3.838,5.178,29.571,41.981,23.27,8.35,12.65,1.0296053840470119,0.18598728773757214,23344.22788132868
HRV,Croatia,2020,16.87,85073361985.0,3953956.0,91.378,4.267,0.198,23110.643,0.048,1112.769,25.033,74.967,0.261,4.711,4.657,32.561,37.749,25.033,8.55,13.23,1.0741082504311,0.1846177416883714,21516.011302351366
HRV,Croatia,2021,17.403,96194363488.0,3924607.0,98.312,4.434,0.181,25050.172,0.047,1130.172,28.683,71.317,0.379,5.243,4.987,29.168,37.162,28.683,10.53,15.11,1.0220141433989962,0.17701806493612174,24510.572265707113
HRV,Croatia,2022,17.585,102284645672.0,3907031.0,93.167,4.501,0.172,23846.066,0.047,1147.757,25.053,74.947,0.406,5.711,5.14,26.97,42.837,25.053,8.95,14.1,0.9108600747248233,0.1887470885614005,26179.635040520538
CUB,Cuba,1990,29.638,49943661000.0,10631796.0,145.492,2.788,0.593,13684.609,0.13,957.14,,,,,,,,,,,2.913122448112084,0.2037087949852913,4697.575179207727
CUB,Cuba,1991,26.961,42598295390.0,10717640.0,135.367,2.516,0.633,12630.26,0.116,984.101,,,,,,,,,,,3.177756263734852,0.19916966468932606,3974.5965893610905
CUB,Cuba,1992,20.754,36651621015.0,10785807.0,120.479,1.924,0.566,11170.141,0.092,1004.855,,,,,,,,,,,3.287139740714139,0.1722623859759792,3398.1343273618745
CUB,Cuba,1993,19.79,28833506799.0,10841040.0,117.74,1.825,0.686,10860.575,0.087,1024.645,,,,,,,,,,,4.083443641481842,0.16808221505011042,2659.6624308184455
CUB,Cuba,1994,21.426,29226990747.0,10886022.0,119.089,1.968,0.733,10939.621,0.093,1046.072,,,,,,,,,,,4.074624070294472,0.17991586124663067,2684.818269428447
CUB,Cuba,1995,22.868,31242330737.0,10925362.0,121.365,2.093,0.732,11108.557,0.097,1068.94,,,,,,,,,,,3.884633352794917,0.1884233510484901,2859.615153896045
CUB,Cuba,1996,23.304,35625751288.0,10962009.0,125.114,2.126,0.654,11413.409,0.096,1092.244,,,,,,,,,,,3.511897868162089,0.18626212893840818,3249.9290310745046
CUB,Cuba,1997,24.824,37729137308.0,10997933.0,137.644,2.257,0.658,12515.4,0.102,1117.067,,,,,,,,,,,3.648214876379224,0.18034930690767487,3430.5662080320003
CUB,Cuba,1998,24.309,37789591716.0,11034716.0,130.993,2.203,0.643,11870.953,0.1,1141.376,,,,,,,,,,,3.4663777524893966,0.18557480170696145,3424.6093615821196
CUB,Cuba,1999,24.489,40250898358.0,11072230.0,113.298,2.212,0.608,10232.663,0.099,1165.865,,,,,,,,,,,2.814794318186482,0.21614679870783243,3635.30186403281
CUB,Cuba,2000,25.299,44692111238.0,11109112.0,109.592,2.277,0.566,9865.099,0.099,1191.164,,,,,,,,,1.03,15.03,2.4521553572707053,0.23084714212716256,4023.0138320686656
CUB,Cuba,2001,24.681,47301967982.0,11144134.0,100.938,2.215,0.522,9057.511,0.096,1215.845,,,,,,,,,1.0,15.3,2.133906987514987,0.2445164358318968,4244.5620253668885
CUB,Cuba,2002,25.179,48976944311.0,11177422.0,102.09,2.253,0.514,9133.567,0.096,1241.024,,,,,,,,,1.04,15.69,2.0844501721409157,0.2466353217749045,4381.774644546837
CUB,Cuba,2003,25.554,50659542457.0,11209379.0,103.586,2.28,0.504,9241.056,0.092,1266.579,,,,,,,,,0.85,15.81,2.0447480371131297,0.2466935686289653,4519.388849016525
CUB,Cuba,2004,24.54,51357046933.0,11238756.0,104.966,2.183,0.478,9339.649,0.086,1291.119,,,,,,,,,0.88,15.64,2.0438480455649604,0.23378998913934035,4569.638039387989
CUB,Cuba,2005,25.706,53114045326.0,11262553.0,103.321,2.282,0.484,9173.879,0.087,1316.825,,,,,,,,,0.49,15.35,1.945267007358279,0.24879743711346192,4715.986271141188
CUB,Cuba,2006,26.781,61018245782.0,11278550.0,100.656,2.375,0.439,8924.525,0.088,1343.606,,,,,,,,,0.5,16.47,1.6496049453734523,0.2660646161182642,5410.114401407983
CUB,Cuba,2007,25.724,63463487934.0,11287274.0,101.61,2.279,0.405,9002.153,0.082,1369.33,,,,,,,,,0.53,17.61,1.6010780892734915,0.2531640586556441,5622.569978721169
CUB,Cuba,2008,27.738,67603097135.0,11291764.0,116.225,2.456,0.41,10292.886,0.087,1397.068,,,,,,,,,0.7,17.68,1.7192259663474367,0.23865777586577758,5986.938545208703
CUB,Cuba,2009,28.261,70355905283.0,11294719.0,117.09,2.502,0.402,10366.752,0.09,1425.329,,,,,,,,,0.69,17.73,1.6642526242682332,0.241361345973183,6229.097446603143
CUB,Cuba,2010,33.042,74083580619.0,11297414.0,133.169,2.925,0.446,11787.549,0.099,1458.371,,,,,,,,,0.57,17.4,1.7975508052839249,0.24812080889696547,6557.569778269611
CUB,Cuba,2011,29.076,78036992000.0,11301578.0,119.583,2.573,0.373,10581.127,0.084,1487.447,,,,,,,,,0.57,17.75,1.5323886394801072,0.24314492862697876,6904.964244816078
CUB,Cuba,2012,29.476,80388156000.0,11303172.0,130.129,2.608,0.367,11512.604,0.084,1516.923,,,,,,,,,0.69,18.43,1.6187583653492434,0.22651369026120238,7111.999711231502
CUB,Cuba,2013,27.894,83013750000.0,11298163.0,124.857,2.469,0.336,11051.086,0.079,1544.817,,,,,,,,,0.94,19.25,1.5040520395717576,0.22340757826954036,7347.5440210944025
CUB,Cuba,2014,27.366,85723464000.0,11285780.0,127.183,2.425,0.319,11269.271,0.077,1572.183,,,,,,,,,0.85,19.43,1.4836427981958358,0.21517026646643025,7595.705746523501
CUB,Cuba,2015,29.091,88467246000.0,11275069.0,127.577,2.58,0.329,11314.926,0.082,1601.275,,,,,,,,,0.9,20.39,1.4420817394948635,0.22802699546156438,7846.270918608126
CUB,Cuba,2016,27.772,88635596816.0,11265615.0,99.426,2.465,0.313,8825.617,0.078,1629.047,,,,,,,,,0.91,20.55,1.1217389352767597,0.2793233158328807,7867.799211671977
CUB,Cuba,2017,24.559,90020495157.0,11247824.0,105.784,2.183,0.273,9404.827,0.068,1653.606,,,,,,,,,0.8,20.57,1.1751101770269947,0.2321617635937382,8003.369821309438
CUB,Cuba,2018,23.019,91854653880.0,11227116.0,110.47,2.05,0.251,9839.556,0.063,1676.625,,,,,,,,,0.72,20.8,1.2026608923301731,0.2083733140219064,8181.50038531712
CUB,Cuba,2019,22.487,91703236400.0,11202847.0,101.214,2.007,0.245,9034.704,0.061,1699.112,,,,,,,,,0.89,20.7,1.1037124094346575,0.22217282194162863,8185.708186499378
CUB,Cuba,2020,21.281,81663255167.0,11176349.0,93.373,1.904,0.261,8354.511,0.061,1720.393,,,,,,,,,0.9,19.03,1.1433906205312752,0.22791385089908217,7306.791794619156
CUB,Cuba,2021,22.549,82687389665.0,11122169.0,92.463,2.027,0.273,8313.423,0.061,1742.942,,,,,,,,,0.79,17.83,1.1182237143366716,0.24387052118144556,7434.46621472844
CUB,Cuba,2022,23.259,84154971449.0,11059822.0,93.064,2.103,0.276,8414.643,0.062,1766.201,,,,,,,,,0.67,15.65,1.1058645543763161,0.24992478294507006,7609.071054579359
CYP,Cyprus,1990,4.648,10601790424.0,788355.0,19.275,5.896,0.438,24449.057,0.02,80.503,0.0,100.0,0.0,0.0,3.681,0.0,96.319,0.0,0.0,1.97,1.8180891367523981,0.2411413748378729,13447.990339377564
CYP,Cyprus,1991,5.136,10802933313.0,798950.0,19.512,6.429,0.475,24422.248,0.022,85.639,0.0,100.0,0.0,0.0,2.682,0.0,97.318,0.0,0.0,2.08,1.8061761037180255,0.26322263222632225,13521.413496464109
CYP,Cyprus,1992,5.509,11948250048.0,810344.0,22.797,6.798,0.461,28132.1,0.024,91.148,0.0,100.0,0.0,0.0,4.234,0.0,95.766,0.0,0.0,2.43,1.9079781481319062,0.24165460367592226,14744.664053784565
CYP,Cyprus,1993,5.753,12173586499.0,826042.0,23.69,6.964,0.473,28679.145,0.025,96.901,0.0,100.0,0.0,0.0,3.436,0.0,96.564,0.0,0.0,2.59,1.9460164842912988,0.24284508231321233,14737.248831173234
CYP,Cyprus,1994,5.995,13051263000.0,844669.0,23.732,7.097,0.459,28096.639,0.026,102.896,0.0,100.0,0.0,0.0,4.704,0.0,95.296,0.0,0.0,2.68,1.8183680767141082,0.2526125063205798,15451.334191263086
CYP,Cyprus,1995,5.866,14530339515.0,862698.0,25.231,6.799,0.404,29246.24,0.025,108.762,0.0,100.0,0.0,0.0,4.932,0.0,95.068,0.0,0.0,2.5,1.736435681626948,0.23249177598985374,16842.903907276937
CYP,Cyprus,1996,6.216,14861081660.0,880295.0,25.605,7.061,0.418,29086.635,0.026,114.978,0.0,100.0,0.0,0.0,4.542,0.0,95.458,0.0,0.0,2.61,1.7229566855095257,0.24276508494434682,16881.933510925315
CYP,Cyprus,1997,6.302,15384666855.0,897574.0,25.852,7.022,0.41,28801.662,0.026,121.28,0.0,100.0,0.0,0.0,3.419,0.0,96.581,0.0,0.0,2.73,1.6803743781814897,0.24377224199288255,17140.27685182503
CYP,Cyprus,1998,6.597,16341391926.0,914552.0,27.447,7.213,0.404,30010.984,0.027,127.877,0.0,100.0,0.0,0.0,0.593,0.0,99.407,0.0,0.0,2.99,1.6795998850214469,0.24035413706416,17868.193307761616
CYP,Cyprus,1999,6.863,17289794170.0,931235.0,28.881,7.37,0.397,31013.311,0.028,134.74,0.0,100.0,0.0,0.0,0.966,0.0,99.034,0.0,0.0,3.14,1.6704073927098693,0.23763027595997369,18566.520985572923
CYP,Cyprus,2000,7.107,18447964503.0,947667.0,30.261,7.499,0.385,31932.213,0.028,141.847,0.0,100.0,0.0,0.0,1.384,0.0,98.616,0.0,0.0,3.37,1.6403435725973436,0.234856746307128,19466.716159790307
CYP,Cyprus,2001,6.98,19289559263.0,964129.0,30.61,7.239,0.362,31748.504,0.027,148.827,0.0,100.0,0.0,0.0,2.014,0.0,97.986,0.0,0.0,3.55,1.5868688124313004,0.22803005553740607,20007.238930682513
CYP,Cyprus,2002,7.172,20131146271.0,981443.0,30.186,7.308,0.356,30756.688,0.027,155.999,0.0,100.0,0.0,0.0,1.695,0.0,98.305,0.0,0.0,3.79,1.4994675213047635,0.23759358643079573,20511.783436226047
CYP,Cyprus,2003,7.561,20821863547.0,999600.0,32.088,7.564,0.363,32101.143,0.027,163.559,0.0,100.0,0.0,0.0,1.595,0.0,98.405,0.0,0.0,4.05,1.5410724370356954,0.2356332585390177,20830.1956252501
CYP,Cyprus,2004,7.787,21975893073.0,1017875.0,31.228,7.65,0.354,30679.959,0.027,171.347,0.007,99.993,0.003,0.003,1.639,0.0,98.355,0.007,0.0,4.2,1.4210116465467932,0.2493595491225823,21589.972317818985
CYP,Cyprus,2005,7.952,23006188640.0,1036156.0,34.993,7.674,0.346,33771.734,0.027,179.298,0.007,99.993,0.004,0.003,1.462,0.0,98.531,0.007,0.0,4.38,1.5210255182885435,0.22724544908981797,22203.402422029114
CYP,Cyprus,2006,8.183,24267407225.0,1054424.0,34.412,7.761,0.337,32635.766,0.027,187.481,0.012,99.988,0.008,0.003,1.02,0.0,98.968,0.012,0.0,4.65,1.418033648215585,0.23779495524816924,23014.847181968544
CYP,Cyprus,2007,8.475,25673703212.0,1072727.0,34.987,7.9,0.33,32614.639,0.027,195.956,0.058,99.942,0.013,0.003,0.911,0.0,99.031,0.058,0.0,4.87,1.3627562689766908,0.24223282933661075,23933.11924842015
CYP,Cyprus,2008,8.692,26913613219.0,1091029.0,35.855,7.966,0.323,32863.738,0.027,204.648,0.588,99.412,0.022,0.003,0.727,0.0,98.685,0.588,0.01,5.07,1.3322254320979732,0.2424208618044903,24668.100682016702
CYP,Cyprus,2009,8.438,26682210733.0,1109377.0,35.004,7.606,0.316,31552.451,0.027,213.086,0.773,99.227,0.03,0.003,0.395,0.0,98.832,0.773,0.03,5.21,1.3118852987960172,0.24105816478116787,24051.526877698023
CYP,Cyprus,2010,8.072,27285556934.0,1127826.0,34.056,7.157,0.296,30196.178,0.024,221.158,1.095,98.905,0.054,0.237,0.501,0.0,98.405,1.095,0.08,5.33,1.248132852203705,0.23702137655626024,24193.05543053627
CYP,Cyprus,2011,7.792,27627899267.0,1146493.0,33.725,6.797,0.282,29415.918,0.023,228.95,2.0,98.0,0.092,0.876,0.238,0.0,97.762,2.0,0.17,4.92,1.2206863675763668,0.23104521868050407,24097.747885944354
CYP,Cyprus,2012,7.262,26675451028.0,1165403.0,31.605,6.231,0.272,27119.346,0.021,236.212,2.771,97.229,0.18,1.51,0.009,0.0,97.22,2.771,0.26,4.72,1.1847972117444492,0.22977376997310553,22889.46487009215
CYP,Cyprus,2013,6.578,24918237857.0,1183899.0,28.278,5.556,0.264,23885.867,0.019,242.79,3.68,96.32,0.426,2.093,0.01,0.0,96.31,3.68,0.33,4.29,1.134831450052002,0.23261899710021924,21047.604446832036
CYP,Cyprus,2014,6.93,24475580582.0,1201806.0,28.294,5.766,0.283,23543.232,0.02,249.72,3.369,96.631,0.753,1.657,0.091,0.0,96.54,3.369,0.31,4.34,1.1560093500216362,0.24492825333993073,20365.666823097905
CYP,Cyprus,2015,6.952,25312505108.0,1219504.0,29.184,5.701,0.275,23931.43,0.02,256.672,3.967,96.033,1.101,1.928,0.133,0.0,95.9,3.967,0.4,4.54,1.1529479154861055,0.2382127192982456,20756.39367152547
CYP,Cyprus,2016,7.35,26976335005.0,1237114.0,31.737,5.941,0.272,25654.014,0.021,264.022,3.794,96.206,1.158,1.798,0.016,0.0,96.19,3.794,0.43,4.89,1.1764756033062913,0.23159088760752433,21805.86025620921
CYP,Cyprus,2017,7.469,28523085691.0,1254274.0,32.596,5.955,0.262,25987.689,0.021,271.492,3.751,96.249,1.322,1.625,0.107,0.0,96.143,3.751,0.43,5.0,1.1427936077156315,0.22913854460670025,22740.713505183077
CYP,Cyprus,2018,7.324,30134014224.0,1270743.0,32.462,5.764,0.243,25545.797,0.02,278.816,3.984,96.016,1.473,1.694,0.489,0.0,95.528,3.984,0.48,5.06,1.07725441949735,0.22561764524675001,23713.696808874807
CYP,Cyprus,2019,7.324,31800247242.0,1286669.0,32.493,5.693,0.23,25253.969,0.02,286.14,4.432,95.568,1.667,1.822,0.6,0.0,94.969,4.432,0.52,5.15,1.0217845085520296,0.22540239436186252,24715.173243468213
CYP,Cyprus,2020,6.903,30409793367.0,1302250.0,28.281,5.301,0.227,21717.27,0.02,293.043,6.388,93.612,2.589,2.105,0.575,0.0,93.037,6.388,0.6,4.85,0.9299964540597597,0.24408613556804923,23351.73228412363
CYP,Cyprus,2021,6.951,32428676744.0,1317311.0,29.842,5.276,0.214,22653.711,0.019,299.994,7.388,92.612,3.88,2.042,1.614,0.0,90.998,7.388,0.78,5.12,0.920234896896353,0.23292674753702836,24617.327832227926
CYP,Cyprus,2022,7.071,34255009922.0,1331376.0,31.674,5.311,0.206,23790.744,0.019,307.065,7.765,92.235,4.688,1.747,1.128,0.0,91.107,7.765,0.88,5.26,0.9246530674527008,0.2232430384542527,25729.027654096215
CZE,Czechia,1990,164.252,146168284839.0,10301989.0,546.744,15.944,1.124,53071.695,0.723,8347.895,0.591,93.004,0.0,0.0,63.385,11.182,18.437,6.996,1.16,62.27,3.740510471216257,0.30041847738612587,14188.355747516329
CZE,Czechia,1991,148.886,130499462994.0,10304420.0,497.639,14.449,1.141,48293.75,0.642,8496.781,0.609,92.606,0.0,0.0,63.801,11.856,16.949,7.394,1.09,60.3,3.8133413623539587,0.29918475039134795,12664.41614316963
CZE,Czechia,1992,145.708,131496641304.0,10312449.0,482.979,14.129,1.108,46834.602,0.647,8642.489,0.812,92.128,0.0,0.0,61.395,13.994,16.739,7.872,1.4,59.05,3.6729379184934987,0.30168599462916607,12751.252520521555
CZE,Czechia,1993,140.126,133342958573.0,10320404.0,478.929,13.578,1.051,46406.059,0.616,8782.614,0.91,91.751,0.0,0.0,60.236,14.423,17.092,8.249,1.53,58.67,3.591708217106982,0.29258199023237264,12920.323523478344
CZE,Czechia,1994,132.67,139002246482.0,10322332.0,466.515,12.853,0.954,45194.73,0.577,8915.285,1.104,91.151,0.0,0.0,58.538,14.465,18.148,8.849,1.78,58.4,3.3561687800521343,0.284385282359624,13466.166994241225
CZE,Czechia,1995,131.624,149541611781.0,10312041.0,486.214,12.764,0.88,47150.117,0.56,9046.909,1.445,91.552,0.0,0.0,56.22,15.707,19.624,8.448,2.41,60.58,3.2513625753348734,0.27071207328460306,14501.650234032235
CZE,Czechia,1996,135.019,157900113788.0,10296140.0,502.922,13.114,0.855,48845.676,0.557,9181.929,1.323,91.564,0.0,0.0,54.23,17.475,19.858,8.436,2.26,63.83,3.1850642025200413,0.2684690667737741,15335.855358221625
CZE,Czechia,1997,130.942,158827904845.0,10280049.0,482.32,12.737,0.824,46918.055,0.537,9312.87,1.379,91.409,0.0,0.0,53.13,18.533,19.746,8.591,2.19,64.21,3.0367459702417885,0.2714836622988887,15450.11165267792
CZE,Czechia,1998,125.717,160364287569.0,10265430.0,468.271,12.247,0.784,45616.305,0.517,9438.587,1.31,90.855,0.0,0.0,50.729,19.131,20.995,9.145,1.99,64.62,2.9200453985025616,0.2684706078317897,15621.779854229195
CZE,Czechia,1999,116.669,164728010192.0,10251385.0,448.987,11.381,0.708,43797.691,0.47,9555.256,1.629,90.086,0.0,0.0,48.219,20.065,21.802,9.914,2.36,64.17,2.725626318661166,0.25984939430317583,16068.854129661504
CZE,Czechia,2000,127.233,174309526192.0,10236809.0,474.504,12.429,0.73,46352.703,0.499,9682.489,1.525,90.5,0.0,0.0,52.122,18.428,19.949,9.5,2.28,72.9,2.722192013059224,0.2681389408729958,17027.720864187268
CZE,Czechia,2001,127.165,181753179328.0,10231942.0,485.272,12.428,0.7,47427.164,0.495,9809.654,1.618,89.964,0.0,0.0,50.023,19.299,20.643,10.036,2.57,74.22,2.669950543887082,0.26204891277469133,17763.3121188529
CZE,Czechia,2002,123.988,187044887124.0,10239474.0,486.757,12.109,0.663,47537.262,0.472,9933.643,1.884,87.534,0.0,0.001,48.983,18.608,19.943,12.466,2.99,76.0,2.602353945538795,0.2547225823152004,18267.04058470191
CZE,Czechia,2003,127.592,196328003846.0,10248907.0,514.55,12.449,0.65,50205.371,0.461,10061.234,1.173,85.079,0.0,0.002,47.101,17.787,20.191,14.921,1.87,82.79,2.6208691063940823,0.24796812749003988,19155.994277828846
CZE,Czechia,2004,128.314,208725903761.0,10261453.0,527.825,12.504,0.615,51437.602,0.448,10189.548,1.538,84.899,0.0,0.005,45.989,17.22,21.69,15.101,2.74,83.79,2.528794895550588,0.24309951214891296,20340.774718843422
CZE,Czechia,2005,125.713,225302570264.0,10280155.0,519.632,12.229,0.558,50547.094,0.425,10315.262,1.695,85.465,0.0,0.011,45.142,17.306,23.017,14.535,3.13,81.93,2.306374043541169,0.24192697909289654,21916.261988656785
CZE,Czechia,2006,126.533,243991794814.0,10304592.0,529.455,12.279,0.519,51380.527,0.414,10441.794,1.902,84.895,0.0,0.025,45.875,16.743,22.278,15.105,3.52,83.66,2.169970512342903,0.23898726048483815,23677.967532727158
CZE,Czechia,2007,128.364,260673045889.0,10337539.0,523.705,12.417,0.492,50660.535,0.408,10570.158,1.887,84.775,0.001,0.064,46.281,16.132,22.362,15.225,3.42,87.77,2.0090492985722985,0.24510745553317229,25216.16081825665
CZE,Czechia,2008,122.928,271709547503.0,10378298.0,513.619,11.845,0.452,49489.691,0.384,10693.085,2.311,83.995,0.007,0.126,44.772,16.308,22.915,16.005,3.72,83.28,1.8903237104479336,0.23933694041692383,26180.549787932472
CZE,Czechia,2009,114.972,261919697582.0,10420985.0,492.811,11.033,0.439,47290.25,0.365,10808.058,3.141,82.306,0.048,0.154,43.116,16.126,23.064,17.694,4.66,81.64,1.8815347014735848,0.23329836387580635,25133.871470115348
CZE,Czechia,2010,117.464,271231988282.0,10464035.0,513.649,11.226,0.433,49087.086,0.353,10925.521,3.759,81.984,0.314,0.171,42.719,18.358,20.906,18.016,5.91,85.22,1.8937626172100281,0.2286853473870289,25920.401478206066
CZE,Czechia,2011,115.178,279082754736.0,10495508.0,501.976,10.974,0.413,47827.676,0.334,11040.699,4.745,80.584,1.132,0.206,43.047,15.856,21.681,19.416,7.24,86.64,1.798663627477976,0.2294492166956189,26590.685723454262
CZE,Czechia,2012,111.276,276891945353.0,10507339.0,499.438,10.59,0.402,47532.332,0.318,11151.976,5.199,79.069,1.115,0.216,41.495,16.05,21.525,20.931,8.07,86.58,1.803728885516275,0.22280242993124272,26352.24249955198
CZE,Czechia,2013,106.71,276764861619.0,10511164.0,490.221,10.152,0.386,46638.129,0.303,11258.686,6.019,77.845,1.067,0.252,40.326,16.579,20.94,22.155,9.3,85.91,1.7712544762089342,0.21767733328437583,26330.56259221148
CZE,Czechia,2014,104.233,283025537919.0,10517223.0,479.937,9.911,0.368,45633.422,0.294,11362.917,6.231,77.599,1.134,0.254,39.906,15.066,22.627,22.401,9.17,84.98,1.6957374360237227,0.21718058828554582,26910.671944390644
CZE,Czechia,2015,104.99,298276052489.0,10524418.0,470.716,9.976,0.352,44726.094,0.297,11467.907,6.44,79.048,1.226,0.31,40.548,16.102,22.398,20.952,9.41,82.49,1.5781219983034318,0.22304319377289067,28341.33464567827
CZE,Czechia,2016,106.636,305844147713.0,10531946.0,464.374,10.125,0.349,44091.977,0.301,11574.544,6.502,80.388,1.161,0.27,41.405,17.665,21.317,19.612,9.39,82.0,1.5183354119162753,0.22963387269743785,29039.661588940922
CZE,Czechia,2017,107.736,321652381589.0,10541343.0,490.582,10.22,0.335,46538.844,0.299,11682.279,6.312,79.169,1.126,0.303,38.379,17.162,23.628,20.831,9.63,85.76,1.5251931217685009,0.21960854658344578,30513.41575632251
CZE,Czechia,2018,106.322,332009886797.0,10548934.0,489.024,10.079,0.32,46357.695,0.289,11788.602,6.179,78.52,1.197,0.312,38.239,16.411,23.87,21.48,9.43,86.84,1.4729199925874579,0.21741673210312787,31473.31159688742
CZE,Czechia,2019,100.997,342069373423.0,10554872.0,477.905,9.569,0.295,45278.137,0.272,11889.6,6.744,77.499,1.192,0.365,35.225,17.522,24.752,22.501,10.06,85.72,1.3970996444894435,0.21133279626704052,32408.67093632211
CZE,Czechia,2020,91.661,323245433506.0,10550129.0,442.568,8.688,0.284,41949.023,0.261,11981.261,7.539,75.598,1.256,0.392,33.062,19.238,23.298,24.402,10.34,80.1,1.3691392178376594,0.2071116754939354,30639.002945461616
CZE,Czechia,2021,96.629,334729441747.0,10530683.0,466.406,9.176,0.289,44290.191,0.262,12077.89,7.275,76.404,1.143,0.319,32.491,19.555,24.357,23.596,10.64,83.66,1.393382062736285,0.2071778664939988,31786.109385972402
CZE,Czechia,2022,95.04,342966849621.0,10673216.0,448.738,8.905,0.277,42043.363,0.253,12172.93,7.496,75.422,1.371,0.353,34.572,16.532,24.318,24.578,10.77,83.73,1.3084005072090314,0.21179396440684764,32133.41223685532
COD,Democratic Republic of Congo,1990,4.249,31745582566.0,36684065.0,19.778,0.116,0.134,539.134,0.019,130.569,,,,,,,,,,,0.6230158151573044,0.21483466477904742,865.3779935784107
COD,Democratic Republic of Congo,1991,3.133,29817690890.0,37925828.0,18.227,0.083,0.105,480.604,0.013,133.702,,,,,,,,,,,0.6112814056340229,0.17188785867120207,786.2106765342078
COD,Democratic Republic of Congo,1992,2.808,27407295375.0,39228908.0,19.756,0.072,0.102,503.619,0.012,136.51,,,,,,,,,,,0.7208299735413057,0.1421340352298036,698.650479258816
COD,Democratic Republic of Congo,1993,2.662,24338479562.0,40656338.0,19.649,0.065,0.109,483.297,0.012,139.172,,,,,,,,,,,0.8073224109972035,0.13547763244948852,598.6392468992166
COD,Democratic Republic of Congo,1994,2.751,23485765006.0,42626873.0,16.282,0.065,0.117,381.959,0.012,141.923,,,,,,,,,,,0.6932710088787984,0.16895958727429064,550.9614792996897
COD,Democratic Republic of Congo,1995,3.096,24780657990.0,44433718.0,17.082,0.07,0.125,384.43,0.013,145.019,,,,,,,,,,,0.6893279430632261,0.18124341412012646,557.6994027373537
COD,Democratic Republic of Congo,1996,3.473,24914388506.0,45296125.0,17.846,0.077,0.139,393.99,0.014,148.492,,,,,,,,,,,0.7162929162681333,0.19460943628824387,550.033551567601
COD,Democratic Republic of Congo,1997,3.089,23716345473.0,46029907.0,17.158,0.067,0.13,372.767,0.013,151.581,,,,,,,,,,,0.7234672820706554,0.1800326378365777,515.2377447340921
COD,Democratic Republic of Congo,1998,2.733,23460462170.0,47297595.0,16.254,0.058,0.117,343.645,0.011,154.315,,,,,,,,,,,0.6928252257871015,0.16814322628276115,496.01807808621135
COD,Democratic Republic of Congo,1999,2.199,23134197386.0,48912972.0,17.247,0.045,0.095,352.612,0.009,156.514,,,,,,,,,,,0.7455197045408316,0.12750043485823623,472.9665043866073
COD,Democratic Republic of Congo,2000,1.705,21854113779.0,50507445.0,9.467,0.034,0.078,187.429,0.007,158.219,,,,,,,,,5.94,5.94,0.43319075281364217,0.1800992922784409,432.6909385141141
COD,Democratic Republic of Congo,2001,1.647,21977293171.0,52132646.0,8.981,0.032,0.075,172.268,0.006,159.866,,,,,,,,,5.91,5.92,0.40864905109655736,0.18338715065137512,421.5648898964384
COD,Democratic Republic of Congo,2002,1.734,23244764997.0,53750529.0,9.574,0.032,0.075,178.125,0.007,161.6,,,,,,,,,6.05,6.06,0.4118776852007595,0.18111552120325883,432.4564879538209
COD,Democratic Republic of Congo,2003,2.096,25228484809.0,55343873.0,10.44,0.038,0.083,188.633,0.008,163.697,,,,,,,,,6.1,6.11,0.41381795534052995,0.20076628352490422,455.849644078939
COD,Democratic Republic of Congo,2004,2.028,27653538438.0,56997740.0,11.869,0.036,0.073,208.237,0.007,165.724,,,,,,,,,7.01,7.02,0.42920366327118054,0.17086527929901424,485.16903368449346
COD,Democratic Republic of Congo,2005,2.287,30164653557.0,58775726.0,13.464,0.039,0.076,229.068,0.008,168.012,,,,,,,,,7.32,7.33,0.4463502282417412,0.16986036838978016,513.2161797031653
COD,Democratic Republic of Congo,2006,2.352,32708306949.0,60615909.0,14.916,0.039,0.072,246.067,0.008,170.364,,,,,,,,,7.45,7.5,0.4560309411079448,0.1576830249396621,539.5993805685566
COD,Democratic Republic of Congo,2007,2.623,35814302298.0,62477753.0,15.312,0.042,0.073,245.084,0.008,172.987,,,,,,,,,7.74,7.83,0.42753869313419735,0.17130355276907,573.2328801581581
COD,Democratic Republic of Congo,2008,2.685,39245769597.0,64390658.0,14.402,0.042,0.068,223.665,0.008,175.672,,,,,,,,,7.41,7.51,0.36696948863249984,0.18643243993889738,609.4947748010278
COD,Democratic Republic of Congo,2009,2.446,41718890407.0,66412038.0,13.409,0.037,0.059,201.906,0.008,178.118,,,,,,,,,7.72,7.81,0.3214131504741581,0.18241479603251548,628.1826557859887
COD,Democratic Republic of Congo,2010,2.735,46223524668.0,68563038.0,16.328,0.04,0.059,238.144,0.008,180.853,,,,,,,,,7.74,7.83,0.3532400464325405,0.16750367466927976,674.1755618821908
COD,Democratic Republic of Congo,2011,3.041,51169100367.0,70849311.0,18.957,0.043,0.059,267.573,0.009,183.894,,,,,,,,,7.73,7.82,0.3704774925498936,0.16041567758611594,722.2243892675258
COD,Democratic Republic of Congo,2012,2.797,55604951736.0,73254623.0,19.279,0.038,0.05,263.181,0.008,186.691,,,,,,,,,7.51,7.52,0.3467137259921099,0.14508013901135952,759.0640625643517
COD,Democratic Republic of Congo,2013,3.921,60956372609.0,75789397.0,24.895,0.052,0.064,328.477,0.011,190.612,,,,,,,,,8.15,8.16,0.40840684795480003,0.1575015063265716,804.2862857056377
COD,Democratic Republic of Congo,2014,5.066,65407411596.0,78403248.0,31.753,0.065,0.077,404.999,0.014,195.678,,,,,,,,,8.73,8.74,0.485464861323787,0.15954398009636886,834.2436476101092
COD,Democratic Republic of Congo,2015,3.274,69567321729.0,81035532.0,22.704,0.04,0.047,280.168,0.009,198.953,,,,,,,,,8.83,8.84,0.3263601276536647,0.14420366455250175,858.479237589259
COD,Democratic Republic of Congo,2016,2.659,69841412960.0,83956416.0,19.421,0.032,0.038,231.32,0.008,201.612,,,,,,,,,9.01,9.02,0.27807283926404686,0.13691365017249368,831.8770177135717
COD,Democratic Republic of Congo,2017,2.92,72396212035.0,87083400.0,20.75,0.034,0.04,238.279,0.008,204.532,,,,,,,,,9.41,9.42,0.28661720574507954,0.14072289156626505,831.343425210775
COD,Democratic Republic of Congo,2018,3.774,75889338637.0,90047647.0,25.157,0.042,0.05,279.372,0.01,208.307,,,,,,,,,10.45,10.46,0.33149583922891973,0.1500178876654609,842.7687026291759
COD,Democratic Republic of Congo,2019,4.118,79292965259.0,92947450.0,23.577,0.044,0.052,253.658,0.011,212.425,,,,,,,,,11.78,11.79,0.29734037468505364,0.1746617466174662,853.0945739662573
COD,Democratic Republic of Congo,2020,4.305,80617953765.0,95990000.0,27.374,0.045,0.053,285.175,0.012,216.73,,,,,,,,,12.48,12.49,0.3395521558360903,0.15726601885000366,839.8578369100948
COD,Democratic Republic of Congo,2021,4.292,85639643645.0,99148930.0,30.742,0.043,0.05,310.064,0.012,221.022,,,,,,,,,14.19,14.19,0.358969265769415,0.13961355799882896,863.7475325754903
COD,Democratic Republic of Congo,2022,5.892,91314988450.0,102396974.0,32.119,0.058,0.065,313.667,0.016,226.914,,,,,,,,,15.31,15.31,0.35173853214236483,0.18344282200566642,891.7742867089022
DNK,Denmark,1990,53.477,151205742035.0,5141024.0,201.961,10.402,0.354,39284.199,0.235,2553.675,1.204,98.796,0.0,0.84,35.095,10.428,53.273,1.204,0.83,25.94,1.3356701754967186,0.2647887463421156,29411.600108266368
DNK,Denmark,1991,64.105,154212932867.0,5154346.0,232.854,12.437,0.416,45176.191,0.276,2617.779,1.391,98.609,0.0,0.883,41.288,10.441,46.88,1.391,1.06,36.45,1.5099511802996672,0.275301261734821,29919.01064984772
DNK,Denmark,1992,58.327,158125301722.0,5171372.0,218.137,11.279,0.369,42181.609,0.259,2676.106,1.949,98.051,0.0,1.167,36.72,11.722,49.609,1.949,1.36,30.6,1.379519897350182,0.2673870090814488,30577.05029187612
DNK,Denmark,1993,60.574,159069870418.0,5188638.0,231.304,11.674,0.381,44578.895,0.266,2736.679,2.261,97.739,0.0,1.243,36.329,12.424,48.986,2.261,1.61,33.78,1.4541031522323171,0.26188046899318645,30657.34599677218
DNK,Denmark,1994,64.673,168493895001.0,5206188.0,248.056,12.422,0.384,47646.367,0.281,2801.353,2.034,97.966,0.0,1.275,36.428,12.945,48.593,2.034,1.74,40.38,1.4721957730191222,0.2607193536943271,32364.158766644618
DNK,Denmark,1995,61.653,174484978091.0,5233364.0,243.62,11.781,0.353,46551.258,0.262,2863.006,2.209,97.791,0.0,1.344,31.008,15.263,51.52,2.209,1.86,36.58,1.3962233463613336,0.25307035547163614,33340.88324278609
DNK,Denmark,1996,74.9,180654110941.0,5263071.0,289.889,14.231,0.415,55079.805,0.309,2937.906,2.093,97.907,0.0,1.177,35.815,15.108,46.983,2.093,2.08,53.38,1.604663179210326,0.2583747572346657,34324.84778202688
DNK,Denmark,1997,65.438,187647333700.0,5285041.0,262.998,12.382,0.349,49762.707,0.268,3003.344,3.228,96.772,0.0,2.046,29.365,17.411,49.996,3.228,2.93,44.14,1.4015546867320077,0.2488155803466186,35505.369532611
DNK,Denmark,1998,61.238,192859238471.0,5304263.0,253.691,11.545,0.318,47827.82,0.252,3064.582,4.456,95.544,0.0,3.095,25.891,19.477,50.176,4.456,3.93,40.92,1.3154205212634769,0.24138814542100429,36359.290342692286
DNK,Denmark,1999,58.653,199699305568.0,5321814.0,246.049,11.021,0.294,46234.027,0.236,3123.235,5.143,94.857,0.001,3.428,22.433,21.064,51.36,5.143,4.38,38.72,1.2320974241756557,0.23837934720319937,37524.66838713266
DNK,Denmark,2000,54.307,208333676429.0,5339659.0,236.519,10.17,0.261,44294.852,0.213,3177.541,6.759,93.241,0.001,4.999,19.597,21.649,51.995,6.759,5.57,35.85,1.1352893303383216,0.229609460550738,39016.28857367109
DNK,Denmark,2001,55.897,211243390442.0,5358825.0,237.217,10.431,0.265,44266.516,0.218,3233.438,7.065,92.935,0.001,5.033,20.654,22.557,49.724,7.065,5.85,37.54,1.1229558449315433,0.23563656904859265,39419.72175654178
DNK,Denmark,2002,55.554,213517288371.0,5375967.0,236.755,10.334,0.26,44039.605,0.212,3288.992,8.197,91.803,0.001,5.668,20.731,22.828,48.243,8.197,6.79,39.1,1.1088329277984412,0.2346476315178138,39717.00130804374
DNK,Denmark,2003,60.645,215549132167.0,5390621.0,255.233,11.25,0.281,47347.523,0.219,3349.638,9.054,90.946,0.002,5.963,26.244,21.414,43.288,9.054,8.07,45.97,1.1841059039952633,0.23760642236701368,39985.95563794969
DNK,Denmark,2004,55.1,222528951750.0,5404594.0,241.652,10.195,0.248,44712.285,0.193,3404.738,11.24,88.76,0.002,7.424,21.269,22.532,44.958,11.24,9.53,40.24,1.0859351023748307,0.22801383808120768,41174.0367084003
DNK,Denmark,2005,51.535,229074701412.0,5419550.0,233.617,9.509,0.225,43106.32,0.174,3456.273,11.955,88.045,0.003,7.656,18.538,22.393,47.114,11.955,9.8,36.08,1.0198288966874194,0.22059610387942657,42268.2144111596
DNK,Denmark,2006,59.5,239411013967.0,5437425.0,255.481,10.943,0.249,46985.727,0.194,3515.773,10.242,89.758,0.002,6.424,25.464,20.841,43.452,10.242,9.19,45.44,1.0671230022659486,0.2328940312586846,44030.21907741256
DNK,Denmark,2007,54.709,242913735233.0,5461604.0,243.401,10.017,0.225,44565.855,0.174,3570.482,11.953,88.047,0.003,7.882,22.413,19.625,46.008,11.953,10.3,39.14,1.0020059169010456,0.22476900259242977,44476.62906959201
DNK,Denmark,2008,51.256,243090598807.0,5493762.0,234.872,9.33,0.211,42752.508,0.16,3621.739,12.095,87.905,0.003,7.829,20.414,20.438,47.053,12.095,10.1,36.48,0.9661912108187899,0.21822950372969108,44248.47650972139
DNK,Denmark,2009,48.851,232507363099.0,5523169.0,220.807,8.845,0.21,39978.305,0.155,3670.59,12.844,87.156,0.004,8.038,21.326,20.883,44.947,12.844,10.07,36.25,0.9496774513157329,0.22123845711413134,42096.7316225522
DNK,Denmark,2010,49.19,238190225279.0,5547865.0,235.977,8.866,0.207,42534.68,0.148,3719.78,14.973,85.027,0.007,8.679,19.406,22.123,43.499,14.973,12.43,38.75,0.9907081607718891,0.20845251867766773,42933.673634632425
DNK,Denmark,2011,44.237,242757622888.0,5570848.0,220.975,7.941,0.182,39666.25,0.128,3764.017,18.525,81.475,0.018,11.561,17.274,19.848,44.354,18.525,14.17,35.11,0.9102700766762337,0.2001900667496323,43576.42191781216
DNK,Denmark,2012,39.861,243307499552.0,5591911.0,205.243,7.128,0.164,36703.641,0.114,3803.878,21.232,78.768,0.132,13.024,14.594,19.978,44.196,21.232,14.84,30.57,0.8435539404988016,0.19421368816476078,43510.617309896385
DNK,Denmark,2013,41.763,245578374484.0,5615333.0,211.702,7.437,0.17,37700.766,0.118,3845.641,21.856,78.144,0.632,13.582,17.985,18.284,41.874,21.856,15.96,34.61,0.8620547328111453,0.19727258126989825,43733.537171170436
DNK,Denmark,2014,37.571,249555233739.0,5643795.0,203.564,6.657,0.151,36068.551,0.106,3883.212,25.305,74.695,0.754,16.555,14.853,16.364,43.478,25.305,17.99,32.04,0.8157071961588254,0.18456603328682872,44217.6290490707
DNK,Denmark,2015,35.111,255401297489.0,5683698.0,198.975,6.177,0.137,35007.945,0.099,3918.323,27.025,72.975,0.779,18.226,10.819,16.857,45.299,27.025,18.93,28.78,0.7790680860130311,0.1764593541902249,44935.76145125937
DNK,Denmark,2016,36.917,263691544304.0,5728196.0,201.601,6.445,0.14,35194.582,0.104,3955.24,26.005,73.995,0.939,16.134,12.347,16.907,44.741,26.005,18.39,30.4,0.7645334268571837,0.18311913135351512,46033.959784895625
DNK,Denmark,2017,34.665,271132202845.0,5765164.0,202.984,6.013,0.128,35208.766,0.096,3989.904,30.501,69.499,0.939,18.47,9.182,16.076,44.241,30.501,21.8,30.9,0.7486532321505213,0.17077700705474322,47029.39983060326
DNK,Denmark,2018,34.609,276526484620.0,5793824.0,200.117,5.973,0.125,34539.766,0.094,4024.513,29.38,70.62,1.201,17.521,9.512,15.812,45.296,29.38,20.75,30.21,0.7236811341054685,0.17294382786070148,47727.80198708142
DNK,Denmark,2019,30.95,280656364923.0,5814618.0,216.802,5.323,0.11,37285.684,0.083,4055.463,30.183,69.817,1.116,18.71,4.95,13.565,51.302,30.183,23.07,29.37,0.7724820353156113,0.14275698563666386,48267.37799852028
DNK,Denmark,2020,28.3,275058379473.0,5831529.0,192.166,4.853,0.103,32952.969,0.08,4083.763,34.672,65.328,1.542,21.333,4.926,12.25,48.152,34.672,23.45,28.58,0.6986371415703887,0.14726850743627906,47167.454620049044
DNK,Denmark,2021,29.604,288414406840.0,5856774.0,191.85,5.055,0.103,32756.869,0.08,4113.367,38.81,61.19,1.709,20.967,6.575,12.62,41.996,38.81,26.1,32.92,0.6651886849273455,0.15430805316653637,49244.58530242075
DNK,Denmark,2022,29.094,299429011832.0,5902901.0,194.229,4.929,0.097,32903.926,0.078,4142.461,40.792,59.208,2.84,24.528,6.392,8.952,43.865,40.792,28.43,35.16,0.648664599370804,0.14979225553341674,50725.73838388955
DJI,Djibouti,1990,0.297,1151692000.0,579544.0,6.882,0.512,0.258,11874.829,0.001,7.031,,,,,,,,,,,5.975555964615539,0.043156059285091544,1987.238242480295
DJI,Djibouti,1991,0.3,1111365143.0,631096.0,6.882,0.476,0.27,10904.816,0.001,7.332,,,,,,,,,,,6.192384243240568,0.043591979075850044,1761.0080605803237
DJI,Djibouti,1992,0.304,1171473816.0,626016.0,6.968,0.486,0.26,11131.149,0.001,7.636,,,,,,,,,,,5.948062948425302,0.04362801377726751,1871.3160941573378
DJI,Djibouti,1993,0.304,1223279012.0,614247.0,7.011,0.495,0.249,11414.435,0.001,7.94,,,,,,,,,,,5.731317165768557,0.04336043360433604,1991.5099495805434
DJI,Djibouti,1994,0.3,1189922913.0,626717.0,7.201,0.479,0.252,11490.828,0.001,8.24,,,,,,,,,,,6.051652524149688,0.04166088043327316,1898.6606602342047
DJI,Djibouti,1995,0.311,1251123077.0,633075.0,7.134,0.492,0.249,11269.194,0.001,8.552,,,,,,,,,,,5.702076902862531,0.04359405663022147,1976.263597520041
DJI,Djibouti,1996,0.304,1182573365.0,648354.0,7.154,0.469,0.257,11033.772,0.001,8.856,,,,,,,,,,,6.049518965785264,0.0424937098126922,1823.9624726615398
DJI,Djibouti,1997,0.333,1231663949.0,671826.0,7.201,0.496,0.271,10719.29,0.001,9.189,,,,,,,,,,,5.8465622914810185,0.0462435772809332,1833.3079532497998
DJI,Djibouti,1998,0.388,1226205283.0,699355.0,7.201,0.555,0.317,10297.342,0.002,9.578,,,,,,,,,,,5.8725892799794766,0.05388140536036662,1753.3374080402657
DJI,Djibouti,1999,0.388,1247108046.0,724228.0,7.201,0.536,0.311,9943.688,0.002,9.966,,,,,,,,,,,5.77415888149919,0.05388140536036662,1721.9826435873786
DJI,Djibouti,2000,0.366,1258388183.0,747326.0,3.534,0.49,0.291,4728.524,0.001,10.332,,,,,,,,,0.0,0.18,2.8083544074412212,0.1035653650254669,1683.8544129335792
DJI,Djibouti,2001,0.366,1279069473.0,771311.0,3.521,0.475,0.286,4564.458,0.001,10.699,,,,,,,,,0.0,0.19,2.7527824518723385,0.10394774211871627,1658.3057586369182
DJI,Djibouti,2002,0.399,1306309835.0,795576.0,3.531,0.502,0.306,4438.19,0.002,11.098,,,,,,,,,0.0,0.2,2.7030340776696367,0.11299915038232795,1641.9673733244845
DJI,Djibouti,2003,0.421,1344454879.0,813528.0,3.663,0.518,0.313,4502.232,0.002,11.52,,,,,,,,,0.0,0.2,2.7245243088593085,0.11493311493311494,1652.6227480799678
DJI,Djibouti,2004,0.407,1377810002.0,826133.0,3.562,0.492,0.295,4312.189,0.001,11.926,,,,,,,,,0.0,0.22,2.5852621151170885,0.11426165075800113,1667.7823086597436
DJI,Djibouti,2005,0.414,1416452247.0,839174.0,3.369,0.493,0.292,4014.401,0.001,12.34,,,,,,,,,0.0,0.3,2.3784776416821907,0.12288512911843277,1687.9124555813216
DJI,Djibouti,2006,0.414,1590366862.0,855767.0,3.148,0.484,0.26,3678.689,0.001,12.754,,,,,,,,,0.0,0.31,1.9794175012180302,0.1315120711562897,1858.4110651614283
DJI,Djibouti,2007,0.454,1662836538.0,874530.0,3.277,0.52,0.273,3746.957,0.001,13.209,,,,,,,,,0.0,0.32,1.9707288871228785,0.13854134879462923,1901.4059414771364
DJI,Djibouti,2008,0.495,1746582380.0,892739.0,3.664,0.554,0.283,4104.582,0.002,13.703,,,,,,,,,0.0,0.34,2.097811155062723,0.13509825327510916,1956.43114056852
DJI,Djibouti,2009,0.443,1828090863.0,911524.0,3.182,0.486,0.243,3490.794,0.001,14.147,,,,,,,,,0.0,0.35,1.7406136994624868,0.139220615964802,2005.5323425384302
DJI,Djibouti,2010,0.517,1885010108.0,930252.0,3.624,0.555,0.274,3895.346,0.002,14.663,,,,,,,,,0.0,0.38,1.922536109816977,0.14266004415011038,2026.3435155205257
DJI,Djibouti,2011,0.315,1960630000.0,948565.0,2.737,0.332,0.161,2885.701,0.001,14.978,,,,,,,,,0.0,0.39,1.3959798636152665,0.11508951406649616,2066.9432247658306
DJI,Djibouti,2012,0.293,2054196000.0,966754.0,3.611,0.303,0.143,3735.174,0.001,15.272,,,,,,,,,0.0,0.39,1.757865364356663,0.08114095818332871,2124.8383766707975
DJI,Djibouti,2013,0.381,2157408000.0,984833.0,3.727,0.387,0.177,3784.87,0.001,15.652,,,,,,,,,0.0,0.43,1.7275360061703675,0.10222699221894285,2190.6333358041416
DJI,Djibouti,2014,0.418,2286630000.0,1002720.0,4.137,0.416,0.183,4126.212,0.001,16.07,,,,,,,,,0.0,0.1,1.8092126841684049,0.10103940053178632,2280.427237912877
DJI,Djibouti,2015,0.505,2435148000.0,1020316.0,3.649,0.495,0.207,3576.172,0.001,16.575,,,,,,,,,0.0,0.18,1.4984715508051256,0.13839408057001917,2386.6606031856795
DJI,Djibouti,2016,0.428,2612607480.0,1037660.0,3.488,0.412,0.164,3361.599,0.001,17.003,,,,,,,,,0.0,0.09,1.3350646917691593,0.12270642201834862,2517.787599020874
DJI,Djibouti,2017,0.414,2767106002.0,1054844.0,3.157,0.392,0.15,2993.303,0.001,17.416,,,,,,,,,0.0,0.06,1.1409031666001208,0.13113715552739943,2623.2371819908917
DJI,Djibouti,2018,0.472,2924431711.0,1071886.0,3.107,0.44,0.161,2898.561,0.001,17.888,,,,,,,,,0.0,0.05,1.0624286381225059,0.15191503057611844,2728.3047926738477
DJI,Djibouti,2019,0.54,3086593147.0,1088710.0,3.523,0.496,0.175,3235.807,0.001,18.428,,,,,,,,,0.0,0.09,1.141387877253652,0.1532784558614817,2835.0921246245557
DJI,Djibouti,2020,0.463,3123694253.0,1105193.0,3.136,0.419,0.148,2837.718,0.001,18.891,,,,,,,,,0.0,0.13,1.0039394851106767,0.14764030612244897,2826.3789700079533
DJI,Djibouti,2021,0.558,3274020536.0,1121251.0,3.585,0.497,0.17,3197.363,0.002,19.449,,,,,,,,,0.07,0.2,1.094983968665003,0.15564853556485356,2919.971117974477
DJI,Djibouti,2022,0.55,3395681646.0,1137101.0,3.406,0.484,0.162,2995.47,0.001,19.999,,,,,,,,,0.07,0.2,1.0030386694265507,0.16147974163241338,2986.2621227138134
DMA,Dominica,1990,0.059,275730000.0,69644.0,0.23,0.842,0.213,3300.232,0.0,0.989,,,,,,,,,,,0.8341493490008342,0.2565217391304348,3959.1350295790016
DMA,Dominica,1991,0.059,285879709.0,69321.0,0.23,0.846,0.205,3315.609,0.0,1.048,,,,,,,,,,,0.804534189588111,0.2565217391304348,4123.998629563913
DMA,Dominica,1992,0.059,299018295.0,69344.0,0.23,0.845,0.196,3321.458,0.0,1.107,,,,,,,,,,,0.7691837049636043,0.2565217391304348,4312.100470119982
DMA,Dominica,1993,0.062,303787182.0,69453.0,0.23,0.897,0.205,3309.308,0.0,1.169,,,,,,,,,,,0.7571089684751742,0.26956521739130435,4373.996544425727
DMA,Dominica,1994,0.07,316614931.0,69493.0,0.3,1.002,0.22,4315.246,0.0,1.238,,,,,,,,,,,0.9475232234073004,0.23333333333333334,4556.069402673651
DMA,Dominica,1995,0.081,327078105.0,69490.0,0.377,1.16,0.246,5423.222,0.0,1.319,,,,,,,,,,,1.1526298894265636,0.21485411140583555,4706.837026910347
DMA,Dominica,1996,0.073,347533767.0,69422.0,0.378,1.056,0.211,5442.657,0.0,1.392,,,,,,,,,,,1.0876640945223606,0.1931216931216931,5006.104217683155
DMA,Dominica,1997,0.081,361956567.0,69315.0,0.378,1.163,0.223,5453.887,0.0,1.473,,,,,,,,,,,1.0443241937367584,0.21428571428571427,5221.9082016879465
DMA,Dominica,1998,0.077,382388808.0,69144.0,0.385,1.113,0.201,5568.613,0.0,1.55,,,,,,,,,,,1.0068286308212242,0.2,5530.3252342936485
DMA,Dominica,1999,0.081,390881674.0,68883.0,0.39,1.17,0.206,5662.406,0.0,1.63,,,,,,,,,,,0.9977443966840973,0.2076923076923077,5674.573900672154
DMA,Dominica,2000,0.103,404483810.0,68527.0,0.466,1.497,0.254,6794.599,0.0,1.733,,,,,,,,,0.03,0.08,1.1520856669145794,0.22103004291845493,5902.5465874764695
DMA,Dominica,2001,0.11,411786964.0,68299.0,0.512,1.609,0.267,7494.75,0.0,1.843,,,,,,,,,0.03,0.08,1.2433613609973335,0.21484375,6029.179987993968
DMA,Dominica,2002,0.103,415539000.0,68385.0,0.475,1.5,0.247,6939.536,0.0,1.946,,,,,,,,,0.03,0.07,1.143093668704983,0.2168421052631579,6076.464136872121
DMA,Dominica,2003,0.117,455180800.0,68552.0,0.539,1.71,0.258,7858.104,0.0,2.063,,,,,,,,,0.03,0.08,1.1841448496948905,0.21706864564007422,6639.934648150309
DMA,Dominica,2004,0.143,475394414.0,68664.0,0.64,2.081,0.301,9320.358,0.0,2.206,,,,,,,,,0.03,0.11,1.3462505682702448,0.2234375,6923.488494698823
DMA,Dominica,2005,0.15,482222496.0,68750.0,0.624,2.185,0.312,9073.677,0.001,2.356,,,,,,,,,0.03,0.12,1.2940084819269817,0.2403846153846154,7014.145396363637
DMA,Dominica,2006,0.143,513632250.0,68823.0,0.623,2.076,0.278,9045.517,0.0,2.499,,,,,,,,,0.03,0.12,1.2129300681567405,0.22953451043338685,7463.090100693083
DMA,Dominica,2007,0.172,554311687.0,68862.0,0.774,2.501,0.311,11245.616,0.001,2.671,,,,,,,,,0.02,0.12,1.3963263235328467,0.2222222222222222,8049.601913972873
DMA,Dominica,2008,0.169,617146562.0,68866.0,0.695,2.447,0.273,10095.776,0.001,2.84,,,,,,,,,0.02,0.13,1.126150646853964,0.24316546762589927,8961.556675282432
DMA,Dominica,2009,0.187,621365663.0,68879.0,0.7,2.713,0.301,10169.305,0.001,3.026,,,,,,,,,0.02,0.13,1.126550824550471,0.2671428571428571,9021.119107420258
DMA,Dominica,2010,0.169,640098860.0,68872.0,0.735,2.447,0.263,10666.588,0.001,3.195,,,,,,,,,0.02,0.14,1.1482601296930914,0.22993197278911565,9294.036183064236
DMA,Dominica,2011,0.15,652912000.0,69073.0,0.723,2.175,0.23,10466.034,0.0,3.345,,,,,,,,,0.04,0.15,1.107346778738942,0.2074688796680498,9452.492290764843
DMA,Dominica,2012,0.165,644079000.0,69138.0,0.71,2.385,0.256,10275.347,0.0,3.51,,,,,,,,,0.03,0.15,1.1023492459775897,0.2323943661971831,9315.846567734097
DMA,Dominica,2013,0.158,667585000.0,69733.0,0.691,2.259,0.236,9915.615,0.0,3.668,,,,,,,,,0.04,0.15,1.0350741853097358,0.22865412445730826,9573.444423730514
DMA,Dominica,2014,0.169,694011000.0,70387.0,0.727,2.395,0.243,10325.731,0.0,3.836,,,,,,,,,0.03,0.15,1.0475338287145304,0.2324621733149931,9859.931521445722
DMA,Dominica,2015,0.176,689606000.0,70429.0,0.769,2.497,0.255,10921.842,0.0,4.012,,,,,,,,,0.02,0.15,1.1151295087339728,0.22886866059817945,9791.506339718015
DMA,Dominica,2016,0.172,707976572.0,69627.0,0.786,2.473,0.243,11295.757,0.0,4.184,,,,,,,,,0.04,0.16,1.1102062286885956,0.21882951653944022,10168.132649690493
DMA,Dominica,2017,0.154,656048862.0,68514.0,0.746,2.246,0.235,10885.662,0.0,4.338,,,,,,,,,0.03,0.13,1.1371104245585903,0.2064343163538874,9575.398633855853
DMA,Dominica,2018,0.165,677586340.0,68195.0,0.725,2.418,0.243,10637.567,0.0,4.503,,,,,,,,,0.02,0.11,1.0699743445241237,0.22758620689655173,9936.01202434196
DMA,Dominica,2019,0.172,714870398.0,67901.0,0.756,2.536,0.241,11136.957,0.0,4.675,,,,,,,,,0.02,0.14,1.0575343476454875,0.2275132275132275,10528.127685895643
DMA,Dominica,2020,0.158,600082697.0,67588.0,0.689,2.331,0.263,10187.698,0.0,4.833,,,,,,,,,0.02,0.14,1.1481750822753685,0.22931785195936139,8878.539045392674
DMA,Dominica,2021,0.161,637252112.0,67222.0,0.698,2.398,0.253,10379.506,0.0,4.994,,,,,,,,,0.02,0.14,1.0953278723696094,0.23065902578796563,9479.814822528338
DMA,Dominica,2022,0.165,675098029.0,66847.0,0.72,2.466,0.244,10770.691,0.0,5.159,,,,,,,,,0.02,0.15,1.0665117791360046,0.22916666666666666,10099.152228222658
DOM,Dominican Republic,1990,8.929,27899937000.0,7151165.0,39.858,1.249,0.32,5573.618,0.039,167.408,,,,,,,,,,,1.4286053764207425,0.22402027196547744,3901.4533995509823
DOM,Dominican Republic,1991,9.529,28624479731.0,7299849.0,38.164,1.305,0.333,5228.107,0.041,176.936,,,,,,,,,,,1.3332644072013928,0.24968556755057122,3921.2427176233373
DOM,Dominican Republic,1992,10.405,30699616102.0,7447476.0,40.954,1.397,0.339,5499.075,0.046,187.342,,,,,,,,,,,1.3340231963790568,0.2540655369438883,4122.150390548422
DOM,Dominican Republic,1993,11.195,33455873012.0,7594567.0,37.151,1.474,0.335,4891.755,0.049,198.537,,,,,,,,,,,1.1104477825664458,0.3013377836397405,4405.237719543458
DOM,Dominican Republic,1994,11.781,34777859424.0,7741694.0,41.806,1.522,0.339,5400.124,0.051,210.317,,,,,,,,,,,1.2020866347843686,0.2818016552647945,4492.280297309607
DOM,Dominican Republic,1995,15.09,37276713682.0,7888120.0,45.07,1.913,0.405,5713.62,0.064,225.407,,,,,,,,,,,1.2090658094080644,0.33481251386731753,4725.677814485581
DOM,Dominican Republic,1996,16.459,40578813798.0,8032895.0,48.562,2.049,0.406,6045.41,0.068,241.866,,,,,,,,,,,1.1967328626642473,0.3389275565256785,5051.580258175913
DOM,Dominican Republic,1997,17.234,44531154793.0,8174081.0,51.886,2.108,0.387,6347.613,0.071,259.1,,,,,,,,,,,1.1651617893402606,0.33215125467370776,5447.848485107989
DOM,Dominican Republic,1998,17.756,48410050660.0,8310369.0,53.622,2.137,0.367,6452.449,0.073,276.856,,,,,,,,,,,1.1076625467014125,0.33113274402297566,5825.258861549951
DOM,Dominican Republic,1999,17.775,52484601874.0,8446207.0,60.369,2.104,0.339,7147.488,0.072,294.631,,,,,,,,,,,1.1502230719960134,0.2944391989266014,6213.984795068366
DOM,Dominican Republic,2000,18.937,56344968399.0,8584196.0,84.964,2.206,0.336,9897.71,0.074,313.568,,,,,,,,,0.91,13.01,1.5079252400735736,0.2228826326444141,6563.802643718759
DOM,Dominican Republic,2001,19.083,58288496906.0,8720287.0,82.661,2.188,0.327,9479.191,0.074,332.651,,,,,,,,,0.86,12.84,1.418135728106092,0.23085856691789355,6684.240656987551
DOM,Dominican Republic,2002,20.87,62671030582.0,8852231.0,87.071,2.358,0.333,9836.001,0.079,353.521,,,,,,,,,1.04,13.9,1.389334102078864,0.23968944884060134,7079.687660884584
DOM,Dominican Republic,2003,21.26,63562914579.0,8980626.0,79.134,2.367,0.334,8811.658,0.077,374.782,,,,,,,,,1.36,14.18,1.2449712308526582,0.2686582252887507,7077.782170084803
DOM,Dominican Republic,2004,17.254,65495459116.0,9104889.0,72.703,1.895,0.263,7985.057,0.06,392.035,,,,,,,,,1.74,12.02,1.1100464212524201,0.23732170611941736,7193.438504961456
DOM,Dominican Republic,2005,17.852,72784646192.0,9225035.0,79.635,1.935,0.245,8632.461,0.06,409.887,,,,,,,,,2.06,13.34,1.0941181164765068,0.22417278834683244,7889.904611960822
DOM,Dominican Republic,2006,19.03,81940402491.0,9341187.0,79.837,2.037,0.232,8546.778,0.062,428.917,,,,,,,,,1.91,14.11,0.9743300932500175,0.23836065984443303,8771.947557735435
DOM,Dominican Republic,2007,19.909,90412078042.0,9455663.0,82.269,2.106,0.22,8700.519,0.063,448.826,,,,,,,,,1.86,14.57,0.9099337365277986,0.2419988087858124,9561.685737108017
DOM,Dominican Republic,2008,20.235,94906712345.0,9573135.0,82.396,2.114,0.213,8607.035,0.063,469.061,,,,,,,,,1.54,14.61,0.8681788459859224,0.2455823098208651,9913.859184582689
DOM,Dominican Republic,2009,19.686,97411530204.0,9695270.0,81.255,2.031,0.202,8380.905,0.062,488.747,,,,,,,,,1.62,13.75,0.8341415008042183,0.24227432158021045,10047.3251600007
DOM,Dominican Republic,2010,20.445,107260793439.0,9820180.0,85.384,2.082,0.191,8694.755,0.061,509.193,,,,,,,,,1.59,14.78,0.7960411000367856,0.23944767169493114,10922.487514383647
DOM,Dominican Republic,2011,20.922,112433265383.0,9945623.0,83.799,2.104,0.186,8425.691,0.061,530.115,,,,,,,,,1.7,15.76,0.7453221225456863,0.24966885046360934,11304.798641874922
DOM,Dominican Republic,2012,20.903,115488083453.0,10070409.0,92.798,2.076,0.181,9214.968,0.06,551.018,,,,,,,,,2.05,16.9,0.8035287903774578,0.22525269941162526,11468.062861498476
DOM,Dominican Republic,2013,20.842,121118130894.0,10193838.0,87.873,2.045,0.172,8620.207,0.059,571.859,,,,,,,,,2.31,17.72,0.7255148287988739,0.2371832075836719,11881.504384707703
DOM,Dominican Republic,2014,21.264,129656952614.0,10315523.0,85.223,2.061,0.164,8261.616,0.06,593.124,,,,,,,,,1.75,17.28,0.6572960283411586,0.24951010877345317,12569.110903441348
DOM,Dominican Republic,2015,22.986,138638287562.0,10434826.0,95.441,2.203,0.166,9146.428,0.065,616.11,,,,,,,,,1.42,18.0,0.6884173317368633,0.2408398906130489,13286.113976601047
DOM,Dominican Republic,2016,24.14,147870212847.0,10551430.0,100.576,2.288,0.163,9531.96,0.068,640.25,,,,,,,,,2.08,18.78,0.6801640307643643,0.2400174992045816,14014.23435941858
DOM,Dominican Republic,2017,23.455,154771313809.0,10666846.0,98.018,2.199,0.152,9189.017,0.065,663.705,,,,,,,,,3.04,19.2,0.6333085737125804,0.23929278295823217,14509.566727503145
DOM,Dominican Republic,2018,25.203,165578989651.0,10782048.0,108.651,2.338,0.152,10077.037,0.069,688.908,,,,,,,,,2.7,19.6,0.6561883257592629,0.23196289035535797,15356.914535253414
DOM,Dominican Republic,2019,28.471,173944046167.0,10894043.0,121.401,2.613,0.164,11143.832,0.077,717.38,,,,,,,,,2.67,21.28,0.6979313329497088,0.23452030872892315,15966.895501238612
DOM,Dominican Republic,2020,26.228,162255006875.0,11008298.0,99.701,2.383,0.162,9056.883,0.075,743.607,,,,,,,,,3.15,19.49,0.6144710226218713,0.2630665690414339,14739.336351087153
DOM,Dominican Republic,2021,29.363,182166940060.0,11123480.0,118.863,2.64,0.161,10685.73,0.08,772.97,,,,,,,,,3.81,21.43,0.6524949036353704,0.2470322976872534,16376.793958365548
DOM,Dominican Republic,2022,31.225,191182362267.0,11230734.0,132.782,2.78,0.163,11823.134,0.083,804.195,,,,,,,,,4.09,22.17,0.6945305959477598,0.23515988612914399,17023.14045252964
ECU,Ecuador,1990,16.501,64188502782.0,10473674.0,80.982,1.575,0.257,7731.968,0.073,318.704,17.296,82.704,0.0,0.0,0.004,3.267,79.433,17.296,4.987,6.349,1.2616278070082871,0.20376132967820013,6128.5564914470315
ECU,Ecuador,1991,16.198,67933582437.0,10702377.0,89.439,1.514,0.238,8356.9,0.07,334.903,15.927,84.073,0.0,0.0,0.007,3.626,80.44,15.927,5.076,6.974,1.3165653391375851,0.1811066760585427,6347.5228388048745
ECU,Ecuador,1992,21.998,70873835048.0,10930128.0,88.979,2.013,0.31,8140.747,0.098,356.9,15.684,84.316,0.0,0.0,0.005,3.657,80.654,15.684,4.974,7.196,1.25545626167595,0.2472268737567291,6484.263958116501
ECU,Ecuador,1993,24.121,72804333284.0,11154283.0,92.231,2.163,0.331,8268.7,0.106,381.022,17.698,82.302,0.0,0.0,0.001,4.068,78.232,17.698,5.81,7.411,1.2668339347359883,0.26152811961271155,6527.029418565048
ECU,Ecuador,1994,14.338,76428090430.0,11372197.0,100.323,1.261,0.188,8821.755,0.062,395.36,18.394,81.606,0.0,0.0,0.004,3.378,78.224,18.394,6.565,8.144,1.312645644233192,0.14291837365310048,6720.609081077298
ECU,Ecuador,1995,23.534,78692037555.0,11590519.0,94.818,2.03,0.299,8180.669,0.1,418.894,15.267,84.733,0.0,0.0,0.004,3.443,81.285,15.267,5.161,8.429,1.204924957416805,0.24820181822016918,6789.345460285255
ECU,Ecuador,1996,25.337,80612101466.0,11810954.0,107.914,2.145,0.314,9136.731,0.105,444.231,16.502,83.498,0.0,0.0,0.005,3.213,80.28,16.502,6.343,9.679,1.3386823818941775,0.23478881331430584,6825.1981563894
ECU,Ecuador,1997,19.461,84682917021.0,12031129.0,120.221,1.618,0.23,9992.515,0.08,463.693,15.246,84.754,0.0,0.0,0.005,2.628,82.121,15.246,6.534,10.362,1.419660590697261,0.16187687675198176,7038.65090474884
ECU,Ecuador,1998,23.117,88055994335.0,12251188.0,120.844,1.887,0.263,9863.863,0.095,486.809,15.101,84.899,0.0,0.0,0.008,2.663,82.229,15.101,6.506,10.89,1.3723540448621976,0.19129621660984408,7187.547390098005
ECU,Ecuador,1999,21.997,84464765477.0,12470800.0,110.231,1.764,0.26,8839.105,0.089,508.806,18.299,81.701,0.0,0.0,0.011,2.754,78.936,18.299,7.177,10.308,1.305053052328858,0.19955366457711532,6773.002973105174
ECU,Ecuador,2000,20.949,85978888021.0,12689215.0,104.129,1.651,0.244,8206.088,0.082,529.755,20.573,79.427,0.0,0.0,0.016,3.18,76.231,20.573,7.53,10.53,1.211099636163786,0.20118314782625396,6775.745230969765
ECU,Ecuador,2001,23.436,90060703680.0,12910736.0,105.483,1.815,0.26,8170.174,0.091,553.191,18.737,81.263,0.0,0.0,0.02,3.191,78.052,18.737,7.0,10.98,1.1712433468741026,0.22217798128608401,6975.644431115314
ECU,Ecuador,2002,24.861,94404507340.0,13138473.0,104.109,1.892,0.263,7924.009,0.095,578.053,20.06,79.94,0.0,0.0,0.022,1.289,78.629,20.06,7.45,11.81,1.1027969207555848,0.23879779846122814,7185.34850587279
ECU,Ecuador,2003,27.113,97642542688.0,13372304.0,106.607,2.028,0.278,7972.256,0.098,605.165,18.572,81.428,0.0,0.0,0.837,2.194,78.398,18.572,7.11,11.48,1.0918089294401558,0.2543266389636703,7301.848857758543
ECU,Ecuador,2004,29.31,106393261231.0,13608700.0,114.056,2.154,0.275,8381.104,0.102,634.476,17.818,82.182,0.0,0.0,0.019,4.769,77.394,17.818,7.34,12.8,1.0720227830253528,0.2569790278459704,7818.032672555057
ECU,Ecuador,2005,30.652,112798230080.0,13846162.0,120.725,2.214,0.272,8719.008,0.104,665.127,15.75,84.25,0.0,0.0,0.021,4.621,79.608,15.75,6.83,12.64,1.0702738856308125,0.2538993580451439,8146.534041707731
ECU,Ecuador,2006,29.781,118581678982.0,14086138.0,127.686,2.114,0.251,9064.634,0.097,694.908,15.435,84.565,0.0,0.0,0.05,4.772,79.743,15.435,7.08,14.08,1.0767767929764427,0.2332362201024388,8418.324382595145
ECU,Ecuador,2007,34.393,122016284055.0,14328783.0,134.253,2.4,0.282,9369.433,0.109,729.301,18.628,81.372,0.0,0.002,0.019,4.12,77.233,18.628,8.97,17.25,1.100287564399881,0.2561804950354927,8515.467367675259
ECU,Ecuador,2008,30.488,130654762337.0,14575201.0,143.285,2.092,0.233,9830.746,0.095,759.789,21.549,78.451,0.0,0.005,0.205,3.529,74.717,21.549,11.2,18.49,1.096668789082656,0.21277872771050704,8964.182541084681
ECU,Ecuador,2009,33.815,132310294703.0,14825960.0,139.805,2.281,0.256,9429.752,0.107,793.603,18.011,81.989,0.0,0.006,0.05,4.253,77.686,18.011,9.15,18.16,1.0566449142436236,0.24187260827581275,8924.23119332576
ECU,Ecuador,2010,36.469,137913290159.0,15076697.0,155.194,2.419,0.264,10293.648,0.109,830.073,15.137,84.863,0.0,0.006,0.075,4.027,80.76,15.137,8.57,19.42,1.1253012658974135,0.23498975475856027,9147.447226604076
ECU,Ecuador,2011,38.48,149795272280.0,15326232.0,164.644,2.511,0.257,10742.646,0.112,868.553,18.275,81.725,0.0,0.005,0.067,3.445,78.213,18.275,11.03,20.43,1.099126811507405,0.23371638201209882,9773.783424392897
ECU,Ecuador,2012,37.493,158246726051.0,15572195.0,173.933,2.408,0.237,11169.487,0.107,906.046,18.909,81.091,0.0,0.004,0.076,4.357,76.658,18.909,12.14,22.73,1.0991254248378233,0.21556001448833748,10162.13360101129
ECU,Ecuador,2013,39.685,166075183974.0,15807132.0,179.509,2.511,0.239,11356.213,0.112,945.731,16.519,83.481,0.005,0.082,0.082,4.792,78.607,16.519,11.03,23.16,1.0808899662462703,0.22107526642118222,10506.345108904006
ECU,Ecuador,2014,43.76,172367775440.0,16035127.0,188.563,2.729,0.254,11759.381,0.123,989.491,16.451,83.549,0.022,0.109,0.074,4.675,78.8,16.451,11.5,24.19,1.0939573799027038,0.23207097893011885,10749.386359085276
ECU,Ecuador,2015,41.298,172538423301.0,16266229.0,188.046,2.539,0.239,11560.524,0.117,1030.788,18.756,81.244,0.049,0.135,0.081,4.417,76.747,18.756,13.2,25.83,1.0898789753743514,0.2196164768195016,10607.155678246016
ECU,Ecuador,2016,39.375,170423090933.0,16505142.0,187.404,2.386,0.231,11354.271,0.111,1070.163,22.601,77.399,0.053,0.114,0.048,4.797,72.554,22.601,16.29,27.16,1.0996397200287598,0.21010757507844016,10325.454390698365
ECU,Ecuador,2017,39.196,174458721084.0,16759515.0,195.11,2.339,0.225,11641.728,0.109,1109.359,27.196,72.804,0.049,0.096,0.049,4.528,68.227,27.196,20.46,27.83,1.118373439789557,0.20089180462303316,10409.532798771324
ECU,Ecuador,2018,38.451,176707497535.0,17049542.0,206.38,2.255,0.218,12104.737,0.105,1147.81,26.236,73.764,0.047,0.098,0.16,3.823,69.782,26.236,21.02,29.23,1.16791875205591,0.18631165810640565,10364.354510813253
ECU,Ecuador,2019,40.083,176728682555.0,17340017.0,211.333,2.312,0.227,12187.595,0.108,1187.893,30.382,69.618,0.045,0.102,0.048,3.339,66.231,30.382,25.24,32.45,1.1958047609743865,0.18966749158910345,10191.955553157763
ECU,Ecuador,2020,32.473,162965075602.0,17546058.0,182.862,1.851,0.199,10421.851,0.092,1220.366,34.624,65.376,0.052,0.106,0.157,3.298,61.921,34.624,24.92,31.29,1.122093180544972,0.1775820017280791,9287.845486547463
ECU,Ecuador,2021,38.185,169866634253.0,17682454.0,212.597,2.159,0.225,12023.042,0.104,1258.551,31.038,68.962,0.044,0.073,0.264,2.99,65.708,31.038,26.08,32.12,1.2515524366212922,0.17961212999242698,9606.507911910869
ECU,Ecuador,2022,42.066,175028884708.0,17823900.0,222.718,2.36,0.24,12495.487,0.112,1300.617,28.426,71.574,0.043,0.068,0.365,2.452,68.757,28.426,25.13,33.06,1.2724642585225836,0.18887561849513734,9819.89826626047
EGY,Egypt,1990,72.884,227979905812.0,58396625.0,391.323,1.248,0.32,6701.131,0.321,1393.001,7.097,92.903,0.0,0.0,2.266,19.94,70.696,7.097,9.953,41.952,1.7164802248962165,0.18625023318332937,3903.9911264049933
EGY,Egypt,1991,74.447,241323329041.0,60029001.0,396.433,1.24,0.308,6604.019,0.321,1467.448,6.979,93.021,0.0,0.0,2.302,22.145,68.574,6.979,9.916,43.276,1.642746275610376,0.18779213637613418,4020.1123627061525
EGY,Egypt,1992,77.419,254191038156.0,61480663.0,392.626,1.259,0.305,6386.172,0.344,1544.867,6.965,93.035,0.0,0.0,2.381,24.181,66.473,6.965,9.8,44.987,1.5446099234979356,0.19718256050287042,4134.4875893091785
EGY,Egypt,1993,90.835,269984893134.0,62915681.0,392.913,1.444,0.336,6245.07,0.399,1635.702,7.168,92.832,0.0,0.0,2.867,27.784,62.181,7.168,10.092,46.737,1.4553147601669247,0.2311834935469175,4291.217846533363
EGY,Egypt,1994,87.483,286215812013.0,64285596.0,413.228,1.361,0.306,6427.995,0.381,1723.185,7.245,92.755,0.0,0.0,2.934,28.081,61.74,7.245,10.728,48.55,1.4437637008720925,0.21170637033308487,4452.254156794315
EGY,Egypt,1995,97.968,305979220895.0,65652621.0,437.821,1.492,0.32,6668.746,0.417,1821.153,7.134,92.866,0.0,0.0,1.853,27.827,63.187,7.134,11.192,50.652,1.4308847467463908,0.22376267926846816,4660.578911160303
EGY,Egypt,1996,97.042,328668878031.0,67028045.0,461.277,1.448,0.295,6881.848,0.4,1918.195,6.947,93.053,0.0,0.0,2.417,27.247,63.389,6.947,11.484,53.57,1.4034702730706752,0.21037684514944383,4903.453144590447
EGY,Egypt,1997,110.934,354503266736.0,68431738.0,480.5,1.621,0.313,7021.602,0.455,2029.13,6.835,93.165,0.0,0.0,1.963,26.96,64.242,6.835,11.771,56.784,1.3554176931120645,0.23087200832466181,5180.392564865151
EGY,Egypt,1998,124.256,380551417847.0,69943297.0,500.307,1.777,0.327,7153.041,0.511,2153.386,6.75,93.25,0.0,0.0,1.855,26.471,64.924,6.75,12.104,60.697,1.314689622838687,0.2483595072625408,5440.856153049233
EGY,Egypt,1999,126.987,409935668443.0,71520953.0,536.889,1.776,0.31,7506.734,0.511,2280.373,6.992,93.008,0.0,0.006,1.571,29.533,61.904,6.992,13.453,65.73,1.3096908645183003,0.23652375071942244,5731.686327543762
EGY,Egypt,2000,142.837,444250275939.0,73083287.0,568.533,1.954,0.322,7779.254,0.56,2423.21,6.998,93.002,0.0,0.04,1.787,34.012,57.204,6.998,14.26,73.32,1.2797583497237157,0.25123783491899326,6078.684938445639
EGY,Egypt,2001,126.372,475679003242.0,74652035.0,593.314,1.693,0.266,7947.725,0.492,2549.582,6.824,93.176,0.0,0.084,1.506,39.917,51.753,6.824,14.59,80.71,1.247299115488084,0.21299345709017484,6371.9495823791
EGY,Egypt,2002,128.362,501912285229.0,76239140.0,610.244,1.684,0.256,8004.338,0.489,2677.944,6.405,93.595,0.0,0.096,1.57,41.972,50.052,6.405,14.2,86.23,1.2158379421248338,0.21034537004870182,6583.393847687684
EGY,Egypt,2003,149.954,528750466385.0,77853548.0,645.992,1.926,0.284,8297.523,0.542,2827.898,5.599,94.401,0.0,0.121,1.537,44.411,48.453,5.599,13.23,92.19,1.2217332013275857,0.23212980965708555,6791.603979114735
EGY,Egypt,2004,151.917,561597926809.0,79477441.0,682.054,1.911,0.271,8581.729,0.531,2979.815,5.317,94.683,0.0,0.201,1.488,44.885,48.31,5.317,13.33,98.25,1.214488101612895,0.22273456353895732,7066.129957669372
EGY,Egypt,2005,166.934,600297394092.0,81101012.0,699.417,2.058,0.278,8624.019,0.564,3146.749,5.073,94.927,0.0,0.197,1.419,43.63,49.878,5.073,13.15,104.94,1.1651175015642483,0.23867592580677907,7401.848377576349
EGY,Egypt,2006,178.389,650403845291.0,82700404.0,736.644,2.157,0.274,8907.385,0.583,3325.138,4.876,95.124,0.0,0.22,1.348,47.84,45.936,4.876,13.39,111.66,1.132594779894659,0.24216446478896184,7864.578815007965
EGY,Egypt,2007,189.201,713462332878.0,84276224.0,784.579,2.245,0.265,9309.617,0.601,3514.339,5.061,94.939,0.0,0.225,1.151,47.209,46.579,5.061,14.88,119.86,1.099678236460117,0.24114971213861192,8465.760555171528
EGY,Egypt,2008,195.86,775303694329.0,85864791.0,831.838,2.281,0.253,9687.769,0.611,3710.199,5.101,94.899,0.0,0.296,0.977,47.412,46.511,5.101,16.03,128.8,1.072918916915427,0.2354544995539997,9029.35516757969
EGY,Egypt,2009,205.243,831415021492.0,87501635.0,861.671,2.346,0.247,9847.488,0.651,3915.442,4.525,95.475,0.001,0.317,0.838,47.655,46.982,4.525,14.81,134.27,1.0363909452269755,0.2381918388805008,9501.708413699927
EGY,Egypt,2010,202.704,898751418203.0,89196073.0,895.112,2.273,0.226,10035.327,0.608,4118.146,4.198,95.802,0.007,0.411,0.605,48.64,46.558,4.198,14.39,144.43,0.9959505841890333,0.22645657750091608,10076.132143205452
EGY,Egypt,2011,221.675,923052843843.0,91093066.0,941.574,2.434,0.24,10336.393,0.643,4339.821,4.063,95.937,0.067,0.412,0.546,50.856,44.534,4.063,14.72,149.56,1.0200651092519144,0.2354302476491492,10133.074715511277
EGY,Egypt,2012,212.524,950287307199.0,93161000.0,979.905,2.281,0.224,10518.4,0.608,4552.346,3.92,96.08,0.133,0.352,0.465,51.805,43.81,3.92,14.87,162.84,1.0311670929166665,0.21688224878942347,10200.484185431673
EGY,Egypt,2013,219.087,984556585202.0,95333551.0,973.269,2.298,0.223,10209.089,0.621,4771.432,3.909,96.091,0.007,0.415,0.462,50.991,44.637,3.909,14.85,165.08,0.9885353616321766,0.2251042620282779,10327.493048087552
EGY,Egypt,2014,227.254,1035721838706.0,97528655.0,961.972,2.33,0.219,9863.477,0.641,4998.686,3.913,96.087,0.037,0.273,0.471,48.167,47.448,3.913,14.76,171.24,0.9287937784548979,0.23623764517054552,10619.666996391983
EGY,Egypt,2015,226.654,1079611566322.0,99597334.0,976.108,2.276,0.21,9800.544,0.64,5225.34,4.062,95.938,0.011,0.493,0.957,47.267,47.714,4.062,15.61,181.83,0.9041288834329425,0.2322017645588398,10839.763706144986
EGY,Egypt,2016,245.164,1121578599865.0,101644583.0,1030.261,2.412,0.219,10135.914,0.693,5470.504,3.87,96.13,0.057,0.586,1.379,48.026,46.725,3.87,15.83,188.19,0.918581185593242,0.2379630016083303,11034.31748905891
EGY,Egypt,2017,253.364,1158060486104.0,103696055.0,1070.745,2.443,0.219,10325.806,0.704,5723.868,3.627,96.373,0.141,0.494,1.306,52.359,42.707,3.627,15.5,193.21,0.9246019641014168,0.23662403279959282,11167.835517985714
EGY,Egypt,2018,241.903,1220661740193.0,105682092.0,1071.346,2.289,0.198,10137.438,0.659,5965.771,3.832,96.168,0.129,0.695,2.376,55.762,38.03,3.832,16.46,199.39,0.877676398566083,0.22579353448839123,11550.317722637436
EGY,Egypt,2019,234.06,1289253465646.0,107553159.0,1048.579,2.176,0.182,9749.406,0.631,6199.831,4.638,95.362,0.353,1.179,2.194,56.473,36.694,4.638,19.59,200.57,0.813322614940262,0.2232163718708843,11987.127831791533
EGY,Egypt,2020,246.323,1307778142529.0,109315118.0,986.905,2.253,0.188,9028.072,0.701,6446.154,5.968,94.032,1.118,1.314,0.888,59.306,33.837,5.968,23.76,198.6,0.7546425252921792,0.24959139937481317,11963.378592602352
EGY,Egypt,2021,266.839,1400985648780.0,110957005.0,1061.291,2.405,0.19,9564.884,0.724,6712.993,5.908,94.092,1.158,1.278,1.335,58.753,34.005,5.908,25.36,209.66,0.7575316713088308,0.2514286844984081,12626.383064142728
EGY,Egypt,2022,249.899,1460427350416.0,112618252.0,1110.143,2.219,0.171,9857.579,0.666,6962.892,5.687,94.313,1.111,1.31,1.107,54.769,38.437,5.687,25.61,216.72,0.760149417691868,0.22510523419055023,12967.94546603334
SLV,El Salvador,1990,2.471,17260964768.0,5399728.0,11.938,0.458,0.143,2210.895,0.011,57.758,,,,,,,,,,,0.6916183516075409,0.20698609482325347,3196.635972774925
SLV,El Salvador,1991,3.149,18153449125.0,5495081.0,12.937,0.573,0.173,2354.288,0.014,60.907,,,,,,,,,,,0.712646941686901,0.24341037334776222,3303.5817169937986
SLV,El Salvador,1992,3.313,19825256603.0,5585611.0,14.811,0.593,0.167,2651.586,0.015,64.22,,,,,,,,,,,0.747077341624863,0.2236850989129701,3549.344306826952
SLV,El Salvador,1993,3.966,21604952339.0,5659959.0,15.113,0.701,0.184,2670.243,0.017,68.187,,,,,,,,,,,0.6995155445318384,0.2624230794680077,3817.157039300108
SLV,El Salvador,1994,4.502,23258530978.0,5714138.0,16.715,0.788,0.194,2925.279,0.02,72.689,,,,,,,,,,,0.7186610373548761,0.2693389171402932,4070.34813964941
SLV,El Salvador,1995,4.986,25119269330.0,5762135.0,20.997,0.865,0.198,3643.881,0.021,77.674,,,,,,,,,,,0.8358921481415559,0.23746249464209174,4359.368416394271
SLV,El Salvador,1996,4.4,25931149474.0,5805286.0,20.745,0.758,0.17,3573.513,0.018,82.074,,,,,,,,,,,0.8000031013202897,0.21209930103639432,4466.816875861069
SLV,El Salvador,1997,5.398,27444887250.0,5844578.0,21.427,0.924,0.197,3666.203,0.022,87.472,,,,,,,,,,,0.7807282939375165,0.25192514117701964,4695.785948959873
SLV,El Salvador,1998,5.711,28907125564.0,5880786.0,24.769,0.971,0.198,4211.862,0.024,93.184,,,,,,,,,,,0.8568475597880445,0.23057047115345794,4915.520742295333
SLV,El Salvador,1999,5.567,30355223155.0,5913908.0,25.678,0.941,0.183,4341.954,0.022,98.75,,,,,,,,,,,0.8459170228755315,0.2168003738608926,5132.853462549637
SLV,El Salvador,2000,5.648,31478454275.0,5943363.0,26.401,0.95,0.179,4442.162,0.022,104.398,,,,,,,,,2.04,3.65,0.8387006480482594,0.21393129048142115,5296.404455692846
SLV,El Salvador,2001,5.829,32499941192.0,5968058.0,26.424,0.977,0.179,4427.587,0.023,110.227,,,,,,,,,2.21,4.1,0.8130476250370687,0.22059491371480472,5445.647678357013
SLV,El Salvador,2002,6.036,33751219265.0,5986629.0,27.614,1.008,0.179,4612.663,0.023,116.263,,,,,,,,,2.23,4.4,0.8181630353317548,0.21858477583834288,5637.766974536087
SLV,El Salvador,2003,6.396,35029541311.0,5998597.0,28.992,1.066,0.183,4833.146,0.023,122.659,,,,,,,,,2.63,4.67,0.8276442943572291,0.22061258278145696,5839.622383534016
SLV,El Salvador,2004,6.216,36185189370.0,6004673.0,29.121,1.035,0.172,4849.703,0.022,128.875,,,,,,,,,2.55,4.83,0.8047767748907597,0.2134542083032863,6026.171511754262
SLV,El Salvador,2005,6.262,38001442916.0,6005583.0,29.581,1.043,0.165,4925.601,0.021,135.137,,,,,,,,,2.9,5.1,0.7784178107496365,0.21168993610763664,6327.685907596315
SLV,El Salvador,2006,6.689,40054319005.0,6002321.0,30.821,1.114,0.167,5134.85,0.022,141.826,,,,,,,,,3.34,5.7,0.7694800652122584,0.217027351481133,6673.138441779438
SLV,El Salvador,2007,6.819,42202462933.0,6009820.0,32.11,1.135,0.162,5342.946,0.022,148.645,,,,,,,,,3.39,5.93,0.7608560678313339,0.21236374961071317,7022.250738458057
SLV,El Salvador,2008,6.375,43393063628.0,6029302.0,30.528,1.057,0.147,5063.321,0.02,155.02,,,,,,,,,3.86,6.1,0.7035225782099738,0.2088246855345912,7197.02937885679
SLV,El Salvador,2009,6.283,42668179532.0,6048284.0,30.275,1.039,0.147,5005.614,0.02,161.303,,,,,,,,,3.32,5.85,0.7095451536031565,0.2075309661436829,7054.592597173017
SLV,El Salvador,2010,6.287,43862777197.0,6068253.0,30.49,1.036,0.143,5024.517,0.019,167.589,,,,,,,,,3.96,6.05,0.6951224238050611,0.20619875368973434,7228.238044293803
SLV,El Salvador,2011,6.467,45520507146.0,6090128.0,30.647,1.062,0.142,5032.225,0.019,174.056,,,,,,,,,3.92,6.17,0.6732569982514579,0.21101576010702516,7474.474616297063
SLV,El Salvador,2012,6.436,46608113564.0,6113977.0,31.426,1.053,0.138,5140.093,0.018,180.493,,,,,,,,,3.82,6.3,0.6742602863951432,0.2047985744288169,7623.207212588467
SLV,El Salvador,2013,6.058,48017379514.0,6138845.0,30.522,0.987,0.126,4971.976,0.017,186.551,,,,,,,,,3.84,6.32,0.6356448500297891,0.19847978507306205,7821.891498156412
SLV,El Salvador,2014,6.12,49026874064.0,6162952.0,31.532,0.993,0.125,5116.345,0.017,192.671,,,,,,,,,3.79,6.3,0.6431574641866402,0.19408854497018901,7955.095880026325
SLV,El Salvador,2015,6.637,50319726389.0,6183675.0,33.657,1.073,0.132,5442.877,0.019,199.308,,,,,,,,,3.54,6.07,0.6688629373660007,0.19719523427518793,8137.5114942166265
SLV,El Salvador,2016,6.572,51794877474.0,6200808.0,34.125,1.06,0.127,5503.396,0.019,205.88,,,,,,,,,3.66,6.16,0.6588489376604872,0.1925860805860806,8352.923921205107
SLV,El Salvador,2017,5.942,53295513328.0,6213538.0,33.041,0.956,0.111,5317.579,0.017,211.822,,,,,,,,,4.15,5.55,0.6199583780468282,0.17983717199842622,8577.321540159568
SLV,El Salvador,2018,6.452,55053057931.0,6219803.0,36.138,1.037,0.117,5810.084,0.018,218.274,,,,,,,,,4.24,5.44,0.6564213026148896,0.178537827217887,8851.25428104395
SLV,El Salvador,2019,7.634,56393644127.0,6222316.0,40.302,1.227,0.135,6477.021,0.021,225.908,,,,,,,,,4.41,6.17,0.7146550045469453,0.1894198799067044,9063.127640415561
SLV,El Salvador,2020,6.135,51960808936.0,6234679.0,33.576,0.984,0.118,5385.433,0.017,232.043,,,,,,,,,5.45,6.43,0.6461793164412717,0.18271979985704073,8334.159454881317
SLV,El Salvador,2021,6.977,57771997522.0,6255780.0,39.181,1.115,0.121,6263.183,0.019,239.019,,,,,,,,,6.1,7.09,0.678200541448815,0.17807100380286364,9234.979094853079
SLV,El Salvador,2022,7.913,59270934820.0,6280316.0,43.162,1.26,0.134,6872.584,0.021,246.932,,,,,,,,,6.02,6.63,0.7282152733220549,0.18333256104907095,9437.572061660592
GNQ,Equatorial Guinea,1990,0.062,917854000.0,474289.0,0.505,0.131,0.068,1063.911,0.0,2.012,,,,,,,,,,,0.5501964364702883,0.12277227722772277,1935.2209306983716
GNQ,Equatorial Guinea,1991,0.066,925022421.0,492220.0,0.505,0.134,0.071,1025.154,0.0,2.077,,,,,,,,,,,0.5459327131271773,0.1306930693069307,1879.2865405712892
GNQ,Equatorial Guinea,1992,0.066,1054728158.0,510775.0,0.506,0.129,0.063,990.548,0.0,2.143,,,,,,,,,,,0.47974446890608186,0.13043478260869565,2064.9565033527483
GNQ,Equatorial Guinea,1993,0.07,1160722252.0,530030.0,0.505,0.131,0.06,952.024,0.0,2.213,,,,,,,,,,,0.4350739370507045,0.13861386138613863,2189.9180272814747
GNQ,Equatorial Guinea,1994,1.149,1275597171.0,550148.0,0.505,2.089,0.901,917.21,0.005,3.362,,,,,,,,,,,0.3958930071976461,2.275247524752475,2318.6436577066534
GNQ,Equatorial Guinea,1995,1.223,1433333474.0,571274.0,0.505,2.142,0.854,883.237,0.005,4.586,,,,,,,,,,,0.35232554681828354,2.4217821782178217,2509.0122673183096
GNQ,Equatorial Guinea,1996,1.359,1938735996.0,593496.0,0.506,2.29,0.701,852.487,0.006,5.945,,,,,,,,,,,0.2609947930218344,2.685770750988142,3266.6370051356707
GNQ,Equatorial Guinea,1997,1.975,3808985683.0,616897.0,0.568,3.201,0.518,920.595,0.008,7.92,,,,,,,,,,,0.14912106457502797,3.477112676056338,6174.427307962269
GNQ,Equatorial Guinea,1998,2.295,4506473125.0,641478.0,0.785,3.578,0.509,1223.171,0.009,10.215,,,,,,,,,,,0.1741938713991554,2.9235668789808917,7025.140573799881
GNQ,Equatorial Guinea,1999,2.511,5587884417.0,667222.0,0.785,3.763,0.449,1175.983,0.01,12.725,,,,,,,,,,,0.140482504901461,3.1987261146496815,8374.85037513751
GNQ,Equatorial Guinea,2000,2.699,6341192117.0,703287.0,3.227,3.838,0.426,4588.026,0.011,15.425,,,,,,,,,0.01,0.05,0.5088948482334714,0.8363805392004958,9016.506940978576
GNQ,Equatorial Guinea,2001,3.091,10710877546.0,749836.0,1.823,4.122,0.289,2431.702,0.012,18.516,,,,,,,,,0.01,0.06,0.17020080681258495,1.6955567745474494,14284.293560191829
GNQ,Equatorial Guinea,2002,2.765,12944267386.0,797968.0,28.23,3.465,0.214,35377.777,0.011,21.281,,,,,,,,,0.01,0.07,2.180888200017595,0.09794544810485299,16221.536936318249
GNQ,Equatorial Guinea,2003,3.13,14778140796.0,847867.0,30.59,3.691,0.212,36078.625,0.011,24.41,,,,,,,,,0.01,0.07,2.0699491514033888,0.10232101994115723,17429.78650661012
GNQ,Equatorial Guinea,2004,6.137,18414357582.0,899924.0,6.19,6.82,0.333,6878.594,0.021,30.548,,,,,,,,,0.01,0.09,0.33615074392009814,0.9914378029079159,20462.125226130207
GNQ,Equatorial Guinea,2005,6.206,20168023886.0,947370.0,22.59,6.551,0.308,23845.182,0.021,36.754,,,,,,,,,0.01,0.1,1.1200899070573422,0.27472332890659584,21288.434176720817
GNQ,Equatorial Guinea,2006,6.172,21346957199.0,990349.0,27.605,6.233,0.289,27874.07,0.02,42.926,,,,,,,,,0.01,0.11,1.2931585397703969,0.22358268429632314,21554.984352990712
GNQ,Equatorial Guinea,2007,5.711,24766652343.0,1036053.0,30.538,5.513,0.231,29474.863,0.018,48.638,,,,,,,,,0.01,0.13,1.2330289769110117,0.187012901958216,23904.8121505367
GNQ,Equatorial Guinea,2008,5.926,29298389312.0,1084538.0,30.181,5.464,0.202,27828.389,0.018,54.563,,,,,,,,,0.05,0.2,1.0301248877063185,0.19634869619959577,27014.6267922378
GNQ,Equatorial Guinea,2009,4.883,29853093503.0,1135683.0,31.985,4.3,0.164,28164.0,0.015,59.446,,,,,,,,,0.05,0.22,1.071413252257618,0.15266531186493668,26286.466824809388
GNQ,Equatorial Guinea,2010,6.377,27366671882.0,1189097.0,30.762,5.363,0.233,25870.34,0.019,65.823,,,,,,,,,0.03,0.22,1.1240679952841919,0.20730121578570965,23014.66733327895
GNQ,Equatorial Guinea,2011,6.067,29285788000.0,1241843.0,33.077,4.885,0.207,26635.107,0.018,71.89,,,,,,,,,0.03,0.3,1.1294556936627418,0.18342050367324728,23582.52049574705
GNQ,Equatorial Guinea,2012,6.875,31730930000.0,1293485.0,32.073,5.315,0.217,24796.076,0.02,78.765,,,,,,,,,0.08,0.54,1.0107803332584326,0.21435475321921865,24531.3474837358
GNQ,Equatorial Guinea,2013,8.168,30419136000.0,1346220.0,32.788,6.068,0.269,24355.91,0.023,86.933,,,,,,,,,0.25,0.85,1.0778741381740755,0.24911553007197756,22595.962027008958
GNQ,Equatorial Guinea,2014,7.641,30256854000.0,1399829.0,30.612,5.459,0.253,21868.369,0.022,94.575,,,,,,,,,0.38,1.09,1.011737704124824,0.24960799686397492,21614.67865003511
GNQ,Equatorial Guinea,2015,7.01,28026102000.0,1453925.0,27.135,4.821,0.25,18663.375,0.02,101.585,,,,,,,,,0.47,1.3,0.968204568726682,0.2583379399299797,19276.167615248378
GNQ,Equatorial Guinea,2016,7.538,25203837269.0,1508192.0,26.796,4.998,0.299,17766.676,0.021,109.122,,,,,,,,,0.47,1.4,1.0631714414756326,0.28131064337960887,16711.292241969193
GNQ,Equatorial Guinea,2017,6.816,23511758900.0,1562401.0,37.153,4.362,0.29,23779.68,0.019,115.938,,,,,,,,,0.44,1.34,1.5801880309345975,0.18345759427233332,15048.479167640062
GNQ,Equatorial Guinea,2018,7.034,21813514918.0,1616425.0,26.916,4.352,0.322,16651.627,0.019,122.972,,,,,,,,,0.44,1.35,1.2339139336865674,0.2613315500074305,13494.913106392192
GNQ,Equatorial Guinea,2019,5.514,20617750095.0,1670184.0,26.697,3.301,0.267,15984.577,0.015,128.486,,,,,,,,,0.45,1.4,1.2948551552419036,0.20654006068097538,12344.598017344197
GNQ,Equatorial Guinea,2020,6.39,19743252847.0,1716479.0,30.358,3.722,0.324,17686.465,0.018,134.875,,,,,,,,,0.49,1.41,1.5376392246636763,0.21048817445154488,11502.18141148246
GNQ,Equatorial Guinea,2021,7.088,19556604569.0,1758796.0,35.011,4.03,0.362,19906.076,0.019,141.963,,,,,,,,,0.47,1.43,1.7902391939497215,0.202450658364514,11119.313762937827
GNQ,Equatorial Guinea,2022,7.497,20191378731.0,1803549.0,36.921,4.157,0.371,20471.131,0.02,149.46,,,,,,,,,0.48,1.51,1.828552695280529,0.20305517185341676,11195.359111950936
EST,Estonia,1990,36.906,27066096904.0,1570309.0,127.585,23.503,1.364,81248.344,0.162,1090.244,0.0,100.0,0.0,0.0,56.454,11.142,32.404,0.0,0.0,17.18,4.713830754856445,0.2892659795430497,17236.159828415937
EST,Estonia,1991,34.135,23940083198.0,1565380.0,116.75,21.806,1.426,74582.453,0.147,1124.379,0.0,100.0,0.0,0.0,56.579,12.226,31.196,0.0,0.0,14.63,4.87675832345284,0.29237687366167026,15293.464333260934
EST,Estonia,1992,24.413,20201098370.0,1540214.0,81.29,15.85,1.209,52778.336,0.108,1148.792,0.0,100.0,0.0,0.0,65.655,10.266,24.079,0.0,0.0,11.83,4.024038619638681,0.3003198425390577,13115.773762607014
EST,Estonia,1993,19.433,18206161939.0,1504344.0,67.562,12.918,1.067,44911.559,0.085,1168.225,0.0,100.0,0.0,0.0,63.168,6.122,30.71,0.0,0.0,9.12,3.710941395905816,0.28763210088511293,12102.392763224369
EST,Estonia,1994,20.039,17713297126.0,1475716.0,68.539,13.579,1.131,46444.621,0.087,1188.264,0.0,100.0,0.0,0.0,63.735,8.668,27.597,0.0,0.0,9.15,3.8693530353192584,0.29237368505522404,12003.188368222613
EST,Estonia,1995,18.053,18632898028.0,1452774.0,62.165,12.427,0.969,42790.797,0.077,1206.318,0.03,99.97,0.0,0.0,65.161,10.898,23.911,0.03,0.01,8.69,3.336303344041464,0.2904045684870908,12825.737539355743
EST,Estonia,1996,19.033,19286856884.0,1434655.0,66.012,13.267,0.987,46012.625,0.079,1225.351,0.024,99.976,0.0,0.0,64.288,11.318,24.37,0.024,0.0,9.09,3.4226416671739948,0.2883263649033509,13443.550459169626
EST,Estonia,1997,18.673,21171918456.0,1421494.0,65.028,13.136,0.882,45745.91,0.077,1244.024,0.038,99.962,0.0,0.0,64.505,11.164,24.292,0.038,0.01,9.22,3.0714269061229755,0.28715322630251583,14894.131425106261
EST,Estonia,1998,16.933,21698756967.0,1411206.0,58.334,11.999,0.78,41336.574,0.07,1260.957,0.064,99.936,0.0,0.0,60.935,11.811,27.189,0.064,0.01,8.55,2.6883567611138175,0.2902766825521994,15376.037918631298
EST,Estonia,1999,15.93,21126870271.0,1403578.0,53.738,11.349,0.754,38286.332,0.064,1276.886,0.096,99.904,0.0,0.0,59.871,12.464,27.569,0.096,0.01,8.27,2.5435854582665742,0.2964382745915367,15052.152620659486
EST,Estonia,2000,15.471,23525730943.0,1397001.0,55.496,11.074,0.658,39725.285,0.061,1292.357,0.335,99.665,0.0,0.0,61.771,13.875,24.02,0.335,0.01,8.51,2.3589490220074394,0.2787768487818942,16840.167575399017
EST,Estonia,2001,15.87,24618992841.0,1388174.0,57.846,11.432,0.645,41670.422,0.062,1308.227,0.154,99.846,0.0,0.0,58.908,14.284,26.653,0.154,0.02,8.49,2.349649328613654,0.274349133907271,17734.803303476365
EST,Estonia,2002,15.358,25689833693.0,1379438.0,57.607,11.134,0.598,41761.258,0.058,1323.585,0.18,99.82,0.0,0.007,57.824,12.028,29.968,0.18,0.03,8.53,2.2424045514820454,0.26659954519416046,18623.40583121532
EST,Estonia,2003,17.251,27160243367.0,1370849.0,62.816,12.584,0.635,45822.414,0.062,1340.836,0.211,99.789,0.0,0.026,61.4,12.591,25.797,0.211,0.05,10.16,2.3127922364761333,0.27462748344370863,19812.717058552764
EST,Estonia,2004,17.322,28392969678.0,1362682.0,64.106,12.712,0.61,47044.355,0.061,1358.158,0.278,99.722,0.0,0.032,60.015,14.053,25.654,0.278,0.06,10.31,2.257812434803953,0.27020871681277886,20836.093584563383
EST,Estonia,2005,17.09,30566893529.0,1354847.0,64.464,12.614,0.559,47580.188,0.058,1375.248,0.477,99.523,0.0,0.225,59.099,14.431,25.993,0.477,0.11,10.2,2.1089483607106,0.26510920824025813,22561.140504425963
EST,Estonia,2006,16.438,33162229951.0,1346885.0,63.68,12.205,0.496,47279.691,0.054,1391.686,0.583,99.417,0.0,0.32,57.156,14.763,27.497,0.583,0.13,9.73,1.920256873379522,0.2581344221105527,24621.42644026773
EST,Estonia,2007,19.93,35115520992.0,1340709.0,73.746,14.866,0.568,55004.875,0.063,1411.617,0.568,99.432,0.0,0.328,61.416,12.673,25.343,0.568,0.14,12.18,2.1000969917775327,0.27025194586825046,26191.75450601137
EST,Estonia,2008,17.815,32659893005.0,1337078.0,67.856,13.324,0.545,50749.477,0.056,1429.431,0.871,99.129,0.0,0.517,59.688,13.212,26.229,0.871,0.2,10.58,2.077655306146034,0.2625412638528649,24426.31843841571
EST,Estonia,2009,14.405,27402480486.0,1334528.0,58.727,10.794,0.526,44005.977,0.046,1443.836,2.722,97.278,0.0,0.872,59.618,10.41,27.25,2.722,0.54,8.78,2.1431271533978022,0.24528751681509356,20533.462382205544
EST,Estonia,2010,18.965,27586968284.0,1331450.0,73.147,14.244,0.687,54937.555,0.057,1462.801,4.38,95.62,0.0,0.988,64.102,8.956,22.561,4.38,1.05,12.97,2.651505567664138,0.2592724240228581,20719.49249615081
EST,Estonia,2011,18.948,29217295065.0,1327366.0,72.963,14.275,0.649,54968.051,0.055,1481.749,4.847,95.153,0.001,1.309,65.061,8.035,22.057,4.847,1.18,12.89,2.497253761434058,0.2596932691912339,22011.483694022598
EST,Estonia,2012,17.761,30160490093.0,1322615.0,73.488,13.429,0.589,55562.555,0.051,1499.511,6.0,94.0,0.001,1.525,59.379,8.649,25.973,6.0,1.47,11.96,2.436565180917135,0.24168571739603745,22803.680657636574
EST,Estonia,2013,19.634,30600421813.0,1317920.0,77.463,14.898,0.642,58776.996,0.056,1519.144,4.703,95.297,0.005,1.75,62.629,8.346,24.322,4.703,1.23,13.28,2.5314356930560784,0.25346294359887944,23218.724818653634
EST,Estonia,2014,18.784,31521829560.0,1314457.0,74.161,14.29,0.596,56419.855,0.053,1537.928,5.622,94.378,0.011,2.077,64.002,6.845,23.531,5.622,1.39,12.45,2.3526870437148575,0.2532867679777781,23980.875418518826
EST,Estonia,2015,15.78,32106015454.0,1314580.0,68.626,12.004,0.491,52204.055,0.045,1553.708,6.658,93.342,0.022,2.644,61.314,6.634,25.393,6.658,1.56,10.15,2.1374810617133146,0.2299420044880949,24423.021386298286
EST,Estonia,2016,17.433,33119083785.0,1315850.0,70.763,13.248,0.526,53777.426,0.049,1571.141,6.508,93.492,0.035,2.114,62.419,7.055,24.017,6.508,1.59,12.17,2.136623116127667,0.24635755974167292,25169.34588668921
EST,Estonia,2017,18.616,35037377711.0,1317430.0,78.484,14.131,0.531,59573.93,0.052,1589.757,6.9,93.1,0.046,2.309,64.253,6.245,22.603,6.9,1.86,13.16,2.2400078181467307,0.23719484226084298,26595.248105022656
EST,Estonia,2018,17.801,36363239216.0,1321972.0,77.879,13.465,0.49,58911.23,0.048,1607.558,7.798,92.202,0.099,2.037,63.265,6.441,22.495,7.798,1.99,12.37,2.1416958906601717,0.2285725291798816,27506.81498246559
EST,Estonia,2019,12.288,37723175050.0,1326822.0,62.761,9.261,0.326,47301.492,0.033,1619.846,10.376,89.624,0.291,2.719,57.248,7.452,24.925,10.376,2.14,7.61,1.6637252807276623,0.19579037937572696,28431.225175645264
EST,Estonia,2020,9.198,37515273353.0,1329675.0,58.733,6.918,0.245,44171.176,0.026,1629.044,15.352,84.648,1.035,3.566,49.814,7.36,27.475,15.352,2.97,6.08,1.565575690928646,0.15660701820101136,28213.866811814918
EST,Estonia,2021,10.391,40521483538.0,1331750.0,61.444,7.802,0.256,46137.703,0.028,1639.435,14.297,85.703,1.424,2.952,51.933,7.952,25.817,14.297,2.87,7.19,1.516331452731226,0.16911333897532713,30427.245006945748
EST,Estonia,2022,11.966,39999856613.0,1350093.0,63.306,8.863,0.299,46890.336,0.032,1651.401,13.241,86.759,2.324,2.605,54.373,6.407,25.979,13.241,2.86,8.94,1.5826556733062258,0.18901841847534198,29627.48241269305
SWZ,Eswatini,1990,0.96,3420534889.0,872436.0,3.137,1.1,0.281,3596.085,0.004,10.01,,,,,,,,,,,0.9171080260248735,0.30602486452024225,3920.671417731501
SWZ,Eswatini,1991,0.872,3548878922.0,908193.0,3.112,0.96,0.246,3426.701,0.004,10.882,,,,,,,,,,,0.8768966393043939,0.2802056555269923,3907.626376772338
SWZ,Eswatini,1992,0.832,3732391463.0,943426.0,3.044,0.882,0.223,3226.84,0.004,11.714,,,,,,,,,,,0.8155628985265418,0.2733245729303548,3956.2100927894717
SWZ,Eswatini,1993,0.707,3919793436.0,971327.0,3.034,0.728,0.18,3123.902,0.003,12.421,,,,,,,,,,,0.7740203787616119,0.23302570863546473,4035.503425725837
SWZ,Eswatini,1994,1.077,4084365870.0,971221.0,4.049,1.109,0.264,4168.957,0.005,13.498,,,,,,,,,,,0.9913411601395055,0.26599160286490486,4205.392871447384
SWZ,Eswatini,1995,1.059,4356450718.0,970439.0,3.944,1.091,0.243,4064.329,0.005,14.557,,,,,,,,,,,0.9053241400629566,0.2685091277890467,4489.154617652423
SWZ,Eswatini,1996,0.788,4598027973.0,989847.0,3.751,0.796,0.171,3789.51,0.003,15.345,,,,,,,,,,,0.815784510669831,0.2100773127166089,4645.19059309166
SWZ,Eswatini,1997,1.14,4766768452.0,1006647.0,3.871,1.132,0.239,3845.313,0.005,16.484,,,,,,,,,,,0.8120805612816874,0.29449754585378457,4735.292959696894
SWZ,Eswatini,1998,1.161,4867682233.0,1019657.0,4.896,1.139,0.239,4801.696,0.005,17.646,,,,,,,,,,,1.0058175052611327,0.23713235294117646,4773.84280498246
SWZ,Eswatini,1999,1.242,4986982563.0,1030785.0,5.006,1.205,0.249,4856.928,0.005,18.888,,,,,,,,,,,1.003813415579412,0.24810227726727926,4838.043397022658
SWZ,Eswatini,2000,1.205,5050303320.0,1041428.0,6.778,1.158,0.239,6508.233,0.005,20.093,,,,,,,,,0.65,0.66,1.3420976069215582,0.17778105635880792,4849.40228225091
SWZ,Eswatini,2001,1.099,5125500508.0,1051066.0,6.905,1.046,0.214,6569.679,0.004,21.193,,,,,,,,,0.69,0.7,1.3471855069026948,0.15916002896451847,4876.478268729081
SWZ,Eswatini,2002,1.081,5280506497.0,1059456.0,6.981,1.02,0.205,6589.496,0.004,22.273,,,,,,,,,0.69,0.72,1.3220322717084236,0.15484887551926657,4984.167815369397
SWZ,Eswatini,2003,1.004,5518729007.0,1066706.0,6.64,0.941,0.182,6225.074,0.004,23.277,,,,,,,,,0.61,0.64,1.203175584736589,0.15120481927710844,5173.617666911033
SWZ,Eswatini,2004,1.004,5696422388.0,1073170.0,6.35,0.935,0.176,5916.697,0.004,24.281,,,,,,,,,0.55,0.58,1.1147347523555868,0.15811023622047243,5308.033571568344
SWZ,Eswatini,2005,1.015,6002942535.0,1079022.0,6.41,0.941,0.169,5940.479,0.003,25.296,,,,,,,,,0.6,0.62,1.0678096554525822,0.15834633385335412,5563.31801853901
SWZ,Eswatini,2006,1.015,6319744849.0,1084442.0,6.781,0.936,0.161,6252.654,0.003,26.311,,,,,,,,,0.67,0.69,1.0729863565730802,0.14968293761982007,5827.646705863476
SWZ,Eswatini,2007,1.044,6589486313.0,1090713.0,6.987,0.957,0.158,6405.87,0.003,27.355,,,,,,,,,0.69,0.71,1.0603254439144625,0.1494203520824388,6041.44840393394
SWZ,Eswatini,2008,1.019,6906669172.0,1098098.0,6.797,0.928,0.147,6189.895,0.003,28.374,,,,,,,,,0.67,0.69,0.9841212646401822,0.14991908194791817,6289.66555990449
SWZ,Eswatini,2009,1.055,7131566747.0,1105158.0,6.422,0.955,0.148,5810.702,0.003,29.429,,,,,,,,,0.64,0.66,0.9005033855571092,0.1642790407972594,6452.983869274801
SWZ,Eswatini,2010,0.997,7332277029.0,1111651.0,6.202,0.897,0.136,5578.974,0.003,30.426,,,,,,,,,0.72,0.74,0.8458491101018655,0.16075459529184133,6595.844405303463
SWZ,Eswatini,2011,0.96,7567466177.0,1117845.0,5.695,0.859,0.127,5094.847,0.003,31.386,,,,,,,,,0.56,0.58,0.7525636543059768,0.16856892010535557,6769.691841892212
SWZ,Eswatini,2012,1.11,7793097968.0,1123870.0,5.496,0.988,0.142,4890.275,0.003,32.496,,,,,,,,,0.48,0.52,0.7052394339924458,0.2019650655021834,6934.163175456236
SWZ,Eswatini,2013,1.315,8126636123.0,1130000.0,5.309,1.164,0.162,4697.807,0.004,33.811,,,,,,,,,0.56,0.6,0.6532838335131644,0.24769259747598418,7191.713383185841
SWZ,Eswatini,2014,0.762,8327527350.0,1136305.0,5.492,0.671,0.092,4833.424,0.002,34.574,,,,,,,,,0.46,0.48,0.6594994851623033,0.13874726875455207,7328.602223874752
SWZ,Eswatini,2015,0.85,8445665268.0,1142822.0,5.644,0.744,0.101,4938.754,0.002,35.424,,,,,,,,,0.36,0.38,0.6682718081883612,0.15060240963855423,7390.184357668998
SWZ,Eswatini,2016,1.022,8545156780.0,1149516.0,5.875,0.889,0.12,5110.425,0.003,36.446,,,,,,,,,0.33,0.36,0.6875239566991304,0.17395744680851064,7433.699731017228
SWZ,Eswatini,2017,0.971,8725282454.0,1158198.0,6.092,0.838,0.111,5259.742,0.003,37.417,,,,,,,,,0.41,0.43,0.6982008928785104,0.15938936309914642,7533.498118629112
SWZ,Eswatini,2018,1.015,8936238936.0,1168933.0,6.385,0.868,0.114,5461.989,0.003,38.432,,,,,,,,,0.47,0.49,0.7145064098809812,0.1589663273296789,7644.782836997501
SWZ,Eswatini,2019,1.099,9177836965.0,1179885.0,6.899,0.932,0.12,5847.509,0.003,39.531,,,,,,,,,0.45,0.49,0.7517021740862881,0.15929844905058704,7778.586018976425
SWZ,Eswatini,2020,0.989,9034694873.0,1192734.0,6.843,0.829,0.109,5737.607,0.003,40.52,,,,,,,,,0.47,0.49,0.7574135149212582,0.1445272541283063,7574.777672976539
SWZ,Eswatini,2021,0.989,9746927305.0,1206598.0,6.66,0.82,0.101,5519.331,0.003,41.509,,,,,,,,,0.49,0.51,0.6832922614066834,0.1484984984984985,8078.023753561667
SWZ,Eswatini,2022,1.028,9594910875.0,1218921.0,6.247,0.844,0.107,5125.024,0.003,42.538,,,,,,,,,0.53,0.55,0.6510743123499831,0.16455898831439092,7871.642932560847
ETH,Ethiopia,1990,2.987,45030920800.0,47609760.0,13.248,0.063,0.066,278.254,0.013,48.681,,,,,,,,,,,0.2941978481594807,0.2254679951690821,945.8338122267367
ETH,Ethiopia,1991,2.958,41447817951.0,49717203.0,11.16,0.06,0.071,224.466,0.013,51.64,,,,,,,,,,,0.26925422257918274,0.26505376344086023,833.6715553165773
ETH,Ethiopia,1992,2.937,37455354506.0,51853756.0,15.762,0.057,0.078,303.965,0.013,54.576,,,,,,,,,,,0.42082100697979175,0.18633422154548915,722.3267395711894
ETH,Ethiopia,1993,2.994,37874279529.0,53708892.0,14.742,0.056,0.079,274.483,0.013,57.57,,,,,,,,,,,0.3892351269338914,0.20309320309320308,705.177078108407
ETH,Ethiopia,1994,2.197,40711848289.0,55611514.0,10.226,0.04,0.054,183.879,0.01,59.767,,,,,,,,,,,0.25117994956674516,0.21484451398396245,732.0758843033836
ETH,Ethiopia,1995,2.506,42631100913.0,57537340.0,11.02,0.044,0.059,191.527,0.011,62.273,,,,,,,,,,,0.25849672572353255,0.22740471869328494,740.92929761786
ETH,Ethiopia,1996,2.794,46130264957.0,59467640.0,8.618,0.047,0.061,144.92,0.012,65.067,,,,,,,,,,,0.18681878389454748,0.32420515200742633,775.7204583366685
ETH,Ethiopia,1997,2.98,49275077370.0,61404541.0,8.654,0.049,0.06,140.928,0.012,68.047,,,,,,,,,,,0.1756263097268882,0.3443494337878438,802.4663415365322
ETH,Ethiopia,1998,3.147,48734081758.0,63363523.0,12.113,0.05,0.065,191.173,0.013,71.195,,,,,,,,,,,0.24855295438108005,0.25980351688268805,769.1188786646222
ETH,Ethiopia,1999,3.094,48438288398.0,65374561.0,14.9,0.047,0.064,227.92,0.012,74.289,,,,,,,,,,,0.30760789641392894,0.2076510067114094,740.9348171072231
ETH,Ethiopia,2000,3.463,50326965912.0,67411496.0,16.043,0.051,0.069,237.98,0.014,77.752,,,,,,,,,1.67,1.69,0.31877542604201964,0.21585738328242848,746.5635521870038
ETH,Ethiopia,2001,4.265,52434129516.0,69487767.0,17.023,0.061,0.081,244.971,0.017,82.017,,,,,,,,,2.02,2.04,0.3246549557918287,0.25054338248252367,754.5807237696961
ETH,Ethiopia,2002,4.432,54501781462.0,71635521.0,17.624,0.062,0.081,246.018,0.017,86.448,,,,,,,,,2.04,2.06,0.3233655768167485,0.2514752610077168,760.8206194521849
ETH,Ethiopia,2003,4.87,53892038989.0,73832664.0,18.929,0.066,0.09,256.372,0.018,91.318,,,,,,,,,2.31,2.33,0.3512392619597049,0.25727719372391566,729.9213663616417
ETH,Ethiopia,2004,5.159,55845384136.0,76077211.0,20.149,0.068,0.092,264.853,0.018,96.477,,,,,,,,,2.55,2.57,0.36079973863070286,0.25604248349794034,734.0619273753346
ETH,Ethiopia,2005,4.956,61634778962.0,78367476.0,23.296,0.063,0.08,297.265,0.017,101.433,,,,,,,,,2.87,2.88,0.3779684196541501,0.2127403846153846,786.4841654719108
ETH,Ethiopia,2006,5.318,67217118145.0,80703495.0,25.334,0.066,0.079,313.911,0.017,106.751,,,,,,,,,3.29,3.31,0.3768980387607482,0.20991552853872267,832.8898041528437
ETH,Ethiopia,2007,5.84,73421784125.0,83103218.0,28.48,0.07,0.08,342.712,0.019,112.591,,,,,,,,,3.39,3.43,0.38789577697421557,0.2050561797752809,883.5010952885121
ETH,Ethiopia,2008,6.418,79756503135.0,85543670.0,30.282,0.075,0.08,353.999,0.02,119.009,,,,,,,,,3.32,3.33,0.3796806380633704,0.21194108711445744,932.348391587595
ETH,Ethiopia,2009,6.453,86391027022.0,88007641.0,31.171,0.073,0.075,354.188,0.02,125.462,,,,,,,,,3.56,3.62,0.3608129347977553,0.2070193449039171,981.6309815871556
ETH,Ethiopia,2010,6.344,94148625646.0,90538518.0,32.676,0.07,0.067,360.906,0.019,131.806,,,,,,,,,4.96,5.01,0.3470682633526927,0.19414861060105273,1039.8737214364387
ETH,Ethiopia,2011,7.355,104948629242.0,93149977.0,35.695,0.079,0.07,383.195,0.021,139.161,,,,,,,,,6.29,6.34,0.3401187824730064,0.20605126768454965,1126.66296462961
ETH,Ethiopia,2012,7.988,116345224724.0,95798771.0,39.174,0.083,0.069,408.92,0.023,147.149,,,,,,,,,7.55,7.57,0.3367048376324042,0.20391075713483434,1214.4751285379225
ETH,Ethiopia,2013,9.744,128310309167.0,98438752.0,45.918,0.099,0.076,466.467,0.028,156.893,,,,,,,,,8.66,8.67,0.35786680195927395,0.21220436430158107,1303.4532291408977
ETH,Ethiopia,2014,11.543,141950543442.0,101115615.0,52.719,0.114,0.081,521.377,0.033,168.436,,,,,,,,,9.47,9.47,0.371389913146339,0.21895331853790853,1403.8439408394045
ETH,Ethiopia,2015,12.564,157107146471.0,103867140.0,55.387,0.121,0.08,533.245,0.035,181.0,,,,,,,,,10.39,10.39,0.3525428425385076,0.2268402332677343,1512.5779574849178
ETH,Ethiopia,2016,14.323,173708917362.0,106718163.0,63.782,0.134,0.082,597.668,0.04,195.323,,,,,,,,,12.47,12.47,0.36717746543248414,0.22456178859239284,1627.7352652893771
ETH,Ethiopia,2017,14.603,190761659136.0,109666482.0,63.728,0.133,0.077,581.11,0.041,209.926,,,,,,,,,13.12,13.12,0.3340713238112817,0.22914574441375848,1739.470945516425
ETH,Ethiopia,2018,16.117,206205566995.0,112664157.0,69.216,0.143,0.078,614.354,0.044,226.043,,,,,,,,,14.23,14.23,0.33566504051599305,0.23285078594544614,1830.2676954747906
ETH,Ethiopia,2019,17.177,221885291686.0,115737384.0,79.654,0.148,0.077,688.232,0.046,243.22,,,,,,,,,15.3,15.31,0.35898729201357793,0.21564516534009592,1917.1445216525717
ETH,Ethiopia,2020,16.735,237860193068.0,118917670.0,68.735,0.141,0.07,578.009,0.048,259.955,,,,,,,,,15.61,15.62,0.28897227027958344,0.2434713028297083,2000.2089939030927
ETH,Ethiopia,2021,17.906,251849804145.0,122138588.0,77.741,0.147,0.071,636.5,0.049,277.861,,,,,,,,,15.78,15.78,0.3086800097539143,0.23032891267156327,2062.000292200856
ETH,Ethiopia,2022,16.96,269977225159.0,125384285.0,81.665,0.135,0.063,651.318,0.045,294.821,,,,,,,,,17.41,17.41,0.30248847824813496,0.20767770770832059,2153.198266904022
FIN,Finland,1990,56.921,134055215099.0,4986576.0,323.249,11.415,0.425,64823.824,0.25,1492.252,14.47,68.839,0.0,0.0,19.164,7.883,41.792,31.161,16.02,54.36,2.411312381702421,0.1760902585932207,26883.219086403176
FIN,Finland,1991,55.195,126220143051.0,5013889.0,330.758,11.008,0.437,65968.336,0.238,1547.447,15.994,67.427,0.0,0.0,18.725,8.128,40.573,32.573,18.2,57.96,2.620485066843533,0.1668742706147697,25174.099995233242
FIN,Finland,1992,54.272,122116750127.0,5042145.0,329.675,10.764,0.444,65383.906,0.241,1601.719,17.648,65.915,0.001,0.002,17.117,8.477,40.322,34.085,20.06,57.7,2.6996705993006023,0.16462273451126108,24219.206335200593
FIN,Finland,1993,56.32,121309307835.0,5066594.0,332.511,11.116,0.464,65628.07,0.248,1658.039,17.067,66.082,0.001,0.003,19.388,8.679,38.016,33.918,19.44,61.06,2.741018030143804,0.16937785516870119,23942.969938976756
FIN,Finland,1994,61.739,126178680040.0,5088454.0,349.031,12.133,0.489,68592.805,0.269,1719.778,15.338,69.035,0.001,0.006,22.459,9.113,37.462,30.965,18.27,65.62,2.7661646158396445,0.1768868667826067,24797.056245374333
FIN,Finland,1995,58.122,131586003036.0,5107919.0,332.74,11.379,0.442,65141.914,0.247,1777.9,17.208,66.559,0.001,0.009,20.863,9.938,35.757,33.441,19.55,64.0,2.528688403955603,0.17467692492636894,25761.17652531295
FIN,Finland,1996,64.04,136506127418.0,5124715.0,347.479,12.496,0.469,67804.508,0.264,1841.94,14.945,69.318,0.001,0.009,23.778,9.945,35.596,30.682,17.76,69.31,2.5455194325158232,0.18429890727209416,26636.823202461015
FIN,Finland,1997,62.703,145148158927.0,5139927.0,352.381,12.199,0.432,68557.547,0.257,1904.643,16.853,66.489,0.001,0.014,22.224,9.655,34.61,33.511,20.15,69.11,2.427733170058495,0.17794092189987543,28239.342490078165
FIN,Finland,1998,59.358,153138899026.0,5153545.0,364.244,11.518,0.388,70678.422,0.244,1964.001,19.755,63.365,0.001,0.018,17.669,10.716,34.98,36.635,24.4,70.11,2.3785204302543566,0.16296219018020888,29715.25406802502
FIN,Finland,1999,58.874,160063696383.0,5165516.0,357.149,11.398,0.368,69141.047,0.237,2022.875,17.504,64.413,0.001,0.039,17.445,10.932,36.037,35.587,21.19,69.42,2.231292966928708,0.16484436467692756,30986.971366074562
FIN,Finland,2000,57.017,169209765102.0,5176197.0,359.11,11.015,0.337,69377.148,0.223,2079.893,19.163,63.226,0.001,0.061,16.451,11.116,35.659,36.774,23.38,69.97,2.12227704342907,0.1587730778869984,32689.977816145714
FIN,Finland,2001,62.52,173703951475.0,5187970.0,366.894,12.051,0.36,70720.078,0.243,2142.412,17.238,65.418,0.001,0.053,19.434,11.789,34.196,34.582,21.54,74.45,2.1121799296131987,0.1704034407758099,33482.065523701945
FIN,Finland,2002,65.049,176751491921.0,5200548.0,368.768,12.508,0.368,70909.469,0.248,2207.461,15.842,67.417,0.001,0.048,20.992,11.637,34.787,32.583,19.83,74.92,2.086364284635418,0.1763954573064908,33987.08980688189
FIN,Finland,2003,72.658,180408462125.0,5212958.0,394.928,13.938,0.403,75758.852,0.263,2280.12,14.248,69.923,0.001,0.065,24.431,12.012,33.48,30.077,19.06,84.28,2.189076916615837,0.18397783899850098,34607.695309457704
FIN,Finland,2004,68.946,187633923914.0,5228147.0,393.254,13.187,0.367,75218.609,0.241,2349.065,18.999,65.163,0.002,0.084,22.095,11.649,31.419,34.837,25.63,85.84,2.095857677528738,0.17532180219400184,35889.18290055731
FIN,Finland,2005,57.064,192990732516.0,5246078.0,357.548,10.877,0.296,68155.234,0.193,2406.129,19.045,63.238,0.002,0.129,15.625,11.734,35.878,36.762,23.46,70.56,1.8526692724499467,0.15959815185653395,36787.62163200776
FIN,Finland,2006,68.374,200966858669.0,5266248.0,383.512,12.983,0.34,72824.57,0.223,2474.503,17.117,66.744,0.002,0.11,22.703,11.668,32.373,33.256,22.46,82.29,1.908334550980163,0.17828386073969002,38161.297885895234
FIN,Finland,2007,66.764,211541390078.0,5288715.0,382.192,12.624,0.316,72265.656,0.212,2541.267,18.351,65.162,0.003,0.133,21.531,10.84,32.791,34.838,24.32,81.17,1.8067008062066594,0.17468706827981745,39998.636734632135
FIN,Finland,2008,58.625,213226105706.0,5313379.0,368.496,11.033,0.275,69352.391,0.183,2599.893,21.795,61.54,0.003,0.189,17.069,11.522,32.949,38.46,27.77,77.35,1.7281936411111354,0.1590926360123312,40130.03885211275
FIN,Finland,2009,55.921,195739132370.0,5338854.0,341.288,10.474,0.286,63925.277,0.177,2655.813,18.615,63.074,0.003,0.215,18.531,11.085,33.459,36.926,21.7,72.06,1.743585944556417,0.16385281638967675,36663.13639031897
FIN,Finland,2010,64.092,201746033638.0,5363347.0,371.291,11.95,0.318,69227.406,0.192,2719.906,19.122,64.696,0.003,0.209,21.509,11.255,31.932,35.304,24.18,80.64,1.8403881023317687,0.17261932015588852,37615.6966233958
FIN,Finland,2011,56.646,207084301562.0,5388236.0,349.923,10.513,0.274,64942.016,0.164,2776.552,20.478,62.145,0.004,0.361,18.548,10.449,33.148,37.855,24.18,73.5,1.6897611135204027,0.16188132817791342,38432.67101923524
FIN,Finland,2012,51.154,204190196792.0,5413978.0,340.459,9.449,0.251,62885.137,0.146,2827.705,24.392,57.955,0.004,0.38,15.644,9.518,32.793,42.045,28.56,70.41,1.6673621229074544,0.15025010353669604,37715.37246586521
FIN,Finland,2013,51.719,202349011206.0,5439057.0,341.801,9.509,0.256,62841.867,0.147,2879.425,22.15,59.954,0.005,0.587,17.205,8.806,33.942,40.046,25.63,71.26,1.689165654741114,0.15131319100880336,37202.958381572396
FIN,Finland,2014,47.622,201610622550.0,5461686.0,329.823,8.719,0.236,60388.477,0.134,2927.046,24.195,57.363,0.006,0.866,15.991,8.163,33.21,42.637,26.28,68.1,1.6359405860085718,0.14438653459582867,36913.62384252775
FIN,Finland,2015,44.192,202706706722.0,5479719.0,328.893,8.065,0.218,60020.109,0.125,2971.238,27.515,54.312,0.009,1.82,13.713,7.065,33.534,45.688,30.53,68.61,1.6225067503615302,0.13436588799396765,36992.17181063481
FIN,Finland,2016,47.252,208405735062.0,5495468.0,334.083,8.598,0.227,60792.52,0.134,3018.49,25.935,56.339,0.017,2.344,15.482,6.104,34.752,43.661,30.41,68.75,1.6030412977867976,0.14143790614907073,37923.20054670503
FIN,Finland,2017,44.657,215058877437.0,5508398.0,327.216,8.107,0.208,59403.098,0.124,3063.147,27.99,54.561,0.038,3.722,14.484,5.69,34.387,45.439,31.47,67.52,1.5215182181719313,0.1364756002151484,39042.00049397302
FIN,Finland,2018,45.736,217509947213.0,5515730.0,333.841,8.292,0.21,60525.258,0.125,3108.884,27.99,54.764,0.068,4.418,14.868,6.391,33.504,45.236,32.14,70.23,1.5348309549865369,0.1369993499899653,39434.480515362426
FIN,Finland,2019,42.444,220173891564.0,5521754.0,326.992,7.687,0.193,59218.777,0.114,3151.327,28.591,53.049,0.113,4.634,12.755,6.323,33.972,46.951,31.88,68.61,1.485153383433522,0.12980134070558302,39873.90448107612
FIN,Finland,2020,37.72,214988893865.0,5529616.0,313.95,6.821,0.175,56776.078,0.107,3189.048,32.588,48.75,0.175,6.615,10.199,6.723,31.827,51.25,35.93,69.24,1.4603079924544455,0.12014652014652015,38879.53410598494
FIN,Finland,2021,37.82,221538476826.0,5541069.0,320.577,6.825,0.171,57854.73,0.103,3226.867,35.036,46.498,0.233,6.657,10.796,6.582,29.12,53.502,38.18,72.11,1.447048858477918,0.11797477673070744,39981.179953904204
FIN,Finland,2022,36.337,226154847456.0,5569300.0,320.232,6.525,0.161,57499.422,0.097,3263.204,34.897,45.3,0.307,9.397,10.582,3.393,31.325,54.7,38.66,72.17,1.415985567421027,0.11347085862749506,40607.409810209545
FRA,France,1990,394.904,1636207672000.0,56990239.0,2649.823,6.929,0.241,46496.09,1.737,27559.609,5.936,60.78,0.0,0.0,8.79,11.55,40.44,39.22,54.62,416.04,1.6194906339493071,0.14903033145987488,28710.314269782233
FRA,France,1991,419.119,1654070164992.0,57271564.0,2834.176,7.318,0.253,49486.617,1.806,27978.729,5.941,61.234,0.0,0.0,8.711,11.829,40.694,38.766,58.43,450.34,1.7134557287741827,0.14788037157889983,28881.176791190825
FRA,France,1992,408.433,1681416991070.0,57554867.0,2857.941,7.096,0.243,49655.938,1.814,28387.162,7.019,59.705,0.0,0.0,7.653,11.716,40.337,40.295,69.62,458.54,1.699721731836014,0.14291162763681967,29214.158223491333
FRA,France,1993,388.89,1671995828699.0,57801261.0,2853.888,6.728,0.233,49374.152,1.709,28776.051,6.624,57.11,0.0,0.0,6.041,12.004,39.065,42.89,65.27,468.07,1.7068750717043621,0.1362667350645856,28926.63239127257
FRA,France,1994,381.903,1712086429935.0,57999868.0,2824.76,6.585,0.223,48702.859,1.662,29157.955,8.129,56.017,0.0,0.0,6.055,11.587,38.375,43.983,79.19,472.84,1.6498933410197305,0.1351983885356632,29518.798731317802
FRA,France,1995,386.959,1748659531786.0,58192207.0,2904.198,6.65,0.221,49906.992,1.645,29544.912,7.396,56.073,0.0,0.0,6.271,11.992,37.81,43.927,73.66,489.41,1.6608138675421775,0.13324125972127246,30049.720090286315
FRA,France,1996,403.352,1773843233893.0,58380638.0,3012.348,6.909,0.227,51598.414,1.664,29948.264,6.506,56.414,0.0,0.001,6.352,12.771,37.291,43.586,67.1,507.79,1.6982041831221415,0.13389953617576722,30384.101555947367
FRA,France,1997,396.023,1816394950229.0,58568662.0,2965.679,6.762,0.218,50635.941,1.624,30344.289,6.447,56.065,0.0,0.001,5.672,12.437,37.956,43.935,64.79,499.31,1.6327280581935693,0.13353535564705418,31013.08597811232
FRA,France,1998,414.357,1882050330390.0,58778817.0,3037.222,7.049,0.22,51672.051,1.705,30758.646,6.12,57.988,0.0,0.002,6.556,12.941,38.49,42.012,63.44,505.93,1.6137836225509572,0.1364263132559951,32019.1937580166
FRA,France,1999,413.07,1949849405155.0,59084209.0,3078.016,6.991,0.212,52095.41,1.663,31171.715,7.02,56.971,0.0,0.003,5.804,13.028,38.139,43.029,73.71,519.54,1.5785916552644321,0.13420008213082713,33001.193350240166
FRA,France,2000,407.445,2031676031476.0,59483716.0,3117.909,6.85,0.201,52416.18,1.597,31579.16,6.409,56.16,0.0,0.004,5.555,13.501,37.104,43.84,67.83,532.56,1.5346487095852868,0.1306789261649394,34155.16326310212
FRA,France,2001,411.592,2077786711965.0,59905131.0,3143.046,6.871,0.198,52467.066,1.602,31990.752,7.072,55.477,0.001,0.012,4.637,14.06,36.78,44.523,76.09,542.6,1.512689431451588,0.1309532218109439,34684.6201198525
FRA,France,2002,407.027,2107316572579.0,60327247.0,3118.919,6.747,0.193,51700.012,1.55,32397.779,5.879,55.284,0.001,0.024,5.017,14.149,36.117,44.716,62.69,551.24,1.4800429326017064,0.13050258759525335,34931.42282091871
FRA,France,2003,412.989,2130940712046.0,60741119.0,3153.042,6.799,0.194,51909.512,1.493,32810.77,5.675,55.765,0.001,0.034,5.256,14.671,35.838,44.235,61.47,559.13,1.4796479236499454,0.13098112870047401,35082.34203005052
FRA,France,2004,414.073,2196883540402.0,61175244.0,3180.13,6.769,0.188,51983.934,1.447,33224.84,5.684,55.689,0.001,0.051,5.015,14.847,35.827,44.311,62.42,566.3,1.447564216088614,0.1302063123205655,35911.31635538716
FRA,France,2005,416.343,2238790479440.0,61625031.0,3154.079,6.756,0.186,51181.785,1.407,33641.184,5.122,55.947,0.001,0.083,5.219,15.304,35.424,44.053,54.98,569.14,1.4088317012983482,0.13200144955151727,36329.23899770533
FRA,France,2006,406.669,2297018080700.0,62049831.0,3128.931,6.554,0.177,50426.094,1.329,34047.852,5.702,55.382,0.001,0.189,4.862,14.898,35.622,44.618,60.91,567.3,1.3621708188933717,0.12997058739869943,37018.92565509163
FRA,France,2007,396.461,2354672057875.0,62432438.0,3075.79,6.35,0.168,49265.891,1.259,34444.312,6.356,55.193,0.002,0.356,5.114,14.717,35.361,44.807,64.3,561.84,1.3062498404876732,0.1288972914275682,37715.52310475205
FRA,France,2008,389.794,2362451821701.0,62780187.0,3084.845,6.209,0.165,49137.234,1.216,34834.109,7.319,54.63,0.004,0.493,4.838,15.223,34.568,45.37,72.33,566.98,1.3057811260586327,0.1263577262390817,37630.531774316
FRA,France,2009,371.404,2295352990111.0,63106460.0,2908.91,5.885,0.162,46095.289,1.179,35205.512,7.409,55.186,0.016,0.722,4.473,15.558,35.154,44.814,68.15,528.87,1.267303988768773,0.1276780649796659,36372.71033917922
FRA,France,2010,377.079,2342490492199.0,63417366.0,3001.231,5.946,0.161,47325.062,1.132,35582.59,7.882,54.455,0.054,0.874,4.662,16.728,33.064,45.545,76.68,562.36,1.2812137381111037,0.12564144512701622,36937.68189929238
FRA,France,2011,355.127,2393401943613.0,63733776.0,2897.71,5.572,0.148,45465.84,1.03,35937.719,6.93,53.03,0.188,1.137,4.323,15.029,33.677,46.97,66.02,567.65,1.2107076321771986,0.12255436189266697,37553.11694717413
FRA,France,2012,358.1,2400896391731.0,64058465.0,2894.858,5.59,0.149,45190.879,1.024,36295.82,8.714,52.932,0.362,1.389,4.812,15.547,32.574,47.068,85.25,567.58,1.2057404934133218,0.123702095232305,37479.76776732006
FRA,France,2013,360.013,2414733629218.0,64387736.0,2925.053,5.591,0.149,45428.73,1.021,36655.832,9.857,52.58,0.42,1.453,5.065,15.649,31.866,47.42,99.43,576.75,1.2113356788538472,0.12307913736947672,37503.005684467615
FRA,France,2014,327.809,2437822780219.0,64692495.0,2797.782,5.067,0.134,43247.398,0.924,36983.641,9.885,49.861,0.545,1.623,3.886,13.74,32.236,50.139,94.03,566.31,1.1476560243434362,0.11716745622067766,37683.23945797731
FRA,France,2015,332.131,2464953810985.0,64916337.0,2823.427,5.116,0.135,43493.316,0.938,37315.773,9.568,50.689,0.66,1.979,3.671,14.625,32.394,49.311,91.84,574.14,1.145427953829185,0.11763399584972446,37971.23998208648
FRA,France,2016,335.496,2491956183265.0,65086853.0,2766.597,5.155,0.135,42506.238,0.948,37651.266,10.362,52.511,0.752,2.001,3.647,16.32,32.544,47.489,99.0,558.84,1.110210933313908,0.12126666804019523,38286.628841388294
FRA,France,2017,338.368,2549057506683.0,65284775.0,2756.229,5.183,0.133,42218.559,0.941,37989.637,9.803,53.594,0.836,2.3,4.008,16.453,33.134,46.406,91.91,555.74,1.0812737620763155,0.12276483557788558,39045.206277926205
FRA,France,2018,323.102,2596599107835.0,65519537.0,2790.429,4.931,0.124,42589.262,0.88,38312.738,11.513,51.165,0.933,2.63,3.641,15.564,31.96,48.835,113.85,576.24,1.0746476002322176,0.11578936428771347,39630.91356758214
FRA,France,2019,316.321,2644453795826.0,65729460.0,2731.347,4.812,0.12,41554.387,0.853,38629.059,11.754,51.566,1.071,3.246,2.95,16.216,32.4,48.434,112.9,565.52,1.0328586584916521,0.11581135608181604,40232.398011880825
FRA,France,2020,281.515,2438594133224.0,65905273.0,2444.265,4.272,0.115,37087.555,0.801,38910.574,13.972,49.74,1.304,4.158,2.325,16.856,30.558,50.26,125.03,527.25,1.0023254656027991,0.11517368206802454,37001.502644924934
FRA,France,2021,307.272,2604822841790.0,66083547.0,2597.561,4.65,0.118,39307.219,0.833,39217.848,12.914,50.611,1.431,3.604,2.932,16.802,30.877,49.389,122.1,550.31,0.9972121552093693,0.11829250593152577,39417.116060522596
FRA,France,2022,295.304,2671568767031.0,66277412.0,2306.192,4.456,0.111,34796.047,0.787,39513.148,13.726,54.471,2.066,4.193,2.828,16.972,34.671,45.529,113.37,468.45,0.8632351255412172,0.12804831514461937,40308.88784599797
GAB,Gabon,1990,4.485,7172590144.0,983740.0,11.214,4.559,0.625,11399.191,0.02,116.967,,,,,,,,,,,1.563451943421124,0.3999464954521134,7291.144147843943
GAB,Gabon,1991,4.522,7974667240.0,1010821.0,11.558,4.473,0.567,11434.392,0.019,121.489,,,,,,,,,,,1.4493394711225593,0.3912441598892542,7889.297155480545
GAB,Gabon,1992,4.917,7946205803.0,1038386.0,11.917,4.735,0.619,11476.847,0.022,126.405,,,,,,,,,,,1.4997094582550168,0.4126038432491399,7652.458529872321
GAB,Gabon,1993,4.975,8684711681.0,1066404.0,11.228,4.665,0.573,10528.746,0.022,131.38,,,,,,,,,,,1.2928466035969952,0.44308870680441753,8143.922641888065
GAB,Gabon,1994,4.542,9485805468.0,1094724.0,11.489,4.149,0.479,10494.637,0.02,135.922,,,,,,,,,,,1.211178116477056,0.39533466794325006,8665.02010369737
GAB,Gabon,1995,5.22,10240919781.0,1123212.0,10.582,4.648,0.51,9420.98,0.022,141.142,,,,,,,,,,,1.0333056235469011,0.4932904932904933,9117.530600634609
GAB,Gabon,1996,5.886,11022743781.0,1152018.0,11.136,5.109,0.534,9666.835,0.024,147.028,,,,,,,,,,,1.0102747756139647,0.5285560344827587,9568.204473367603
GAB,Gabon,1997,5.527,12164042989.0,1181445.0,11.715,4.678,0.454,9915.773,0.023,152.555,,,,,,,,,,,0.9630843964127658,0.4717883055911225,10295.902889258492
GAB,Gabon,1998,6.453,13062140404.0,1211744.0,11.401,5.325,0.494,9408.873,0.027,159.008,,,,,,,,,,,0.8728278557248311,0.5660029821945444,10779.620451184408
GAB,Gabon,1999,6.014,12170660106.0,1243023.0,13.369,4.838,0.494,10754.983,0.024,165.022,,,,,,,,,,,1.0984613721493406,0.44984666018400776,9791.178526865553
GAB,Gabon,2000,6.128,12538030035.0,1275578.0,9.896,4.804,0.489,7757.792,0.024,171.15,,,,,,,,,0.81,1.31,0.7892786962844438,0.6192400970088925,9829.293100853103
GAB,Gabon,2001,6.48,13408080502.0,1309594.0,10.622,4.948,0.483,8111.225,0.025,177.63,,,,,,,,,0.88,1.4,0.7922088473749529,0.6100546036527961,10238.349062381165
GAB,Gabon,2002,6.25,13745891364.0,1345142.0,10.577,4.647,0.455,7863.207,0.024,183.88,,,,,,,,,0.92,1.47,0.7694662877738716,0.5909047934196843,10218.914704915913
GAB,Gabon,2003,6.746,14717147740.0,1382354.0,10.3,4.88,0.458,7451.31,0.024,190.626,,,,,,,,,0.9,1.53,0.6998638718564634,0.6549514563106796,10646.43914655725
GAB,Gabon,2004,6.386,15597639635.0,1421620.0,10.572,4.492,0.409,7436.644,0.022,197.013,,,,,,,,,0.89,1.53,0.6777948617480032,0.6040484298146046,10971.73621291203
GAB,Gabon,2005,6.223,16662264363.0,1463503.0,11.598,4.252,0.373,7924.967,0.021,203.236,,,,,,,,,0.81,1.57,0.6960638570682123,0.5365580272460769,11385.193172135623
GAB,Gabon,2006,5.543,17083887620.0,1508338.0,11.703,3.675,0.324,7758.772,0.018,208.778,,,,,,,,,0.95,1.66,0.6850314319733274,0.4736392378022729,11326.29929100772
GAB,Gabon,2007,5.038,19294943982.0,1556242.0,11.899,3.237,0.261,7646.167,0.016,213.816,,,,,,,,,0.8,1.73,0.6166900516062872,0.42339692411126983,12398.421313651734
GAB,Gabon,2008,5.379,19821156608.0,1607182.0,12.006,3.347,0.271,7469.989,0.017,219.195,,,,,,,,,0.89,1.81,0.6057164189477353,0.44802598700649676,12332.863737896518
GAB,Gabon,2009,5.304,21001791917.0,1661567.0,11.788,3.192,0.253,7094.377,0.017,224.499,,,,,,,,,0.95,1.83,0.5612854391942693,0.4499491007804547,12639.75025803955
GAB,Gabon,2010,5.528,23885406357.0,1719883.0,14.095,3.214,0.231,8195.28,0.017,230.028,,,,,,,,,0.91,1.93,0.5901092821838987,0.39219581411848176,13887.808855020952
GAB,Gabon,2011,5.447,27165828850.0,1781987.0,14.597,3.057,0.201,8191.303,0.016,235.474,,,,,,,,,0.84,2.03,0.537329454610033,0.3731588682606015,15244.684080186893
GAB,Gabon,2012,5.016,28592310064.0,1846893.0,18.603,2.716,0.175,10072.727,0.014,240.491,,,,,,,,,0.91,2.16,0.6506294859827595,0.2696339300112885,15481.30295799486
GAB,Gabon,2013,5.19,30169739768.0,1913061.0,18.762,2.713,0.172,9807.213,0.015,245.681,,,,,,,,,0.94,2.09,0.6218813998488713,0.27662296130476494,15770.401345278588
GAB,Gabon,2014,5.663,31507773384.0,1978400.0,19.923,2.863,0.18,10070.404,0.016,251.344,,,,,,,,,0.8,1.99,0.6323201502432134,0.2842443407117402,15925.886263647391
GAB,Gabon,2015,5.772,32729961516.0,2040990.0,18.928,2.828,0.176,9274.061,0.016,257.117,,,,,,,,,0.92,2.12,0.578308043251046,0.30494505494505497,16036.316452309908
GAB,Gabon,2016,5.613,33414337569.0,2100310.0,18.587,2.672,0.168,8849.8,0.016,262.73,,,,,,,,,0.83,2.19,0.5562582218372033,0.3019852585140152,15909.240811594478
GAB,Gabon,2017,5.501,33572391290.0,2156902.0,19.956,2.55,0.164,9252.113,0.015,268.23,,,,,,,,,0.94,2.24,0.5944169966213926,0.2756564441771898,15565.098131486735
GAB,Gabon,2018,5.563,33855404131.0,2212320.0,16.669,2.515,0.164,7534.455,0.015,273.793,,,,,,,,,1.31,2.78,0.49235861830214817,0.33373327734117225,15303.122573135894
GAB,Gabon,2019,5.607,35180839675.0,2267711.0,16.468,2.473,0.159,7261.892,0.015,279.401,,,,,,,,,1.32,2.84,0.4680957064166491,0.3404785037648773,15513.810919909989
GAB,Gabon,2020,5.636,34525072669.0,2322538.0,15.931,2.427,0.163,6859.322,0.016,285.037,,,,,,,,,1.43,2.93,0.46143277242988734,0.3537756575230682,14865.234785824818
GAB,Gabon,2021,5.545,35037430976.0,2376729.0,15.603,2.333,0.158,6564.767,0.015,290.582,,,,,,,,,1.38,2.96,0.44532374564470123,0.35538037556880087,14741.870434534185
GAB,Gabon,2022,5.783,36035291983.0,2430750.0,16.637,2.379,0.16,6844.557,0.015,296.365,,,,,,,,,1.53,3.19,0.4616862826544785,0.3475987257318026,14824.762720559498
GMB,Gambia,1990,0.198,1331400000.0,1054703.0,0.788,0.188,0.149,746.804,0.001,3.243,,,,,,,,,,,0.5918581943818537,0.2512690355329949,1262.345892635178
GMB,Gambia,1991,0.198,1378188611.0,1099960.0,0.784,0.18,0.144,712.693,0.001,3.44,,,,,,,,,,,0.5688626315313529,0.25255102040816324,1252.9442988835958
GMB,Gambia,1992,0.198,1438713178.0,1145583.0,0.786,0.173,0.138,686.155,0.001,3.638,,,,,,,,,,,0.5463215406789025,0.25190839694656486,1255.8786032963128
GMB,Gambia,1993,0.209,1492281313.0,1188372.0,0.846,0.176,0.14,712.104,0.001,3.847,,,,,,,,,,,0.566917237809035,0.2470449172576832,1255.735841133921
GMB,Gambia,1994,0.209,1506439238.0,1227233.0,0.975,0.17,0.139,794.766,0.001,4.056,,,,,,,,,,,0.6472215907589098,0.21435897435897436,1227.5087436534056
GMB,Gambia,1995,0.216,1529318604.0,1264320.0,0.902,0.171,0.141,713.772,0.001,4.272,,,,,,,,,,,0.5898051574346767,0.2394678492239468,1209.59773158694
GMB,Gambia,1996,0.22,1606890442.0,1301421.0,0.905,0.169,0.137,695.298,0.001,4.492,,,,,,,,,,,0.5631995662838102,0.2430939226519337,1234.7199269106616
GMB,Gambia,1997,0.224,1625140474.0,1338898.0,0.902,0.167,0.138,674.014,0.001,4.716,,,,,,,,,,,0.5550289433010577,0.24833702882483372,1213.7896045852633
GMB,Gambia,1998,0.242,1698553130.0,1376994.0,0.963,0.176,0.142,699.414,0.001,4.957,,,,,,,,,,,0.5669531220374602,0.2512980269989616,1233.522535319689
GMB,Gambia,1999,0.275,1829034023.0,1415786.0,0.963,0.194,0.15,680.253,0.001,5.232,,,,,,,,,,,0.5265074284514827,0.28556593977154726,1291.8859368576889
GMB,Gambia,2000,0.275,1955249650.0,1455095.0,1.266,0.189,0.141,869.776,0.001,5.507,,,,,,,,,0.0,0.13,0.6474876494671665,0.21721958925750395,1343.7264577226917
GMB,Gambia,2001,0.3,2082662873.0,1495023.0,1.379,0.201,0.144,922.146,0.001,5.807,,,,,,,,,0.0,0.15,0.6621330883061265,0.21754894851341552,1393.0641020238484
GMB,Gambia,2002,0.3,2108436308.0,1535700.0,1.373,0.196,0.142,893.924,0.001,6.108,,,,,,,,,0.0,0.15,0.651193491020076,0.21849963583394028,1372.9480419352737
GMB,Gambia,2003,0.3,2172586623.0,1577619.0,1.373,0.19,0.138,870.171,0.001,6.408,,,,,,,,,0.0,0.17,0.6319655959697033,0.21849963583394028,1377.1301074594055
GMB,Gambia,2004,0.319,2391385185.0,1621309.0,1.449,0.197,0.133,893.532,0.001,6.727,,,,,,,,,0.0,0.19,0.6059249714721303,0.22015182884748102,1474.9718807457432
GMB,Gambia,2005,0.319,2386414713.0,1667035.0,1.462,0.191,0.134,876.984,0.001,7.046,,,,,,,,,0.0,0.2,0.6126345064987034,0.21819425444596444,1431.532459126533
GMB,Gambia,2006,0.348,2432257588.0,1715285.0,1.589,0.203,0.143,926.245,0.001,7.394,,,,,,,,,0.0,0.22,0.6533025152597448,0.21900566393958465,1417.9903561215774
GMB,Gambia,2007,0.348,2539291281.0,1765778.0,1.646,0.197,0.137,932.294,0.001,7.742,,,,,,,,,0.0,0.23,0.6482123623689944,0.21142162818955043,1438.0580576946818
GMB,Gambia,2008,0.363,2704420689.0,1817859.0,1.71,0.2,0.134,940.83,0.001,8.105,,,,,,,,,0.0,0.24,0.6322980766103731,0.21228070175438596,1487.6955192894497
GMB,Gambia,2009,0.374,2899496318.0,1871428.0,1.836,0.2,0.129,980.968,0.001,8.478,,,,,,,,,0.0,0.24,0.6332134269673524,0.2037037037037037,1549.3496506411147
GMB,Gambia,2010,0.432,3111135545.0,1926634.0,2.003,0.224,0.139,1039.405,0.001,8.911,,,,,,,,,0.0,0.25,0.6438163721985954,0.21567648527209185,1614.8036134522697
GMB,Gambia,2011,0.443,3000862000.0,1983785.0,2.105,0.223,0.148,1061.075,0.001,9.354,,,,,,,,,0.0,0.25,0.7014651123577159,0.21045130641330168,1512.6951761405596
GMB,Gambia,2012,0.451,3174000000.0,2043097.0,2.053,0.221,0.142,1004.844,0.001,9.805,,,,,,,,,0.0,0.25,0.646817895400126,0.2196785192401364,1553.5238904467092
GMB,Gambia,2013,0.429,3327261000.0,2103825.0,2.043,0.204,0.129,971.193,0.001,10.234,,,,,,,,,0.0,0.25,0.6140185576063917,0.20998531571218793,1581.529357242166
GMB,Gambia,2014,0.506,3357018000.0,2164535.0,2.26,0.234,0.151,1043.89,0.001,10.739,,,,,,,,,0.0,0.25,0.6732165272870149,0.22389380530973452,1550.9187885619774
GMB,Gambia,2015,0.583,3514848000.0,2224530.0,2.313,0.262,0.166,1039.677,0.002,11.322,,,,,,,,,0.0,0.28,0.6580654412367192,0.2520536100302637,1580.040727704279
GMB,Gambia,2016,0.59,3558432648.0,2283775.0,2.332,0.258,0.166,1020.919,0.002,11.912,,,,,,,,,0.0,0.3,0.6553447066957103,0.25300171526586623,1558.136264737113
GMB,Gambia,2017,0.597,3704517995.0,2342191.0,2.372,0.255,0.161,1012.601,0.002,12.509,,,,,,,,,0.0,0.31,0.6402992246768665,0.25168634064080947,1581.6464135503893
GMB,Gambia,2018,0.649,3947001965.0,2399633.0,1.932,0.27,0.164,805.15,0.002,13.157,,,,,,,,,0.0,0.39,0.4894854416420337,0.3359213250517598,1644.835674871949
GMB,Gambia,2019,0.711,4192588256.0,2456847.0,1.977,0.289,0.17,804.548,0.002,13.868,,,,,,,,,0.0,0.46,0.471546424138054,0.3596358118361153,1706.4913916088385
GMB,Gambia,2020,0.7,4217390293.0,2515744.0,1.779,0.278,0.166,707.116,0.002,14.568,,,,,,,,,0.0,0.48,0.42182484342337817,0.3934794828555368,1676.3988279411578
GMB,Gambia,2021,0.725,4439051582.0,2576015.0,2.04,0.282,0.163,792.09,0.002,15.294,,,,,,,,,0.0,0.5,0.4595576244871849,0.3553921568627451,1723.2242754797624
GMB,Gambia,2022,0.808,4656793663.0,2636472.0,2.1,0.306,0.174,796.343,0.002,16.102,,,,,,,,,0.0,0.51,0.4509540580862107,0.38476190476190475,1766.29740918925
GEO,Georgia,1990,14.85,65874153359.0,5448865.0,,2.725,0.225,,0.065,402.005,,,,,,,,,,,,,12089.518341709696
GEO,Georgia,1991,14.602,51732418013.0,5379509.0,,2.714,0.282,,0.063,416.607,,,,,,,,,,,,,9616.568726439533
GEO,Georgia,1992,14.127,28371171916.0,5294186.0,81.125,2.668,0.498,15323.368,0.063,430.734,,,,,,,,,,,2.8594166021830536,0.1741386748844376,5358.929949948869
GEO,Georgia,1993,9.884,19963504254.0,5178784.0,44.932,1.909,0.495,8676.13,0.043,440.617,,,,,,,,,,,2.2507070616621414,0.219976853912579,3854.863275626093
GEO,Georgia,1994,5.897,17806249680.0,5046267.0,31.252,1.169,0.331,6193.08,0.026,446.515,,,,,,,,,,,1.7551141066556133,0.18869192371688212,3528.59840353275
GEO,Georgia,1995,2.266,18187119363.0,4925742.0,33.84,0.46,0.125,6870.065,0.01,448.78,,,,,,,,,,,1.8606574974618757,0.06696217494089834,3692.2598388222527
GEO,Georgia,1996,4.046,19998469132.0,4812774.0,34.473,0.841,0.202,7162.753,0.017,452.826,,,,,,,,,,,1.7237819441308624,0.1173672149218229,4155.289471726701
GEO,Georgia,1997,4.412,22010932129.0,4695359.0,36.001,0.94,0.2,7667.284,0.018,457.238,,,,,,,,,,,1.6355963386288264,0.12255215132912975,4687.806007804728
GEO,Georgia,1998,4.864,22536773053.0,4576447.0,35.993,1.063,0.216,7864.9,0.02,462.102,,,,,,,,,,,1.5970786906960828,0.1351373878254105,4924.513067233162
GEO,Georgia,1999,4.246,23091342082.0,4455581.0,34.347,0.953,0.184,7708.78,0.017,466.347,,,,,,,,,,,1.4874406120713932,0.12362069467493522,5182.565883551438
GEO,Georgia,2000,4.497,23550477143.0,4328361.0,28.652,1.039,0.191,6619.589,0.018,470.845,,,,,,,,,5.8,7.36,1.216620785473824,0.15695239424822002,5440.9687969649485
GEO,Georgia,2001,3.723,24543619701.0,4209641.0,26.004,0.884,0.152,6177.133,0.014,474.568,,,,,,,,,5.49,6.88,1.0595014230496937,0.1431702814951546,5830.335579922374
GEO,Georgia,2002,3.347,25794086372.0,4127854.0,30.491,0.811,0.13,7386.652,0.013,477.914,,,,,,,,,6.7,7.19,1.1820926533416045,0.10977009609392936,6248.7884435835185
GEO,Georgia,2003,3.731,28539726793.0,4085489.0,26.241,0.913,0.131,6423.026,0.013,481.645,,,,,,,,,6.46,7.1,0.9194551927678645,0.14218208147555353,6985.633003295322
GEO,Georgia,2004,4.278,30055110813.0,4056076.0,28.638,1.055,0.142,7060.586,0.015,485.923,,,,,,,,,5.99,6.86,0.9528495894818979,0.1493819400796145,7409.898338443362
GEO,Georgia,2005,5.046,32780625465.0,4026135.0,33.846,1.253,0.154,8406.679,0.017,490.968,,,,,,,,,6.17,7.2,1.0325001283498236,0.14908704130473321,8141.958842661758
GEO,Georgia,2006,6.273,35705812889.0,3996584.0,31.339,1.57,0.176,7841.375,0.021,497.241,,,,,,,,,5.26,7.47,0.8777002248184274,0.20016592743865472,8934.082929071426
GEO,Georgia,2007,6.609,40006939154.0,3967592.0,38.943,1.666,0.165,9815.229,0.021,503.85,,,,,,,,,6.75,8.5,0.9734061346231826,0.169709575533472,10083.430744391057
GEO,Georgia,2008,5.747,40781279289.0,3941192.0,38.38,1.458,0.141,9738.182,0.018,509.597,,,,,,,,,7.09,8.38,0.9411180980375057,0.14973944762897343,10347.448002786974
GEO,Georgia,2009,6.171,39112877651.0,3918935.0,38.983,1.575,0.158,9947.294,0.02,515.768,,,,,,,,,7.34,8.33,0.9966794145867025,0.1582997716953544,9980.4864461901
GEO,Georgia,2010,6.29,41359835742.0,3895932.0,39.505,1.614,0.152,10140.076,0.019,522.058,,,,,,,,,9.27,9.95,0.9551536966062838,0.15922035185419567,10616.159558739731
GEO,Georgia,2011,7.814,44138043878.0,3868724.0,38.388,2.02,0.177,9922.715,0.023,529.872,,,,,,,,,7.81,10.02,0.8697259014492478,0.20355319370636657,11408.941004320804
GEO,Georgia,2012,8.294,46970386649.0,3839208.0,41.902,2.16,0.177,10914.35,0.024,538.165,,,,,,,,,7.15,9.62,0.8920939977165825,0.19793804591666272,12234.394867118426
GEO,Georgia,2013,8.028,48668828674.0,3809128.0,46.883,2.108,0.165,12308.174,0.023,546.193,,,,,,,,,8.19,9.98,0.9633065203610698,0.17123477593157435,12776.895046320313
GEO,Georgia,2014,9.058,50830708616.0,3792921.0,49.582,2.388,0.178,13072.275,0.026,555.252,,,,,,,,,8.25,10.29,0.9754339719040048,0.18268726553991368,13401.467791182575
GEO,Georgia,2015,9.791,52369351007.0,3791570.0,53.726,2.582,0.187,14169.743,0.028,565.042,,,,,,,,,8.37,10.75,1.0259054001417482,0.18223951159587537,13812.049100240798
GEO,Georgia,2016,10.043,53891203471.0,3792061.0,56.332,2.648,0.186,14855.349,0.028,575.085,,,,,,,,,9.25,11.49,1.045291186163869,0.17828232620890436,14211.586646681053
GEO,Georgia,2017,10.06,56501161966.0,3792860.0,56.037,2.652,0.178,14774.392,0.028,585.145,,,,,,,,,9.21,11.44,0.9917849129141926,0.17952424291093386,14896.716980326191
GEO,Georgia,2018,9.888,59237502380.0,3794881.0,56.548,2.606,0.167,14901.221,0.027,595.033,,,,,,,,,9.93,12.04,0.9545979781060445,0.17486029567800807,15609.844519498767
GEO,Georgia,2019,10.517,62188716739.0,3796722.0,59.714,2.77,0.169,15727.646,0.028,605.55,,,,,,,,,9.02,11.86,0.9602063385648213,0.17612285226245103,16379.581317515478
GEO,Georgia,2020,10.378,57984758412.0,3795680.0,56.868,2.734,0.179,14982.388,0.03,615.928,,,,,,,,,8.34,11.16,0.9807404834893839,0.18249279032144616,15276.513934789024
GEO,Georgia,2021,10.75,64053441556.0,3788450.0,61.911,2.838,0.168,16341.953,0.029,626.678,,,,,,,,,10.26,12.64,0.9665522803466082,0.17363634895252864,16907.558910900236
GEO,Georgia,2022,12.0,70528605169.0,3794782.0,68.613,3.162,0.17,18080.918,0.032,638.678,,,,,,,,,10.86,14.25,0.9728393158434107,0.17489397053036596,18585.680328672373
DEU,Germany,1990,1054.796,2015547498359.0,79707963.0,4192.642,13.233,0.523,52600.035,4.64,66785.766,1.264,88.603,0.0,0.005,36.593,15.235,36.775,11.397,19.1,542.26,2.0801504322837974,0.25158265361077814,25286.651703280888
DEU,Germany,1991,1016.93,2141316417831.0,80303190.0,4090.643,12.664,0.475,50939.98,4.382,67802.695,1.202,88.76,0.0,0.007,32.94,16.406,39.413,11.24,16.98,536.02,1.9103402775679121,0.24859905887656292,26665.39670255939
DEU,Germany,1992,969.464,2204952392823.0,80934901.0,4009.338,11.978,0.44,49537.809,4.305,68772.156,1.438,87.524,0.0,0.019,30.39,16.556,40.578,12.476,19.73,533.77,1.818333136375269,0.24180151436471556,27243.52986881395
DEU,Germany,1993,959.386,2206290854718.0,81486771.0,3991.527,11.774,0.435,48983.738,4.217,69731.547,1.498,87.786,0.0,0.042,28.797,17.596,41.392,12.214,20.52,520.72,1.8091572067501418,0.24035563332028068,27075.44829231238
DEU,Germany,1994,943.228,2283952742009.0,81773613.0,3954.172,11.535,0.413,48355.109,4.106,70674.773,1.646,87.697,0.0,0.064,28.201,18.089,41.408,12.303,23.43,521.05,1.7312845083308726,0.2385399522327304,27930.19237157835
DEU,Germany,1995,939.934,2347761113534.0,82019890.0,3974.795,11.46,0.4,48461.355,3.997,71614.711,1.788,87.406,0.0,0.105,26.606,19.624,41.176,12.594,25.92,530.72,1.6930150930121186,0.23647357914055944,28624.289956180142
DEU,Germany,1996,959.69,2391519573153.0,82263195.0,4105.846,11.666,0.401,49911.09,3.96,72574.406,1.593,87.437,0.0,0.138,25.643,21.257,40.536,12.563,26.55,548.23,1.7168356245509697,0.23373745630011455,29071.56199261407
DEU,Germany,1997,931.508,2461046373781.0,82389631.0,4053.187,11.306,0.379,49195.352,3.821,73505.906,1.709,86.577,0.001,0.204,25.175,20.576,40.826,13.423,23.05,546.37,1.6469364588904245,0.22982112594360932,29870.826509479088
DEU,Germany,1998,923.499,2535903706522.0,82011933.0,4019.632,11.261,0.364,49012.766,3.801,74429.406,1.868,86.926,0.001,0.311,24.778,20.937,41.21,13.074,24.88,549.26,1.5850885779543018,0.22974715098297555,30921.15517533284
DEU,Germany,1999,895.442,2613176576967.0,81678279.0,3963.56,10.963,0.343,48526.492,3.605,75324.852,2.112,85.928,0.001,0.389,24.201,21.177,40.55,14.072,28.71,549.27,1.5167593475831362,0.225918618615588,31993.531315308443
DEU,Germany,2000,898.976,2718560455818.0,81797255.0,3988.179,10.99,0.331,48756.883,3.524,76223.82,2.738,85.4,0.0,0.664,24.979,20.879,39.541,14.6,35.41,568.95,1.4670186905223628,0.22541014332606435,33235.35069505694
DEU,Germany,2001,915.255,2793373055251.0,81933882.0,4062.799,11.171,0.328,49586.312,3.562,77139.078,2.798,85.509,0.007,0.717,24.586,21.609,39.314,14.491,37.88,578.94,1.4544419666262354,0.22527695807742396,34093.01484398115
DEU,Germany,2002,898.834,2822441773260.0,82068328.0,4011.723,10.952,0.318,48882.719,3.422,78037.906,3.365,85.327,0.014,1.084,24.966,21.86,38.501,14.673,44.49,583.76,1.4213660802526837,0.22405186001127197,34391.3643916323
DEU,Germany,2003,894.501,2831676106520.0,82111619.0,4010.471,10.894,0.316,48841.699,3.235,78932.414,3.477,85.262,0.021,1.302,25.381,22.128,37.753,14.738,46.67,602.03,1.4162887453002826,0.2230413834185561,34485.693267355986
DEU,Germany,2004,876.57,2894624877966.0,82092706.0,4009.893,10.678,0.303,48845.914,3.064,79808.984,4.316,84.342,0.038,1.766,24.753,22.251,37.338,15.658,57.97,609.6,1.3852893445791423,0.21860184299182048,35260.43931315895
DEU,Germany,2005,867.88,2945460930734.0,82046733.0,3962.635,10.578,0.295,48297.293,2.932,80676.867,4.992,83.893,0.089,1.893,23.974,22.894,37.025,16.107,63.43,613.34,1.3453361267339992,0.21901588210874834,35899.79543407292
DEU,Germany,2006,886.434,3086359147617.0,81701971.0,4062.387,10.85,0.287,49722.023,2.897,81563.297,5.797,83.134,0.15,2.072,24.325,22.76,36.049,16.866,72.56,630.2,1.316239233900111,0.21820520792332193,37775.8224170259
DEU,Germany,2007,846.153,3220275669650.0,81298546.0,3893.423,10.408,0.263,47890.441,2.686,82409.453,7.37,82.981,0.215,2.781,26.032,22.884,34.065,17.019,89.44,631.1,1.2090340701866564,0.21732881323195552,39610.495243666475
DEU,Germany,2008,856.643,3289020399474.0,81110780.0,3934.666,10.561,0.26,48509.781,2.673,83266.094,7.523,82.445,0.304,2.791,23.814,22.874,35.756,17.555,94.37,632.29,1.1963033128737224,0.2177168278069854,40549.73210064063
DEU,Germany,2009,789.984,3136502162046.0,80935276.0,3692.178,9.761,0.252,45618.898,2.507,84056.078,8.147,82.208,0.48,2.818,22.722,22.995,36.491,17.792,96.08,587.96,1.1771641813859048,0.21396151539822836,38753.21512520696
DEU,Germany,2010,826.705,3301123203586.0,80830916.0,3847.151,10.228,0.25,47595.047,2.481,84882.781,8.465,81.963,0.815,2.625,23.434,23.029,35.5,18.037,105.41,624.21,1.165406670014876,0.21488758824387189,40839.8588924317
DEU,Germany,2011,804.542,3467712967640.0,80857877.0,3710.585,9.95,0.232,45890.207,2.333,85687.32,10.168,82.246,1.405,3.503,24.701,21.929,35.616,17.754,124.43,605.0,1.0700381013729894,0.2168234927915679,42886.52010539431
DEU,Germany,2012,814.093,3482225441398.0,80916391.0,3761.916,10.061,0.234,46491.398,2.329,86501.414,11.46,81.681,1.844,3.564,25.048,21.704,34.93,18.319,143.4,619.81,1.0803194862908454,0.21640382188225363,43034.8585541587
DEU,Germany,2013,831.746,3497463140441.0,81041581.0,3868.517,10.263,0.238,47734.965,2.358,87333.164,11.603,81.92,2.038,3.511,25.075,22.117,34.728,18.08,151.95,629.69,1.106092285939635,0.21500383738781553,43156.403136323315
DEU,Germany,2014,792.584,3574741315261.0,81376078.0,3710.465,9.74,0.222,45596.504,2.235,88125.742,12.84,80.45,2.449,4.041,25.138,20.063,35.249,19.55,161.93,618.75,1.0379674143579507,0.21360772841139858,43928.6508162878
DEU,Germany,2015,800.823,3628073946157.0,82077546.0,3780.86,9.757,0.221,46064.484,2.262,88926.57,14.318,79.486,2.57,5.442,24.398,20.518,34.57,20.514,188.14,639.17,1.042112166430576,0.21180974698878033,44203.00219693459
DEU,Germany,2016,797.988,3708979940863.0,82760102.0,3841.451,9.642,0.215,46416.703,2.255,89724.562,14.101,80.318,2.476,5.27,23.354,22.276,34.689,19.682,189.13,641.52,1.035716305089042,0.2077308808572594,44816.03878234708
DEU,Germany,2017,784.595,3808389445530.0,83104010.0,3949.556,9.441,0.206,47525.457,2.181,90509.156,15.388,79.739,2.475,6.748,21.349,22.408,35.983,20.261,215.68,644.46,1.037067258086142,0.1986539752822849,45826.783154386896
DEU,Germany,2018,758.771,3845758522294.0,83368507.0,3845.414,9.101,0.197,46125.492,2.066,91267.922,16.263,78.776,2.893,7.177,21.167,22.527,35.082,21.224,222.93,632.28,0.9999104149956367,0.19731841617053456,46129.631688066576
DEU,Germany,2019,708.649,3886392581475.0,83559184.0,3753.704,8.481,0.182,44922.695,1.911,91976.57,17.811,77.188,3.012,8.387,16.799,24.029,36.36,22.812,241.17,600.09,0.9658581631440227,0.18878659585305607,46510.65742186999
DEU,Germany,2020,647.177,3742721113842.0,83628711.0,3498.915,7.739,0.173,41838.684,1.841,92623.75,20.017,75.39,3.531,9.425,14.877,25.169,35.344,24.61,251.49,566.75,0.9348585944754706,0.1849650534522845,44754.021305458125
DEU,Germany,2021,677.998,3841041747482.0,83697080.0,3598.492,8.101,0.177,42994.242,1.839,93301.742,18.082,77.14,3.41,7.924,17.452,25.742,33.946,22.86,232.5,578.83,0.9368531342724916,0.18841170134600826,45892.18342482199
DEU,Germany,2022,667.843,3909612753939.0,84086227.0,3455.45,7.942,0.171,41094.125,1.78,93969.586,20.329,77.177,4.332,8.967,18.764,22.099,36.314,22.823,251.54,566.88,0.8838343379452547,0.19327236684078775,46495.281015986126
GHA,Ghana,1990,3.514,26095563069.0,15394650.0,17.752,0.228,0.135,1153.139,0.015,83.205,,,,,,,,,,,0.6802689006196742,0.19794952681388012,1695.1059666182732
GHA,Ghana,1991,3.902,27591405114.0,15787495.0,17.992,0.247,0.141,1139.63,0.017,87.107,,,,,,,,,,,0.6520871237134197,0.21687416629613163,1747.67466998406
GHA,Ghana,1992,3.243,28798780490.0,16184863.0,19.896,0.2,0.113,1229.313,0.014,90.349,,,,,,,,,,,0.6908625872858966,0.16299758745476478,1779.3651073845976
GHA,Ghana,1993,3.818,30003484574.0,16589521.0,20.057,0.23,0.127,1209.003,0.017,94.167,,,,,,,,,,,0.668489020018052,0.19035748117864087,1808.5805234521238
GHA,Ghana,1994,4.54,31249854280.0,16993190.0,21.412,0.267,0.145,1260.041,0.02,98.707,,,,,,,,,,,0.685187195055298,0.21203063702596675,1838.9633894518922
GHA,Ghana,1995,4.624,32723356676.0,17399023.0,21.978,0.266,0.141,1263.191,0.02,103.331,,,,,,,,,,,0.6716303653567156,0.2103922103922104,1880.7582860256005
GHA,Ghana,1996,4.858,34380471108.0,17810184.0,22.804,0.273,0.141,1280.387,0.02,108.189,,,,,,,,,,,0.6632835230315891,0.21303280126293633,1930.3827017171748
GHA,Ghana,1997,5.514,36217443285.0,18238961.0,22.04,0.302,0.152,1208.428,0.023,113.704,,,,,,,,,,,0.6085465455571846,0.2501814882032668,1985.7185551852433
GHA,Ghana,1998,5.584,38085090200.0,18688041.0,20.276,0.299,0.147,1084.987,0.023,119.288,,,,,,,,,,,0.5323868183985554,0.2753994870783192,2037.9391397953375
GHA,Ghana,1999,5.613,39944569386.0,19149875.0,23.58,0.293,0.141,1231.317,0.023,124.901,,,,,,,,,,,0.5903180422884832,0.2380407124681934,2085.891912401517
GHA,Ghana,2000,5.313,41569375833.0,19637085.0,28.607,0.271,0.128,1456.8,0.021,130.214,,,,,,,,,6.55,7.17,0.6881748745741385,0.18572377390149264,2116.8811884757843
GHA,Ghana,2001,5.969,43462708607.0,20167073.0,28.597,0.296,0.137,1417.986,0.023,136.182,,,,,,,,,6.55,7.81,0.6579663559071014,0.208728188271497,2155.1322101625756
GHA,Ghana,2002,6.483,45606385848.0,20729392.0,28.444,0.313,0.142,1372.18,0.025,142.665,,,,,,,,,5.0,7.27,0.6236845887065039,0.2279215300239066,2200.0831403062857
GHA,Ghana,2003,6.685,48182826322.0,21296710.0,27.527,0.314,0.139,1292.531,0.024,149.35,,,,,,,,,3.86,5.88,0.5713031405845806,0.24285247211828387,2262.453981013969
GHA,Ghana,2004,6.451,51015950853.0,21868298.0,31.337,0.295,0.126,1432.979,0.023,155.801,,,,,,,,,5.24,6.0,0.6142588636698364,0.20585888885343204,2332.872492088776
GHA,Ghana,2005,6.113,54178109578.0,22449446.0,31.845,0.272,0.113,1418.505,0.021,161.914,,,,,,,,,5.58,6.74,0.5877835208360839,0.1919610613911132,2413.3383771697527
GHA,Ghana,2006,8.523,57735681030.0,23040704.0,30.837,0.37,0.148,1338.362,0.028,170.437,,,,,,,,,5.57,8.39,0.5341064563519534,0.27638875376982197,2505.812367104755
GHA,Ghana,2007,8.982,60409358255.0,23642284.0,32.114,0.38,0.149,1358.343,0.029,179.419,,,,,,,,,3.7,6.96,0.5316063756949772,0.2796911004546304,2555.1405378177506
GHA,Ghana,2008,8.324,66155974151.0,24249945.0,34.637,0.343,0.126,1428.323,0.026,187.743,,,,,,,,,6.15,8.32,0.5235657163923182,0.24032104397032075,2728.087595703825
GHA,Ghana,2009,6.868,69564814012.0,24862667.0,40.491,0.276,0.099,1628.582,0.022,194.611,,,,,,,,,6.83,8.94,0.5820615001287183,0.16961793978908893,2797.9626647454998
GHA,Ghana,2010,8.943,75296610301.0,25475000.0,41.9,0.351,0.119,1644.752,0.027,203.553,,,,,,,,,6.95,10.12,0.5564659528829219,0.21343675417661098,2955.7059980765457
GHA,Ghana,2011,10.329,86160263888.0,26095091.0,55.035,0.396,0.12,2109.023,0.03,213.882,,,,,,,,,7.51,11.31,0.6387515255470918,0.1876805669119651,3301.780548992912
GHA,Ghana,2012,12.641,93421855305.0,26734273.0,56.374,0.473,0.135,2108.66,0.036,226.522,,,,,,,,,8.01,12.15,0.6034348152897668,0.22423457622308157,3494.4602871751927
GHA,Ghana,2013,12.61,100187456075.0,27386193.0,59.633,0.46,0.126,2177.473,0.036,239.132,,,,,,,,,8.17,12.99,0.595214234757682,0.21146009759696813,3658.319945200123
GHA,Ghana,2014,13.257,103048820009.0,28041592.0,60.527,0.473,0.129,2158.472,0.037,252.389,,,,,,,,,8.32,13.08,0.5873623782854936,0.21902621970360336,3674.8562638312405
GHA,Ghana,2015,14.568,105234477793.0,28696071.0,72.173,0.508,0.138,2515.082,0.041,266.957,,,,,,,,,5.81,11.64,0.6858303620032865,0.20184833663558394,3667.208580331433
GHA,Ghana,2016,13.914,108784039058.0,29356736.0,73.76,0.474,0.128,2512.531,0.039,280.871,,,,,,,,,5.56,13.17,0.6780406449210223,0.18863882863340564,3705.590398673749
GHA,Ghana,2017,12.437,117627099029.0,30008364.0,73.757,0.414,0.106,2457.866,0.035,293.308,,,,,,,,,5.67,13.3,0.6270408826610254,0.16862128340360916,3919.8104578110288
GHA,Ghana,2018,15.19,124919973796.0,30637592.0,73.626,0.496,0.122,2403.126,0.041,308.498,,,,,,,,,6.07,14.91,0.5893853301653313,0.20631298725993535,4077.343082184788
GHA,Ghana,2019,16.415,133049773378.0,31258943.0,79.992,0.525,0.123,2559.024,0.044,324.913,,,,,,,,,7.32,17.3,0.6012186114194976,0.2052080208020802,4256.374675816774
GHA,Ghana,2020,19.164,133733644694.0,31887802.0,94.161,0.601,0.143,2952.874,0.055,344.077,,,,,,,,,7.37,19.73,0.7040935750719471,0.20352375187179406,4193.880929579279
GHA,Ghana,2021,20.556,140896419821.0,32518662.0,103.083,0.632,0.146,3169.96,0.056,364.633,,,,,,,,,7.68,22.08,0.7316225645120042,0.19941212421058757,4332.786503362285
GHA,Ghana,2022,20.745,145431875240.0,33149152.0,101.488,0.626,0.143,3061.546,0.055,385.378,,,,,,,,,8.37,23.22,0.6978387635621056,0.2044084029638972,4387.197453497453
GRC,Greece,1990,83.437,161708974933.0,10258494.0,287.312,8.133,0.516,28007.275,0.367,1324.807,1.714,98.286,0.0,0.002,32.658,0.56,65.068,1.714,1.77,34.2,1.7767226594506609,0.29040555215236397,15763.422480239302
GRC,Greece,1991,83.406,167630714744.0,10306645.0,291.482,8.092,0.498,28281.008,0.359,1408.213,2.961,97.039,0.0,0.002,30.995,0.545,65.499,2.961,3.1,35.19,1.7388340820782249,0.286144598980383,16264.333810274828
GRC,Greece,1992,84.974,170259945599.0,10359895.0,296.618,8.202,0.499,28631.41,0.377,1493.188,2.074,97.926,0.0,0.008,31.763,0.495,65.668,2.074,2.21,36.76,1.742147860769328,0.28647620845666816,16434.524249425307
GRC,Greece,1993,84.283,168977989489.0,10412752.0,300.531,8.094,0.499,28861.805,0.37,1577.471,2.157,97.843,0.0,0.044,31.337,0.36,66.146,2.157,2.33,37.73,1.7785215749626595,0.2804469422455587,16227.985597755522
GRC,Greece,1994,86.429,173829055414.0,10466266.0,305.643,8.258,0.497,29202.715,0.376,1663.9,2.4,97.6,0.0,0.034,30.884,0.181,66.534,2.4,2.64,40.02,1.7582963864819106,0.2827776196412154,16608.50731426088
GRC,Greece,1995,86.962,178710456938.0,10519233.0,316.794,8.267,0.487,30115.697,0.37,1750.862,3.131,96.869,0.0,0.03,29.711,0.161,66.996,3.131,3.56,40.94,1.7726662749785556,0.274506461612278,16988.92466190263
GRC,Greece,1996,89.114,185480705042.0,10570083.0,324.801,8.431,0.48,30728.293,0.368,1839.976,3.76,96.24,0.0,0.033,28.202,0.177,67.861,3.76,4.39,42.17,1.7511309326026796,0.27436491882722036,17547.70563693776
GRC,Greece,1997,93.801,195536972604.0,10622327.0,334.044,8.831,0.48,31447.324,0.385,1933.777,3.265,96.735,0.0,0.03,29.523,0.597,66.616,3.265,3.92,42.81,1.7083418831307335,0.28080432517871895,18408.110822044924
GRC,Greece,1998,98.621,204984690770.0,10675411.0,354.773,9.238,0.481,33232.719,0.406,2032.399,2.971,97.029,0.0,0.055,29.074,2.3,65.655,2.971,3.79,45.7,1.730729249425108,0.2779833865598566,19201.57366962265
GRC,Greece,1999,97.934,213181329734.0,10727953.0,354.705,9.129,0.459,33063.609,0.394,2130.333,3.733,96.267,0.0,0.127,27.986,4.127,64.154,3.733,4.75,48.89,1.6638652195414494,0.2760998576281699,19871.575661638337
GRC,Greece,2000,102.973,223530895992.0,10782638.0,373.052,9.55,0.461,34597.48,0.404,2233.306,3.092,96.908,0.0,0.336,28.188,5.265,63.455,3.092,4.14,52.94,1.6689057606307418,0.2760285429377138,20730.631594235103
GRC,Greece,2001,105.361,234861781413.0,10843166.0,376.025,9.717,0.449,34678.547,0.41,2338.667,2.164,97.836,0.0,0.556,28.887,5.151,63.797,2.164,2.94,52.54,1.6010480621313485,0.28019679542583603,21659.88987100262
GRC,Greece,2002,105.0,246267119689.0,10890287.0,376.371,9.642,0.426,34560.207,0.4,2443.667,2.621,97.379,0.0,0.475,27.776,5.537,64.066,2.621,3.58,53.36,1.5283039021827296,0.2789800489410714,22613.464611997828
GRC,Greece,2003,109.067,262880256421.0,10918467.0,398.316,9.989,0.415,36480.949,0.394,2552.734,4.052,95.948,0.0,0.7,26.411,5.92,63.618,4.052,5.89,57.28,1.5151993741291132,0.2738202833930849,24076.663548188586
GRC,Greece,2004,109.485,278667908011.0,10947369.0,398.232,10.001,0.393,36376.992,0.383,2662.219,4.05,95.95,0.001,0.765,27.077,6.509,62.364,4.05,5.91,58.22,1.4290558351063531,0.27492768034713433,25455.240250968065
GRC,Greece,2005,113.889,282859759866.0,10981340.0,399.606,10.371,0.403,36389.562,0.385,2776.108,4.335,95.665,0.001,0.854,26.625,6.533,62.508,4.335,6.41,58.73,1.4127354141476558,0.28500322817975704,25758.218930112354
GRC,Greece,2006,112.419,301538680337.0,11016107.0,411.306,10.205,0.373,37336.773,0.367,2888.527,5.149,94.851,0.001,1.108,23.831,7.486,63.534,5.149,7.67,59.41,1.3640240102540873,0.27332205219471634,27372.526459392597
GRC,Greece,2007,114.545,314210147911.0,11045737.0,419.35,10.37,0.365,37964.91,0.364,3003.073,3.171,96.829,0.001,1.155,24.61,9.285,62.934,3.171,4.59,62.4,1.3346163476514479,0.2731489209490879,28446.281847105358
GRC,Greece,2008,111.08,315974328109.0,11076874.0,411.585,10.028,0.352,37157.152,0.347,3114.153,3.908,96.092,0.003,1.441,23.615,10.966,61.51,3.908,5.75,62.18,1.3025899998370047,0.269883499155703,28525.586560702955
GRC,Greece,2009,104.319,305101334774.0,11108067.0,396.398,9.391,0.342,35685.582,0.331,3218.472,5.675,94.325,0.033,1.69,24.809,9.572,59.944,5.675,8.16,60.34,1.2992339095914702,0.2631673217321984,27466.64516643625
GRC,Greece,2010,97.354,290984350750.0,11124666.0,378.437,8.751,0.335,34017.863,0.292,3315.826,7.696,92.304,0.109,1.876,24.295,11.002,57.007,7.696,10.53,56.61,1.300540730195952,0.25725285846785595,26156.681984879368
GRC,Greece,2011,94.505,266793942822.0,11108838.0,371.285,8.507,0.354,33422.445,0.274,3410.331,6.058,93.942,0.427,2.322,24.828,13.813,55.301,6.058,8.15,58.45,1.3916545333554087,0.2545349260002424,24016.368122570515
GRC,Greece,2012,91.393,247887031358.0,11048291.0,349.302,8.272,0.369,31615.93,0.261,3501.724,7.967,92.033,1.256,2.854,27.228,13.509,51.296,7.967,10.13,59.91,1.4091176859330565,0.2616446513332303,22436.685579516325
GRC,Greece,2013,81.713,241650188710.0,10967534.0,328.303,7.45,0.338,29934.105,0.232,3583.437,11.795,88.205,2.863,3.248,24.933,12.719,50.553,11.795,14.36,56.37,1.358587807245582,0.24889507558566323,22033.229047660123
GRC,Greece,2014,78.636,242799798246.0,10893169.0,307.91,7.219,0.324,28266.357,0.222,3662.073,10.745,89.255,3.154,3.068,25.528,10.33,53.396,10.745,12.18,49.62,1.268164150976895,0.25538631418271573,22289.179415650302
GRC,Greece,2015,74.927,242323725826.0,10820902.0,311.723,6.924,0.309,28807.496,0.212,3737.0,12.796,87.204,3.191,3.782,21.154,11.032,55.018,12.796,14.85,51.05,1.28639075244259,0.24036404115192014,22394.041257004268
GRC,Greece,2016,71.36,241143085639.0,10775506.0,306.993,6.622,0.296,28489.859,0.202,3808.359,12.975,87.025,3.242,4.245,16.644,14.585,55.796,12.975,14.89,53.84,1.273074030659041,0.2324482968667038,22378.817815052025
GRC,Greece,2017,74.842,243776808141.0,10753532.0,322.197,6.96,0.307,29962.0,0.208,3883.201,11.449,88.551,3.118,4.326,17.431,16.741,54.379,11.449,13.8,54.8,1.3216884840564567,0.23228645828483815,22669.464148244504
GRC,Greece,2018,71.778,247844015413.0,10730846.0,324.066,6.689,0.29,30199.467,0.195,3954.979,13.164,86.836,2.933,4.874,17.035,16.312,53.489,13.164,16.14,52.61,1.3075401456032172,0.22149191831293624,23096.409678509972
GRC,Greece,2019,65.736,252514250712.0,10718581.0,316.887,6.133,0.26,29564.295,0.177,4020.716,13.476,86.524,3.487,5.722,11.827,18.319,56.378,13.476,16.1,47.95,1.2549271936395345,0.2074430317431766,23558.552266573344
GRC,Greece,2020,55.577,229777821500.0,10699370.0,276.956,5.194,0.242,25885.273,0.158,4076.292,16.785,83.215,4.004,8.382,7.765,23.128,52.322,16.785,17.55,47.51,1.2053208538231355,0.20067086468608733,21475.82722160277
GRC,Greece,2021,57.528,249158215293.0,10579561.0,302.536,5.438,0.231,28596.289,0.156,4133.82,19.2,80.8,4.323,8.63,6.654,23.332,50.815,19.2,22.13,54.24,1.214232489361147,0.19015257688341222,23550.903037753647
GRC,Greece,2022,57.609,263892672733.0,10412481.0,314.334,5.533,0.218,30188.217,0.154,4191.429,18.783,81.217,5.64,8.598,5.928,19.924,55.365,18.783,22.45,51.67,1.1911433415130677,0.18327320620740994,25343.880361750482
GTM,Guatemala,1990,4.658,46309390000.0,9024775.0,19.087,0.516,0.101,2114.973,0.02,102.292,,,,,,,,,,,0.4121626305161869,0.2440404463771153,5131.362277729916
GTM,Guatemala,1991,4.756,47626497282.0,9272592.0,18.415,0.513,0.1,1985.921,0.02,107.049,,,,,,,,,,,0.3866545106385512,0.25826771653543307,5136.265812407146
GTM,Guatemala,1992,5.791,50269786731.0,9522265.0,21.452,0.608,0.115,2252.78,0.026,112.84,,,,,,,,,,,0.42673743803196085,0.26995151967182546,5279.183758381016
GTM,Guatemala,1993,5.572,52486732016.0,9779760.0,22.959,0.57,0.106,2347.64,0.024,118.412,,,,,,,,,,,0.43742483325121484,0.24269349710353239,5366.873217338667
GTM,Guatemala,1994,6.639,54315587488.0,10043713.0,25.838,0.661,0.122,2572.545,0.029,125.05,,,,,,,,,,,0.475701381407472,0.25694713213096987,5407.919111985777
GTM,Guatemala,1995,7.085,56765526295.0,10312999.0,28.221,0.687,0.125,2736.47,0.03,132.135,,,,,,,,,,,0.4971503277066551,0.25105417951171116,5504.269543224042
GTM,Guatemala,1996,6.54,58480373177.0,10583528.0,29.355,0.618,0.112,2773.668,0.027,138.675,,,,,,,,,,,0.5019632811020631,0.2227899846704139,5525.602915870776
GTM,Guatemala,1997,7.46,61054671663.0,10857754.0,32.132,0.687,0.122,2959.362,0.031,146.135,,,,,,,,,,,0.5262824141837528,0.23216730984688164,5623.14007694409
GTM,Guatemala,1998,8.62,64142605771.0,11139147.0,37.897,0.774,0.134,3402.141,0.035,154.756,,,,,,,,,,,0.5908241416835907,0.22745863788690399,5758.304991486332
GTM,Guatemala,1999,8.874,66910781466.0,11422977.0,40.391,0.777,0.133,3535.965,0.036,163.63,,,,,,,,,,,0.6036545847327199,0.2197024089524894,5857.560727470606
GTM,Guatemala,2000,9.742,68731616093.0,11697592.0,42.138,0.833,0.142,3602.238,0.038,173.372,,,,,,,,,3.24,6.46,0.6130803027093606,0.2311927476387109,5875.706392649017
GTM,Guatemala,2001,10.147,70402333033.0,11969423.0,44.671,0.848,0.144,3732.099,0.039,183.519,,,,,,,,,2.94,6.73,0.6345102225385224,0.22714960488907793,5881.848526282344
GTM,Guatemala,2002,10.694,73303957428.0,12246923.0,45.63,0.873,0.146,3725.813,0.041,194.213,,,,,,,,,2.64,6.66,0.6224766247418267,0.23436335744028053,5985.499984608378
GTM,Guatemala,2003,10.411,75388396403.0,12525843.0,46.789,0.831,0.138,3735.434,0.038,204.624,,,,,,,,,3.37,6.91,0.6206392791522235,0.22250956421381093,6018.628558812369
GTM,Guatemala,2004,11.056,78142886190.0,12807409.0,44.043,0.863,0.141,3438.836,0.039,215.68,,,,,,,,,3.27,6.42,0.5636213627035984,0.2510274050359876,6101.381332477163
GTM,Guatemala,2005,12.038,80920955084.0,13087637.0,46.523,0.92,0.149,3554.724,0.041,227.718,,,,,,,,,3.9,6.95,0.5749190670291372,0.25875373471186297,6183.007297956079
GTM,Guatemala,2006,12.176,85238080655.0,13367455.0,49.222,0.911,0.143,3682.26,0.04,239.894,,,,,,,,,4.21,7.87,0.5774649032657762,0.24736906261427816,6376.537692103695
GTM,Guatemala,2007,12.117,90511916055.0,13652042.0,54.046,0.888,0.134,3958.847,0.038,252.011,,,,,,,,,4.44,8.72,0.5971147485946346,0.2241979054879177,6629.917784826622
GTM,Guatemala,2008,10.735,93386251977.0,13935172.0,49.183,0.77,0.115,3529.427,0.033,262.746,,,,,,,,,4.77,8.68,0.526662104525977,0.21826647418823578,6701.478243469115
GTM,Guatemala,2009,11.725,93773785204.0,14215614.0,52.908,0.825,0.125,3721.821,0.037,274.471,,,,,,,,,4.08,8.91,0.5642088552243187,0.22161109851062222,6596.534289971576
GTM,Guatemala,2010,10.817,96390296358.0,14500118.0,52.576,0.746,0.112,3625.881,0.032,285.288,,,,,,,,,5.63,8.84,0.5454490958792079,0.2057402617163725,6647.552548055126
GTM,Guatemala,2011,10.979,100335200000.0,14792123.0,52.144,0.742,0.109,3525.141,0.032,296.267,,,,,,,,,5.49,8.76,0.5196979723965268,0.21055154955507824,6783.015527926586
GTM,Guatemala,2012,11.347,103492749162.0,15089639.0,55.158,0.752,0.11,3655.377,0.032,307.614,,,,,,,,,6.24,9.36,0.5329648738353611,0.2057181188585518,6858.530489828153
GTM,Guatemala,2013,12.493,107099471666.0,15387339.0,59.213,0.812,0.117,3848.17,0.035,320.107,,,,,,,,,6.84,10.12,0.5528785443933976,0.21098407444311215,6960.2334533605845
GTM,Guatemala,2014,13.425,111858970345.0,15681725.0,62.559,0.856,0.12,3989.314,0.038,333.532,,,,,,,,,7.28,10.64,0.5592667249399219,0.2145974200354865,7133.078175073214
GTM,Guatemala,2015,15.449,116436247567.0,15971745.0,72.435,0.967,0.133,4535.166,0.044,348.981,,,,,,,,,6.83,11.17,0.6221000892210933,0.21328087250638503,7290.1394034903515
GTM,Guatemala,2016,16.524,119554400888.0,16268761.0,79.196,1.016,0.138,4867.983,0.047,365.505,,,,,,,,,7.33,11.86,0.6624264720643096,0.2086469013586545,7348.709645928168
GTM,Guatemala,2017,16.993,123236680953.0,16567363.0,82.014,1.026,0.138,4950.349,0.047,382.498,,,,,,,,,8.47,12.34,0.6654999093271466,0.20719633233350404,7438.521202982031
GTM,Guatemala,2018,18.338,127435350812.0,16845688.0,84.434,1.089,0.144,5012.176,0.05,400.836,,,,,,,,,8.76,13.25,0.6625634053816191,0.21718738896653006,7564.864718615233
GTM,Guatemala,2019,19.259,132535316516.0,17103803.0,90.923,1.126,0.145,5315.938,0.052,420.095,,,,,,,,,8.11,12.7,0.6860284669031861,0.2118165920614146,7748.879972249447
GTM,Guatemala,2020,17.157,130197392340.0,17357331.0,89.305,0.988,0.132,5145.093,0.049,437.252,,,,,,,,,9.41,12.42,0.685920035685409,0.19211690274900622,7501.003025177085
GTM,Guatemala,2021,19.984,140588440273.0,17598652.0,103.399,1.136,0.142,5875.368,0.054,457.236,,,,,,,,,11.37,15.47,0.7354729862513296,0.19327072795675007,7988.591414444697
GTM,Guatemala,2022,18.913,146224632616.0,17847877.0,95.883,1.06,0.129,5372.242,0.05,476.149,,,,,,,,,11.41,13.48,0.6557239931783451,0.19725081609878706,8192.830587974133
GIN,Guinea,1990,0.967,4999407010.0,6434383.0,6.039,0.15,0.193,938.483,0.004,27.85,,,,,,,,,,,1.2079432596547086,0.1601258486504388,776.9831248777077
GIN,Guinea,1991,0.989,5139871689.0,6697167.0,4.683,0.148,0.192,699.275,0.004,28.84,,,,,,,,,,,0.9111122384673989,0.21118940849882553,767.4695418226842
GIN,Guinea,1992,1.015,5362577356.0,6914370.0,4.839,0.147,0.189,699.789,0.005,29.855,,,,,,,,,,,0.9023646054421597,0.20975408142178134,775.569915408056
GIN,Guinea,1993,1.044,5695353285.0,7128174.0,5.074,0.146,0.183,711.862,0.005,30.899,,,,,,,,,,,0.8909017133956423,0.20575482853764288,798.9918996085113
GIN,Guinea,1994,1.085,5997837304.0,7345106.0,5.132,0.148,0.181,698.76,0.005,31.983,,,,,,,,,,,0.8556417488312718,0.21141855027279813,816.5760036682929
GIN,Guinea,1995,1.121,6351702761.0,7553252.0,5.085,0.148,0.177,673.256,0.005,33.104,,,,,,,,,,,0.800572726926445,0.22045231071779745,840.9229244569094
GIN,Guinea,1996,1.183,6708782077.0,7770035.0,5.103,0.152,0.176,656.713,0.005,34.288,,,,,,,,,,,0.7606447700089752,0.23182441700960219,863.4172274642264
GIN,Guinea,1997,1.238,7124296839.0,7931371.0,5.235,0.156,0.174,660.096,0.005,35.526,,,,,,,,,,,0.7348093598995532,0.2364851957975167,898.2427929547111
GIN,Guinea,1998,1.312,7467530405.0,8081993.0,5.32,0.162,0.176,658.193,0.005,36.838,,,,,,,,,,,0.7124175880740856,0.24661654135338346,923.9714022271487
GIN,Guinea,1999,1.385,7849296748.0,8265121.0,5.404,0.168,0.176,653.772,0.006,38.223,,,,,,,,,,,0.6884693206913013,0.25629163582531456,949.6892723046644
GIN,Guinea,2000,1.444,8142368042.0,8428837.0,6.972,0.171,0.177,827.217,0.006,39.667,,,,,,,,,0.41,0.81,0.8562619577053012,0.20711417096959264,966.0132283967528
GIN,Guinea,2001,1.517,8530150477.0,8539963.0,7.417,0.178,0.178,868.492,0.006,41.184,,,,,,,,,0.55,0.96,0.8695040046478186,0.2045301334771471,998.8509876447943
GIN,Guinea,2002,1.579,9080053247.0,8674072.0,7.714,0.182,0.174,889.335,0.006,42.763,,,,,,,,,0.59,1.01,0.849554489402214,0.2046927663987555,1046.803997822476
GIN,Guinea,2003,1.652,9309105966.0,8870790.0,7.85,0.186,0.178,884.893,0.006,44.415,,,,,,,,,0.4,0.86,0.8432603548257859,0.21044585987261147,1049.4111534598385
GIN,Guinea,2004,1.722,9645747516.0,9062724.0,8.268,0.19,0.179,912.342,0.006,46.137,,,,,,,,,0.55,0.9,0.8571652934399699,0.2082728592162554,1064.3320392411817
GIN,Guinea,2005,1.784,10059820577.0,9245844.0,8.486,0.193,0.177,917.845,0.006,47.922,,,,,,,,,0.49,0.79,0.8435538124210424,0.21022861183125147,1088.0370225800912
GIN,Guinea,2006,1.847,10279820925.0,9441174.0,8.719,0.196,0.18,923.553,0.006,49.768,,,,,,,,,0.46,0.73,0.8481665258191255,0.21183621974997133,1088.8286695065676
GIN,Guinea,2007,1.927,11105668501.0,9662278.0,9.169,0.199,0.174,948.922,0.006,51.696,,,,,,,,,0.53,0.78,0.8256144147625499,0.2101646853528193,1149.3840790960476
GIN,Guinea,2008,1.964,11730748654.0,9898870.0,9.29,0.198,0.167,938.471,0.006,53.66,,,,,,,,,0.52,0.81,0.7919358153524376,0.21141011840688914,1185.0593708170732
GIN,Guinea,2009,2.092,11707653951.0,10143540.0,9.826,0.206,0.179,968.744,0.007,55.752,,,,,,,,,0.52,0.8,0.8392800163999312,0.21290453897822104,1154.1980364843043
GIN,Guinea,2010,2.459,12362234837.0,10396090.0,11.451,0.236,0.199,1101.519,0.007,58.21,,,,,,,,,0.48,0.63,0.9262888264933549,0.21474107064885162,1189.1234913318372
GIN,Guinea,2011,2.557,13233698841.0,10656812.0,11.815,0.24,0.193,1108.684,0.007,60.768,,,,,,,,,0.41,0.55,0.8927964994484644,0.2164198053322048,1241.8065403612263
GIN,Guinea,2012,2.393,14087313893.0,10921580.0,11.333,0.219,0.17,1037.643,0.007,63.16,,,,,,,,,0.49,0.73,0.8044826775409171,0.2111532692138004,1289.8604316408432
GIN,Guinea,2013,2.077,14709018009.0,11191874.0,9.991,0.186,0.141,892.738,0.006,65.238,,,,,,,,,0.48,0.65,0.6792431686389133,0.20788709838854968,1314.2587210149077
GIN,Guinea,2014,2.371,14874105154.0,11472921.0,10.458,0.207,0.159,911.535,0.007,67.608,,,,,,,,,0.42,0.71,0.7031011204857319,0.2267163893669918,1296.453200889294
GIN,Guinea,2015,2.454,14900874140.0,11767077.0,12.055,0.209,0.165,1024.492,0.007,70.063,,,,,,,,,0.9,1.14,0.8090129402300958,0.20356698465367068,1266.3190816206948
GIN,Guinea,2016,2.7,16533568057.0,12073031.0,13.456,0.224,0.163,1114.532,0.008,72.763,,,,,,,,,1.1,1.61,0.8138594133831254,0.20065398335315102,1369.4629009898176
GIN,Guinea,2017,4.847,18265129177.0,12385668.0,13.342,0.391,0.265,1077.21,0.013,77.61,,,,,,,,,1.23,1.77,0.7304629422933755,0.3632888622395443,1474.6987548027284
GIN,Guinea,2018,3.77,19467826772.0,12704776.0,15.976,0.297,0.194,1257.449,0.01,81.38,,,,,,,,,1.21,1.94,0.8206360261525343,0.23597896845267902,1532.3234956680858
GIN,Guinea,2019,4.104,20561330331.0,13034349.0,18.461,0.315,0.2,1416.339,0.011,85.484,,,,,,,,,1.31,2.05,0.8978504650628872,0.2223064839391149,1577.4727476608152
GIN,Guinea,2020,4.43,21528646361.0,13371185.0,20.79,0.331,0.206,1554.841,0.013,89.915,,,,,,,,,1.51,2.48,0.9656900694723618,0.2130832130832131,1610.0776678357229
GIN,Guinea,2021,4.068,22615336825.0,13710515.0,20.97,0.297,0.18,1529.503,0.011,93.982,,,,,,,,,2.66,3.64,0.9272468573989501,0.19399141630901284,1649.488500249626
GIN,Guinea,2022,4.052,23678257190.0,14055136.0,21.539,0.288,0.171,1532.448,0.011,98.035,,,,,,,,,2.98,4.0,0.9096530976568888,0.18812386833186312,1684.6693756645257
GNB,Guinea-Bissau,1990,0.095,1261819956.0,973678.0,1.131,0.098,0.075,1161.848,0.0,3.364,,,,,,,,,,,0.8963243881364007,0.08399646330680813,1295.9314639952838
GNB,Guinea-Bissau,1991,0.095,1300711311.0,994640.0,1.131,0.096,0.073,1137.362,0.0,3.459,,,,,,,,,,,0.8695242291162024,0.08399646330680813,1307.720693919408
GNB,Guinea-Bissau,1992,0.095,1333901605.0,1024365.0,1.202,0.093,0.071,1173.178,0.0,3.554,,,,,,,,,,,0.9011159410067582,0.07903494176372712,1302.174132267307
GNB,Guinea-Bissau,1993,0.099,1360698820.0,1058755.0,1.317,0.093,0.073,1243.681,0.0,3.653,,,,,,,,,,,0.9678850166122728,0.07517084282460136,1285.1876213099347
GNB,Guinea-Bissau,1994,0.099,1398135470.0,1092037.0,1.317,0.091,0.071,1205.777,0.0,3.752,,,,,,,,,,,0.9419688064991298,0.07517084282460136,1280.3004568526524
GNB,Guinea-Bissau,1995,0.103,1448758085.0,1119950.0,1.317,0.092,0.071,1175.725,0.0,3.855,,,,,,,,,,,0.9090544609454242,0.07820804859529233,1293.591754096165
GNB,Guinea-Bissau,1996,0.099,1501514648.0,1143544.0,1.264,0.087,0.066,1105.314,0.0,3.953,,,,,,,,,,,0.8418166294172577,0.07832278481012658,1313.036182254465
GNB,Guinea-Bissau,1997,0.117,1589254020.0,1165550.0,1.317,0.101,0.074,1129.727,0.0,4.071,,,,,,,,,,,0.8286906834440475,0.0888382687927107,1363.5228175539444
GNB,Guinea-Bissau,1998,0.088,1315465409.0,1187478.0,1.317,0.074,0.067,1108.866,0.0,4.159,,,,,,,,,,,1.00116657647514,0.06681852695520121,1107.7808675192298
GNB,Guinea-Bissau,1999,0.099,1485364038.0,1210211.0,1.317,0.082,0.067,1088.037,0.0,4.258,,,,,,,,,,,0.886651330116557,0.07517084282460136,1227.3595579613802
GNB,Guinea-Bissau,2000,0.051,1486201658.0,1234747.0,0.997,0.042,0.035,807.302,0.0,4.309,,,,,,,,,0.0,0.03,0.6708376313761318,0.05115346038114343,1203.6487296587884
GNB,Guinea-Bissau,2001,0.048,1520990575.0,1261281.0,1.015,0.038,0.031,804.847,0.0,4.356,,,,,,,,,0.0,0.02,0.667328264016363,0.04729064039408867,1205.9093691255162
GNB,Guinea-Bissau,2002,0.062,1507700424.0,1289317.0,1.037,0.048,0.041,804.351,0.0,4.419,,,,,,,,,0.0,0.02,0.6878024198260754,0.059787849566055935,1169.3791550099781
GNB,Guinea-Bissau,2003,0.073,1522869105.0,1318809.0,1.206,0.056,0.048,914.228,0.0,4.492,,,,,,,,,0.0,0.02,0.7919262371535208,0.06053067993366501,1154.7305978348647
GNB,Guinea-Bissau,2004,0.044,1573921435.0,1349569.0,1.247,0.033,0.028,924.365,0.0,4.536,,,,,,,,,0.0,0.03,0.7922885934900556,0.03528468323977546,1166.2400625681237
GNB,Guinea-Bissau,2005,0.092,1653070519.0,1381590.0,1.264,0.066,0.055,914.571,0.0,4.628,,,,,,,,,0.0,0.03,0.7646376760530686,0.07278481012658228,1196.4986131920468
GNB,Guinea-Bissau,2006,0.117,1701901067.0,1415315.0,1.292,0.083,0.069,913.13,0.0,4.745,,,,,,,,,0.0,0.03,0.7591510605710197,0.09055727554179567,1202.4892458569293
GNB,Guinea-Bissau,2007,0.084,1768965179.0,1450989.0,1.373,0.058,0.048,946.341,0.0,4.829,,,,,,,,,0.0,0.03,0.7761599924630286,0.06117989803350328,1219.144444926874
GNB,Guinea-Bissau,2008,0.117,1837842538.0,1488059.0,1.337,0.079,0.064,898.696,0.0,4.946,,,,,,,,,0.0,0.03,0.7274834336215588,0.087509349289454,1235.0602617234936
GNB,Guinea-Bissau,2009,0.099,1913611627.0,1526384.0,1.386,0.065,0.052,907.719,0.0,5.045,,,,,,,,,0.0,0.03,0.7242848969165466,0.07142857142857142,1253.6895217717167
GNB,Guinea-Bissau,2010,0.103,2015432308.0,1566352.0,1.422,0.065,0.051,907.742,0.0,5.148,,,,,,,,,0.0,0.03,0.7055558226170898,0.07243319268635724,1286.7045900282951
GNB,Guinea-Bissau,2011,0.11,2192198781.0,1608084.0,1.443,0.068,0.05,897.148,0.0,5.258,,,,,,,,,0.0,0.03,0.6582432270771343,0.07623007623007623,1363.2364857805935
GNB,Guinea-Bissau,2012,0.114,2160239109.0,1651425.0,1.471,0.069,0.053,890.799,0.0,5.371,,,,,,,,,0.0,0.03,0.6809431390587791,0.07749830047586675,1308.1060956446704
GNB,Guinea-Bissau,2013,0.143,2238347369.0,1695980.0,1.506,0.084,0.064,887.902,0.0,5.514,,,,,,,,,0.0,0.02,0.672817821244974,0.0949535192563081,1319.7958519558013
GNB,Guinea-Bissau,2014,0.143,2253617077.0,1741126.0,1.582,0.082,0.063,908.412,0.0,5.657,,,,,,,,,0.0,0.03,0.7019826110414231,0.09039190897597978,1294.3446235367228
GNB,Guinea-Bissau,2015,0.154,2372699688.0,1786461.0,1.635,0.086,0.065,915.173,0.0,5.811,,,,,,,,,0.0,0.06,0.6890884709384258,0.09418960244648318,1328.1564433816354
GNB,Guinea-Bissau,2016,0.169,2519068025.0,1831898.0,1.702,0.092,0.067,929.211,0.0,5.98,,,,,,,,,0.0,0.08,0.6756467007277424,0.09929494712103408,1375.113693557174
GNB,Guinea-Bissau,2017,0.183,2668676184.0,1877074.0,1.377,0.098,0.069,733.805,0.001,6.163,,,,,,,,,0.0,0.08,0.5159861688187494,0.1328976034858388,1421.72135142248
GNB,Guinea-Bissau,2018,0.198,2771625236.0,1922167.0,0.941,0.103,0.071,489.608,0.001,6.361,,,,,,,,,0.0,0.08,0.33951199021338396,0.2104144527098831,1441.9273850815252
GNB,Guinea-Bissau,2019,0.256,2896348420.0,1967704.0,1.181,0.13,0.089,600.096,0.001,6.617,,,,,,,,,0.0,0.08,0.40775481010672054,0.21676545300592717,1471.9431479531474
GNB,Guinea-Bissau,2020,0.311,2939793794.0,2013259.0,1.405,0.155,0.106,697.88,0.001,6.929,,,,,,,,,0.0,0.08,0.47792467718911036,0.22135231316725978,1460.2163924264091
GNB,Guinea-Bissau,2021,0.341,3127940606.0,2058841.0,1.52,0.166,0.109,738.194,0.001,7.269,,,,,,,,,0.0,0.08,0.4859427308448068,0.2243421052631579,1519.2725450872604
GNB,Guinea-Bissau,2022,0.344,3259313986.0,2105535.0,1.545,0.164,0.106,733.946,0.001,7.614,,,,,,,,,0.0,0.08,0.4740261314609043,0.2226537216828479,1547.974261173526
HTI,Haiti,1990,0.994,10773450000.0,6854444.0,3.388,0.145,0.092,494.328,0.004,20.465,,,,,,,,,,,0.3144767924852299,0.29338842975206614,1571.746738320424
HTI,Haiti,1991,0.974,11156723437.0,6995455.0,3.481,0.139,0.087,497.611,0.004,21.439,,,,,,,,,,,0.3120091682523617,0.27980465383510483,1594.8531492233171
HTI,Haiti,1992,0.887,10725683419.0,7136577.0,3.849,0.124,0.083,539.39,0.004,22.326,,,,,,,,,,,0.35885825169720126,0.23044946739412833,1502.917073409283
HTI,Haiti,1993,0.683,10302867632.0,7278182.0,2.854,0.094,0.066,392.163,0.003,23.009,,,,,,,,,,,0.2770102559733634,0.23931324456902592,1415.5825770776273
HTI,Haiti,1994,0.183,9215060363.0,7419776.0,2.443,0.025,0.02,329.282,0.001,23.192,,,,,,,,,,,0.2651094950836189,0.07490790012279984,1241.959374919135
HTI,Haiti,1995,0.876,10289435607.0,7562551.0,4.052,0.116,0.085,535.783,0.004,24.068,,,,,,,,,,,0.3938019688119129,0.21618953603158936,1360.5773510816655
HTI,Haiti,1996,1.019,10882101707.0,7707560.0,4.749,0.132,0.094,616.15,0.004,25.087,,,,,,,,,,,0.436404669600282,0.21457148873447038,1411.8737586214054
HTI,Haiti,1997,1.348,11346974445.0,7854304.0,6.017,0.172,0.119,766.092,0.006,26.435,,,,,,,,,,,0.5302735129232063,0.22403190958949643,1444.6823607795166
HTI,Haiti,1998,1.235,11780950427.0,8002144.0,5.697,0.154,0.105,711.985,0.005,27.67,,,,,,,,,,,0.4835772831149016,0.2167807618044585,1472.2242472767298
HTI,Haiti,1999,1.271,12289767443.0,8151301.0,6.291,0.156,0.103,771.808,0.005,28.941,,,,,,,,,,,0.5118892630944961,0.20203465267842952,1507.7062475057662
HTI,Haiti,2000,1.634,12590117444.0,8303151.0,6.433,0.197,0.13,774.733,0.006,30.575,,,,,,,,,0.28,0.54,0.5109563138400856,0.254002798072439,1516.3059715522456
HTI,Haiti,2001,1.466,12654293375.0,8455917.0,7.036,0.173,0.116,832.124,0.006,32.042,,,,,,,,,0.28,0.59,0.5560168230254896,0.2083570210346788,1496.5016065082002
HTI,Haiti,2002,1.778,12820096281.0,8607648.0,7.82,0.207,0.139,908.486,0.007,33.819,,,,,,,,,0.26,0.55,0.6099798182943147,0.22736572890025575,1489.3843569114351
HTI,Haiti,2003,1.692,13072600973.0,8759913.0,7.21,0.193,0.129,823.075,0.006,35.512,,,,,,,,,0.25,0.53,0.5515352311977892,0.2346740638002774,1492.320868141042
HTI,Haiti,2004,1.643,12808948010.0,8910267.0,8.376,0.184,0.128,940.091,0.006,37.155,,,,,,,,,0.26,0.55,0.6539178700281101,0.19615568290353394,1437.5492911716337
HTI,Haiti,2005,1.715,13245370242.0,9061274.0,8.75,0.189,0.129,965.679,0.006,38.869,,,,,,,,,0.26,0.55,0.6606081853608332,0.196,1461.7558460322466
HTI,Haiti,2006,1.746,13759840125.0,9216569.0,8.964,0.189,0.127,972.555,0.006,40.615,,,,,,,,,0.27,0.57,0.6514610575826003,0.19477911646586346,1492.9460328458454
HTI,Haiti,2007,1.766,14437110458.0,9373300.0,9.93,0.188,0.122,1059.405,0.006,42.382,,,,,,,,,0.15,0.46,0.6878107657961094,0.17784491440080563,1540.237745297814
HTI,Haiti,2008,1.754,14789629003.0,9530782.0,9.957,0.184,0.119,1044.733,0.005,44.135,,,,,,,,,0.18,0.49,0.6732420399443606,0.17615747715175253,1551.7749753378055
HTI,Haiti,2009,1.881,15482895499.0,9689585.0,9.405,0.194,0.121,970.681,0.006,46.016,,,,,,,,,0.2,0.71,0.607444518411136,0.2,1597.8904668259786
HTI,Haiti,2010,2.129,14869726114.0,9803299.0,8.751,0.217,0.143,892.687,0.006,48.146,,,,,,,,,0.17,0.68,0.588511175855542,0.2432864815449663,1516.8083839940005
HTI,Haiti,2011,2.272,15936160000.0,9914904.0,9.32,0.229,0.143,940.049,0.007,50.417,,,,,,,,,0.12,0.99,0.5848334856075742,0.24377682403433476,1607.2934241219077
HTI,Haiti,2012,2.262,16393482000.0,10069770.0,10.098,0.225,0.138,1002.771,0.006,52.68,,,,,,,,,0.22,1.1,0.615976520424398,0.22400475341651813,1627.98971575319
HTI,Haiti,2013,2.703,17085684000.0,10222365.0,10.786,0.264,0.158,1055.107,0.008,55.383,,,,,,,,,0.14,1.05,0.6312887444248647,0.2506026330428333,1671.40226356621
HTI,Haiti,2014,2.698,17572203000.0,10373241.0,11.735,0.26,0.154,1131.308,0.008,58.081,,,,,,,,,0.09,1.03,0.6678160956824821,0.22991052407328505,1693.9935165875352
HTI,Haiti,2015,2.654,17862468000.0,10523249.0,13.425,0.252,0.149,1275.714,0.007,60.736,,,,,,,,,0.08,1.03,0.7515758740617478,0.19769087523277468,1697.4289974512624
HTI,Haiti,2016,2.977,18337150574.0,10671462.0,13.965,0.279,0.162,1308.607,0.008,63.713,,,,,,,,,0.07,1.08,0.7615687041257536,0.21317579663444325,1718.335367168997
HTI,Haiti,2017,3.133,18822570039.0,10817759.0,13.759,0.29,0.166,1271.855,0.009,66.846,,,,,,,,,0.13,1.06,0.7309841308329107,0.22770550185333235,1739.9694372004406
HTI,Haiti,2018,3.401,19129086184.0,10962373.0,14.425,0.31,0.178,1315.842,0.009,70.247,,,,,,,,,0.19,1.04,0.7540872502349535,0.23577123050259965,1744.9767658881885
HTI,Haiti,2019,3.119,18799472313.0,11105165.0,13.367,0.281,0.166,1203.66,0.008,73.366,,,,,,,,,0.17,1.06,0.7110305958298948,0.23333582703673225,1692.8584413648964
HTI,Haiti,2020,3.265,18185520397.0,11243846.0,14.219,0.29,0.18,1264.574,0.009,76.631,,,,,,,,,0.14,1.02,0.7818857909804802,0.22962233631057036,1617.3754422641505
HTI,Haiti,2021,3.507,17851170361.0,11374592.0,15.041,0.308,0.196,1322.325,0.01,80.138,,,,,,,,,0.13,1.03,0.842577808391798,0.23316268865102055,1569.3899491955403
HTI,Haiti,2022,2.87,17550916862.0,11503603.0,12.293,0.25,0.164,1068.592,0.008,83.009,,,,,,,,,0.19,1.01,0.7004192485587993,0.23346620027658016,1525.6886787556907
HND,Honduras,1990,2.505,14201085625.0,4980493.0,13.053,0.503,0.176,2620.887,0.011,52.851,,,,,,,,,,,0.9191550804412533,0.19190990576878877,2851.3413481356165
HND,Honduras,1991,2.527,14777670050.0,5123797.0,12.945,0.493,0.171,2526.353,0.011,55.378,,,,,,,,,,,0.875983829399412,0.1952105059868675,2884.1248101749543
HND,Honduras,1992,2.803,15733343099.0,5271437.0,13.408,0.532,0.178,2543.546,0.012,58.182,,,,,,,,,,,0.852202860868915,0.20905429594272076,2984.6402601415894
HND,Honduras,1993,2.941,16847892598.0,5423253.0,13.237,0.542,0.175,2440.815,0.013,61.122,,,,,,,,,,,0.7856768983422504,0.22218025232303393,3106.6027341892404
HND,Honduras,1994,3.231,16756478908.0,5579247.0,14.114,0.579,0.193,2529.65,0.014,64.354,,,,,,,,,,,0.842301063218096,0.22892163808983987,3003.3585012457775
HND,Honduras,1995,3.836,17579243982.0,5739636.0,15.847,0.668,0.218,2761.003,0.016,68.19,,,,,,,,,,,0.9014608373503602,0.24206474411560547,3062.7802846731047
HND,Honduras,1996,3.876,18358896091.0,5903962.0,17.375,0.656,0.211,2942.957,0.016,72.065,,,,,,,,,,,0.9464076660098135,0.2230791366906475,3109.5891353975517
HND,Honduras,1997,4.01,19427979548.0,6071458.0,17.937,0.661,0.206,2954.274,0.016,76.076,,,,,,,,,,,0.9232560676566345,0.223560238612923,3199.8870037476995
HND,Honduras,1998,4.811,20150664632.0,6234436.0,19.875,0.772,0.239,3187.987,0.02,80.886,,,,,,,,,,,0.9863198243316385,0.24206289308176102,3232.1551832435202
HND,Honduras,1999,4.705,19928432930.0,6400470.0,21.141,0.735,0.236,3303.002,0.019,85.591,,,,,,,,,,,1.060846082291529,0.2225533323873043,3113.5889911209647
HND,Honduras,2000,5.032,21239307387.0,6577781.0,19.919,0.765,0.237,3028.279,0.02,90.622,,,,,,,,,2.25,3.64,0.9378366081839314,0.2526231236507857,3228.9471764110117
HND,Honduras,2001,5.665,21992955509.0,6757992.0,22.901,0.838,0.258,3388.764,0.022,96.287,,,,,,,,,1.94,3.91,1.0412879701697395,0.2473691105191913,3254.362465803452
HND,Honduras,2002,5.945,22983633152.0,6938866.0,23.899,0.857,0.259,3444.281,0.023,102.232,,,,,,,,,1.69,4.15,1.0398268995135065,0.2487551780409222,3312.303934389279
HND,Honduras,2003,6.687,24205428089.0,7119213.0,26.526,0.939,0.276,3725.985,0.024,108.919,,,,,,,,,1.92,4.68,1.0958698975480863,0.25209228681293827,3400.0145927646777
HND,Honduras,2004,7.194,25910108120.0,7299003.0,29.495,0.986,0.278,4040.982,0.025,116.113,,,,,,,,,1.76,5.16,1.1383588159260833,0.24390574673673504,3549.8146966099343
HND,Honduras,2005,6.835,27704981594.0,7478362.0,28.728,0.914,0.247,3841.422,0.023,122.948,,,,,,,,,1.83,5.53,1.0369254317144738,0.23792119186856028,3704.6858114116435
HND,Honduras,2006,7.698,29769398424.0,7656832.0,26.989,1.005,0.259,3524.818,0.025,130.646,,,,,,,,,2.19,5.96,0.9066021293275967,0.28522731483196856,3887.9524095605075
HND,Honduras,2007,8.216,31871721735.0,7834806.0,34.167,1.049,0.258,4360.944,0.026,138.863,,,,,,,,,2.36,6.29,1.0720161365640763,0.24046594667369095,4067.9656567118573
HND,Honduras,2008,8.533,33484306097.0,8012590.0,33.617,1.065,0.255,4195.461,0.027,147.396,,,,,,,,,2.47,6.48,1.003962868533563,0.25382990748728324,4178.961621273521
HND,Honduras,2009,8.03,32923391943.0,8189904.0,31.642,0.981,0.244,3863.557,0.025,155.426,,,,,,,,,3.25,6.86,0.961079589089166,0.25377662600341316,4019.997297037914
HND,Honduras,2010,8.107,34409603132.0,8365881.0,32.703,0.969,0.236,3909.123,0.024,163.533,,,,,,,,,3.5,7.2,0.9504032892953391,0.24789774638412373,4113.08780653227
HND,Honduras,2011,8.857,35990758725.0,8540587.0,33.533,1.037,0.246,3926.354,0.026,172.389,,,,,,,,,3.44,7.47,0.9317113944782502,0.26412787403453314,4214.084901307135
HND,Honduras,2012,9.108,37443688294.0,8715081.0,36.215,1.045,0.243,4155.432,0.026,181.498,,,,,,,,,3.64,7.84,0.9671857033860394,0.25149799806709927,4296.424587906871
HND,Honduras,2013,9.328,38446700070.0,8889276.0,36.737,1.049,0.243,4132.692,0.026,190.826,,,,,,,,,3.62,8.21,0.9555306419826112,0.25391294879821436,4325.0654012767745
HND,Honduras,2014,9.503,39484545761.0,9063127.0,38.896,1.049,0.241,4291.642,0.027,200.329,,,,,,,,,3.37,8.3,0.9850942755030673,0.24431818181818182,4356.61397672128
HND,Honduras,2015,10.898,40757802007.0,9237306.0,43.256,1.18,0.267,4682.744,0.031,211.227,,,,,,,,,3.97,9.01,1.0612937369039417,0.2519419271314962,4412.303977696528
HND,Honduras,2016,9.939,42125312119.0,9412380.0,41.06,1.056,0.236,4362.351,0.028,221.166,,,,,,,,,4.47,9.3,0.9747108789131201,0.24206039941548954,4475.521825404414
HND,Honduras,2017,10.198,43936103834.0,9588144.0,42.65,1.064,0.232,4448.154,0.028,231.364,,,,,,,,,5.38,9.38,0.9707278588274652,0.23910902696365768,4582.336668493924
HND,Honduras,2018,9.876,45477892182.0,9765209.0,43.29,1.011,0.217,4433.06,0.027,241.24,,,,,,,,,6.1,9.71,0.951891082083484,0.22813582813582814,4657.134545917041
HND,Honduras,2019,10.963,46684518271.0,9943637.0,47.391,1.102,0.235,4765.927,0.03,252.202,,,,,,,,,5.64,10.66,1.0151331052598407,0.2313308434090861,4694.913769579481
HND,Honduras,2020,9.977,42499283305.0,10119638.0,42.99,0.986,0.235,4248.167,0.028,262.179,,,,,,,,,5.54,10.14,1.0115464698893468,0.232077227262154,4199.6841492749045
HND,Honduras,2021,11.06,47826185166.0,10289881.0,49.658,1.075,0.231,4825.902,0.03,273.239,,,,,,,,,6.83,11.12,1.0383015042417025,0.2227234282492247,4647.885156883738
HND,Honduras,2022,11.742,49738252980.0,10463880.0,51.869,1.122,0.236,4956.987,0.031,284.981,,,,,,,,,6.76,11.33,1.0428392010643555,0.22637799070735892,4753.327922338559
HKG,Hong Kong,1990,27.148,159035333203.0,5560599.0,139.358,4.882,0.171,25061.643,0.119,445.12,0.0,100.0,0.0,0.0,45.833,0.0,54.167,0.0,0.0,28.96,0.8762706827049374,0.194807617790152,28600.395965074986
HKG,Hong Kong,1991,28.463,166388672053.0,5628091.0,144.389,5.057,0.171,25655.133,0.123,473.583,0.0,100.0,0.0,0.0,47.732,0.0,52.268,0.0,0.0,31.889,0.8677814313825859,0.19712720498098885,29563.962639019162
HKG,Hong Kong,1992,32.922,174712323919.0,5759558.0,169.929,5.716,0.188,29503.812,0.146,506.505,0.0,100.0,0.0,0.0,42.994,0.0,57.006,0.0,0.0,35.076,0.9726217143032357,0.19373973836131558,30334.32841877797
HKG,Hong Kong,1993,34.778,183841594031.0,5902506.0,185.502,5.892,0.189,31427.719,0.153,541.283,0.0,100.0,0.0,0.0,45.61,0.0,54.39,0.0,0.0,35.947,1.0090317209103399,0.187480458431715,31146.362922968652
HKG,Hong Kong,1994,31.079,193897052623.0,6042259.0,168.093,5.144,0.16,27819.545,0.135,572.362,0.0,100.0,0.0,0.0,35.957,0.0,64.043,0.0,0.0,26.741,0.8669187990537864,0.18489169685828677,32090.159098277647
HKG,Hong Kong,1995,31.271,196081470595.0,6177105.0,180.681,5.062,0.159,29250.051,0.133,603.633,0.0,100.0,0.0,0.0,36.059,0.168,63.773,0.0,0.0,27.916,0.9214588173565407,0.1730729849845861,31743.263324000483
HKG,Hong Kong,1996,28.909,207053020618.0,6302469.0,180.591,4.587,0.14,28654.012,0.119,632.541,0.0,100.0,0.0,0.0,26.81,10.67,62.521,0.0,0.0,28.44,0.8721968868697608,0.16007995968791358,32852.6837050686
HKG,Hong Kong,1997,30.497,216031296787.0,6416674.0,182.693,4.753,0.141,28471.619,0.125,663.038,0.0,100.0,0.0,0.0,22.363,16.468,61.168,0.0,0.0,28.943,0.8456783934418979,0.16693031479038606,33667.17660691505
HKG,Hong Kong,1998,38.925,201421963837.0,6521331.0,186.234,5.969,0.193,28557.631,0.16,701.963,0.0,100.0,0.0,0.0,27.271,15.156,57.573,0.0,0.0,31.414,0.9245962875762109,0.2090112439189407,30886.634007229506
HKG,Hong Kong,1999,42.549,205093825462.0,6616524.0,188.622,6.431,0.207,28507.68,0.171,744.512,0.0,100.0,0.0,0.0,23.016,16.501,60.483,0.0,0.0,29.496,0.9196863902416608,0.22557814040779972,30997.216281842248
HKG,Hong Kong,2000,39.765,218622146616.0,6704665.0,197.475,5.931,0.182,29453.422,0.156,784.278,0.0,100.0,0.0,0.0,25.547,14.248,60.204,0.0,0.0,31.26,0.9032707941837932,0.2013672616786935,32607.46757906622
HKG,Hong Kong,2001,37.289,219159408785.0,6774243.0,249.42,5.504,0.17,36818.906,0.145,821.566,0.0,100.0,0.0,0.0,31.949,11.385,56.665,0.0,0.0,32.36,1.1380757111125732,0.14950284660412155,32351.867032965896
HKG,Hong Kong,2002,39.003,222182532288.0,6821412.0,243.433,5.718,0.176,35686.531,0.148,860.57,0.0,100.0,0.0,0.0,25.464,11.082,63.453,0.0,0.0,34.23,1.0956441872057452,0.16022067673651477,32571.340404010196
HKG,Hong Kong,2003,42.733,225487397415.0,6858906.0,251.405,6.23,0.19,36653.867,0.155,903.303,0.0,100.0,0.0,0.0,31.27,6.9,61.829,0.0,0.0,35.43,1.1149403597811711,0.16997673077305542,32875.12577297312
HKG,Hong Kong,2004,41.158,243895605092.0,6888164.0,281.527,5.975,0.169,40871.117,0.144,944.46,0.0,100.0,0.0,0.0,26.074,8.902,65.024,0.0,0.0,37.05,1.1542930422784987,0.14619556916388127,35407.92656678906
HKG,Hong Kong,2005,43.334,259469641313.0,6908483.0,270.09,6.273,0.167,39095.48,0.146,987.795,0.0,100.0,0.0,0.0,29.569,9.3,61.131,0.0,0.0,38.38,1.0409310262012061,0.1604428153578437,37558.121126302256
HKG,Hong Kong,2006,41.915,274690745926.0,6931089.0,285.752,6.047,0.153,41227.645,0.137,1029.709,0.001,99.999,0.0,0.001,27.903,9.644,62.452,0.001,0.0,38.54,1.040268025909325,0.146683137825807,39631.68643859572
HKG,Hong Kong,2007,43.572,291247413551.0,6971344.0,304.014,6.25,0.15,43609.16,0.138,1073.282,0.001,99.999,0.0,0.001,28.616,8.468,62.915,0.001,0.0,38.88,1.0438341624852385,0.14332234699717777,41777.799740050126
HKG,Hong Kong,2008,42.794,295823304243.0,7020689.0,282.853,6.095,0.145,40288.535,0.134,1116.076,0.001,99.999,0.0,0.001,28.185,10.529,61.286,0.001,0.0,37.93,0.9561552316637444,0.1512941351161204,42135.93626537224
HKG,Hong Kong,2009,41.583,285619082956.0,7064464.0,308.858,5.886,0.146,43719.992,0.132,1157.659,0.001,99.999,0.0,0.001,26.953,9.364,63.681,0.001,0.0,38.62,1.081363320697938,0.13463468649023175,40430.39683633464
HKG,Hong Kong,2010,40.063,302377330309.0,7101614.0,321.176,5.641,0.132,45225.73,0.12,1197.722,0.053,99.947,0.001,0.001,22.55,11.191,66.206,0.053,0.04,38.23,1.06216957359796,0.12473846115525444,42578.67722872575
HKG,Hong Kong,2011,43.15,314044556431.0,7142969.0,329.331,6.041,0.137,46105.625,0.125,1240.872,0.137,99.863,0.002,0.001,26.158,8.692,65.013,0.137,0.04,38.97,1.0486760341994932,0.1310231955084702,43965.549399836396
HKG,Hong Kong,2012,42.738,319384208506.0,7201059.0,316.489,5.935,0.134,43950.406,0.122,1283.61,0.061,99.939,0.002,0.001,26.793,8.329,64.817,0.061,0.04,38.53,0.990935029256634,0.13503786861470699,44352.39435005323
HKG,Hong Kong,2013,44.31,329290162080.0,7264330.0,325.028,6.1,0.135,44742.965,0.126,1327.921,0.16,99.84,0.002,0.001,27.806,7.64,64.393,0.16,0.04,39.01,0.9870565155877189,0.13632671646750433,45329.73613258208
HKG,Hong Kong,2014,45.492,338386398632.0,7319502.0,317.208,6.215,0.134,43337.344,0.128,1373.412,0.151,99.849,0.002,0.001,29.863,7.525,62.461,0.151,0.04,39.74,0.93741356414555,0.14341378527653778,46230.79529618272
HKG,Hong Kong,2015,42.404,346466191769.0,7366411.0,326.451,5.756,0.122,44316.176,0.12,1415.816,0.205,99.795,0.003,0.001,23.863,9.33,66.602,0.205,0.07,37.86,0.9422304621792802,0.12989391976131182,47033.24207256424
HKG,Hong Kong,2016,43.366,354003396927.0,7408006.0,335.053,5.854,0.123,45228.492,0.123,1459.182,0.206,99.794,0.003,0.0,23.249,9.332,67.214,0.206,0.14,38.12,0.9464683189723521,0.12943026924098575,47786.59695024545
HKG,Hong Kong,2017,42.431,367441685993.0,7444889.0,359.341,5.699,0.115,48266.77,0.118,1501.613,0.209,99.791,0.004,0.001,20.306,8.672,70.813,0.209,0.15,36.94,0.9779538187913869,0.11808004096387553,49354.89111966612
HKG,Hong Kong,2018,42.597,377902310676.0,7471190.0,363.573,5.702,0.113,48663.375,0.116,1544.21,0.24,99.76,0.004,0.0,20.613,8.299,70.848,0.24,0.15,36.57,0.9620819712629769,0.11716216550733966,50581.27429177949
HKG,Hong Kong,2019,41.897,371582312306.0,7485817.0,344.545,5.597,0.113,46026.332,0.113,1586.107,0.253,99.747,0.012,0.001,20.831,9.044,69.872,0.253,0.16,36.94,0.9272373538497855,0.12160095198014773,49638.17741016111
HKG,Hong Kong,2020,33.513,347263059452.0,7490240.0,257.947,4.474,0.097,34437.715,0.095,1619.62,0.462,99.538,0.05,0.001,14.822,19.169,65.547,0.462,0.19,34.35,0.7427999983846667,0.12992203824816725,46362.07377226898
HKG,Hong Kong,2021,33.637,369654417943.0,7484604.0,243.686,4.494,0.091,32558.352,0.091,1653.257,0.654,99.346,0.122,0.001,17.428,19.804,62.114,0.654,0.26,36.22,0.6592265320566949,0.13803419154157398,49388.64072741858
HKG,Hong Kong,2022,30.764,356690492875.0,7465913.0,217.409,4.121,0.086,29120.252,0.082,1684.02,0.927,99.073,0.203,0.001,19.214,20.851,59.008,0.927,0.33,36.1,0.6095172266791805,0.14150288166543243,47775.87052983339
HUN,Hungary,1990,73.427,106788855164.0,10381280.0,323.255,7.073,0.688,31138.303,0.323,3333.981,0.17,88.0,0.0,0.0,22.211,32.152,33.637,12.0,0.2,28.44,3.027048089461809,0.2271488453388192,10286.675165682844
HUN,Hungary,1991,69.825,95825225553.0,10378174.0,301.901,6.728,0.729,29090.016,0.301,3403.806,0.204,87.131,0.0,0.0,22.151,34.144,30.836,12.869,0.21,29.96,3.150537849065865,0.23128442767662247,9233.34158330743
HUN,Hungary,1992,62.281,94567780137.0,10371477.0,289.652,6.005,0.659,27927.746,0.277,3466.087,0.202,86.367,0.0,0.0,20.823,31.29,34.254,13.633,0.21,31.68,3.0629036610606932,0.2150200930772099,9118.06294677219
HUN,Hungary,1993,62.991,95740692963.0,10356869.0,278.841,6.082,0.658,26923.32,0.277,3529.078,0.21,86.005,0.0,0.0,19.487,34.98,31.538,13.995,0.21,32.91,2.9124606410333906,0.2259029339300892,9244.173404433328
HUN,Hungary,1994,61.88,100339331340.0,10339936.0,283.585,5.985,0.617,27426.154,0.269,3590.958,0.208,85.988,0.0,0.0,18.176,34.733,33.079,14.012,0.21,33.52,2.8262596153752684,0.21820618156813654,9704.057292037398
HUN,Hungary,1995,61.464,104751822959.0,10322792.0,286.801,5.954,0.587,27783.232,0.261,3652.422,0.22,86.154,0.0,0.0,17.678,37.318,31.158,13.846,0.22,34.02,2.7379093928728504,0.21430887618941358,10147.625076529683
HUN,Hungary,1996,63.083,106886865711.0,10302238.0,292.249,6.123,0.59,28367.492,0.26,3715.506,0.251,86.23,0.0,0.0,17.132,40.864,28.234,13.77,0.26,35.09,2.7341900060029913,0.21585360428949285,10375.111282713524
HUN,Hungary,1997,61.676,112676520011.0,10278600.0,285.197,6.0,0.547,27746.697,0.253,3777.181,0.269,86.084,0.0,0.0,16.77,39.714,29.6,13.916,0.27,35.4,2.531112959223073,0.2162575342657882,10962.243886424221
HUN,Hungary,1998,61.255,119818720518.0,10251717.0,289.477,5.975,0.511,28236.934,0.252,3838.437,0.214,86.36,0.0,0.0,16.033,39.395,30.933,13.64,0.22,37.2,2.415958030168689,0.2116057579704087,11687.673442214607
HUN,Hungary,1999,61.575,126176462095.0,10219797.0,289.338,6.025,0.488,28311.498,0.248,3900.012,0.245,86.181,0.0,0.0,16.699,39.935,29.547,13.819,0.24,37.83,2.2931218326771075,0.2128133878025009,12346.27870739507
HUN,Hungary,2000,58.244,134151505450.0,10190598.0,280.802,5.716,0.434,27555.037,0.228,3958.256,0.249,85.679,0.0,0.0,16.074,40.122,29.484,14.321,0.24,35.19,2.0931706957597918,0.20742017506997815,13164.242711762352
HUN,Hungary,2001,59.828,142043461403.0,10166693.0,287.644,5.885,0.421,28292.807,0.233,4018.084,0.256,86.138,0.0,0.001,14.905,43.432,27.801,13.862,0.26,36.42,2.0250421748306175,0.20799321383376673,13971.451818501848
HUN,Hungary,2002,58.842,151456660939.0,10138461.0,280.912,5.804,0.389,27707.572,0.224,4076.926,0.238,86.111,0.0,0.001,14.73,44.899,26.482,13.889,0.23,36.15,1.8547351979002022,0.20946773366748306,14938.821675104338
HUN,Hungary,2003,61.611,160456137012.0,10108970.0,284.387,6.095,0.384,28132.156,0.223,4138.538,0.345,89.077,0.0,0.004,14.878,48.725,25.474,10.923,0.33,34.13,1.7723659892094474,0.21664492399441607,15872.649440249601
HUN,Hungary,2004,59.985,171925388770.0,10085788.0,288.927,5.947,0.349,28646.92,0.21,4198.522,0.985,87.811,0.0,0.006,13.888,47.266,26.656,12.189,0.94,33.71,1.6805371333871086,0.2076129956701866,17046.30206088012
HUN,Hungary,2005,60.142,183107031890.0,10065703.0,308.077,5.975,0.328,30606.633,0.203,4258.665,1.882,86.008,0.0,0.009,11.59,45.8,28.619,13.992,1.87,35.75,1.682496826146331,0.19521742940888154,18191.181668086174
HUN,Hungary,2006,59.529,194033322767.0,10049946.0,302.061,5.923,0.307,30055.938,0.195,4318.193,1.557,86.493,0.0,0.038,11.863,44.241,30.388,13.507,1.49,35.85,1.5567480662211939,0.19707608728038375,19306.90202385167
HUN,Hungary,2007,58.449,198872162765.0,10034084.0,298.086,5.825,0.294,29707.297,0.186,4376.642,2.042,84.821,0.0,0.098,12.228,41.899,30.694,15.179,1.88,39.96,1.4988824773441891,0.1960809967593245,19819.662937344354
HUN,Hungary,2008,57.184,204720371926.0,10016653.0,293.896,5.709,0.279,29340.787,0.178,4433.826,3.095,83.554,0.001,0.185,12.052,41.943,29.559,16.446,2.35,40.02,1.4355972355610715,0.19457222963225088,20438.001788222075
HUN,Hungary,2009,51.458,195180908684.0,10001381.0,272.688,5.145,0.264,27265.072,0.163,4485.284,3.947,81.145,0.001,0.32,10.942,39.191,31.013,18.855,2.89,35.91,1.3971038552827153,0.18870650707035147,19515.395792241092
HUN,Hungary,2010,51.993,200496589291.0,9979128.0,277.827,5.21,0.259,27840.814,0.156,4537.276,3.999,81.163,0.001,0.496,11.318,41.268,28.576,18.837,3.02,37.36,1.3856943950141862,0.18714163850165752,20091.594104314525
HUN,Hungary,2011,50.156,208407605976.0,9946675.0,269.464,5.042,0.241,27090.857,0.145,4587.433,3.672,81.184,0.001,0.604,11.758,40.675,28.751,18.816,2.71,36.02,1.2929662463040394,0.18613247038565447,20952.48974918754
HUN,Hungary,2012,46.72,205802052322.0,9916621.0,251.116,4.711,0.227,25322.736,0.134,4634.152,3.807,79.911,0.008,0.795,12.142,38.961,28.808,20.089,2.64,34.62,1.2201821953024128,0.18604947514296183,20753.24370287016
HUN,Hungary,2013,43.487,209511661762.0,9889344.0,238.041,4.397,0.208,24070.496,0.123,4677.639,4.115,79.29,0.027,0.775,11.22,38.334,29.736,20.71,2.78,30.27,1.1361706455768015,0.1826870161022681,21185.597524163382
HUN,Hungary,2014,43.639,218378634753.0,9862843.0,238.269,4.425,0.2,24158.225,0.123,4721.278,4.82,78.386,0.072,0.705,11.08,34.246,33.059,21.614,3.16,29.39,1.091082011156894,0.1831501370299955,22141.550337260767
HUN,Hungary,2015,46.567,226474616785.0,9839211.0,251.04,4.733,0.206,25514.207,0.132,4767.845,4.593,79.365,0.143,0.702,10.895,34.858,33.612,20.635,3.22,30.33,1.108468593804138,0.18549633524537923,23017.558703131785
HUN,Hungary,2016,47.039,231459349147.0,9810529.0,255.495,4.795,0.203,26042.918,0.133,4814.884,4.567,79.568,0.241,0.676,10.032,36.72,32.817,20.432,3.25,31.88,1.1038439403790725,0.18410927806806396,23592.95295360729
HUN,Hungary,2017,49.424,241347220007.0,9785608.0,269.293,5.051,0.205,27519.338,0.137,4864.307,4.454,80.533,0.325,0.707,9.753,37.058,33.722,19.467,3.48,32.92,1.1157907681397343,0.1835324349314687,24663.487440637313
HUN,Hungary,2018,49.366,254289117363.0,9774395.0,271.203,5.051,0.194,27746.227,0.134,4913.674,4.84,80.666,0.579,0.559,9.147,35.636,35.883,19.334,3.77,32.05,1.0665143786426976,0.18202601003676214,26015.842142966394
HUN,Hungary,2019,49.159,266658311342.0,9770346.0,274.892,5.031,0.184,28135.389,0.133,4962.833,5.632,79.626,1.355,0.66,7.82,35.996,35.81,20.374,4.7,34.28,1.0308772999294966,0.17883023150910177,27292.61700066712
HUN,Hungary,2020,47.105,254563881936.0,9749459.0,270.327,4.832,0.185,27727.416,0.134,5009.938,6.807,78.448,2.258,0.602,7.289,37.914,33.246,21.552,5.52,34.92,1.0619220525084663,0.17425192452104304,26110.564897600983
HUN,Hungary,2021,48.326,272892486007.0,9707848.0,283.958,4.978,0.177,29250.391,0.131,5058.264,7.724,78.326,3.312,0.579,5.645,38.29,34.391,21.674,6.91,36.1,1.0405489874599045,0.17018714035174215,28110.502554943178
HUN,Hungary,2022,45.267,285385229433.0,9684308.0,267.047,4.674,0.159,27575.229,0.121,5103.532,8.957,76.403,4.381,0.565,5.465,34.635,36.303,23.597,7.66,35.78,0.9357421914601742,0.16950948709403213,29468.830342136993
ISL,Iceland,1990,2.222,7325718271.0,254842.0,21.688,8.719,0.303,85104.047,0.01,64.28,59.083,40.917,0.0,0.0,3.594,0.0,37.323,59.083,4.437,4.447,2.9605288106499175,0.10245296938399115,28746.118265435052
ISL,Iceland,1991,2.103,7288590266.0,257817.0,21.188,8.157,0.289,82181.078,0.009,66.383,60.295,39.705,0.0,0.0,3.799,0.0,35.906,60.295,4.421,4.425,2.9070093429230504,0.09925429488389655,28270.40213019312
ISL,Iceland,1992,2.249,7011078151.0,261087.0,21.934,8.615,0.321,84010.953,0.01,68.632,59.704,40.296,0.0,0.0,2.893,0.0,37.404,59.704,4.534,4.539,3.1284774648919758,0.10253487735935078,26853.41725555083
ISL,Iceland,1993,2.4,7076878574.0,263760.0,22.785,9.1,0.339,86386.883,0.011,71.032,59.777,40.223,0.0,0.0,2.876,0.0,37.347,59.777,4.715,4.721,3.2196398117823635,0.10533245556287031,26830.74982559903
ISL,Iceland,1994,2.349,7301854318.0,266063.0,23.04,8.83,0.322,86596.031,0.01,73.382,59.774,40.226,0.0,0.0,2.809,0.0,37.417,59.774,4.768,4.773,3.1553628703880694,0.101953125,27444.080229118666
ISL,Iceland,1995,2.469,7280955133.0,267516.0,23.782,9.229,0.339,88899.734,0.01,75.851,60.333,39.667,0.0,0.0,3.201,0.0,36.466,60.333,4.965,4.976,3.266329700647532,0.10381801362374905,27216.8959351964
ISL,Iceland,1996,2.523,7601917128.0,268967.0,25.168,9.38,0.332,93572.672,0.01,78.374,58.579,41.421,0.0,0.0,2.991,0.0,38.43,58.579,5.105,5.112,3.310743800047382,0.10024634456452639,28263.382229046685
ISL,Iceland,1997,2.618,8108417582.0,271194.0,26.403,9.655,0.323,97359.359,0.011,80.992,61.043,38.957,0.0,0.0,2.961,0.0,35.996,61.043,5.574,5.58,3.2562457141591254,0.09915539900768852,29898.956400215346
ISL,Iceland,1998,2.638,8607334873.0,274121.0,28.57,9.625,0.307,104224.273,0.011,83.63,63.559,36.441,0.0,0.0,2.45,0.0,33.991,63.559,6.268,6.274,3.319262050512299,0.09233461673083654,31399.76460395227
ISL,Iceland,1999,2.841,8919642339.0,277450.0,31.3,10.239,0.319,112814.375,0.011,86.471,66.566,33.434,0.0,0.0,2.603,0.0,30.831,66.566,7.178,7.184,3.5091093129535853,0.0907667731629393,32148.647824833304
ISL,Iceland,2000,2.933,9307402059.0,281293.0,33.23,10.426,0.315,118131.695,0.011,89.404,67.054,32.946,0.0,0.0,3.387,0.0,29.56,67.054,7.61,7.61,3.5702766238477373,0.08826361721336143,33087.9263223756
ISL,Iceland,2001,2.865,9632094658.0,285058.0,33.6,10.051,0.297,117870.156,0.011,92.269,68.986,31.014,0.0,0.0,3.627,0.0,27.387,68.986,7.96,7.96,3.4883378115572503,0.08526785714285715,33789.94681082446
ISL,Iceland,2002,2.992,9623436669.0,287609.0,34.911,10.403,0.311,121384.805,0.011,95.261,69.06,30.94,0.0,0.0,3.482,0.0,27.458,69.06,8.34,8.35,3.6277061096540377,0.08570364641517,33460.1374400662
ISL,Iceland,2003,2.985,9810546928.0,289616.0,35.086,10.308,0.304,121147.977,0.011,98.246,69.009,30.991,0.0,0.0,3.399,0.0,27.592,69.009,8.43,8.44,3.576355146914598,0.08507666875676909,33874.326446052706
ISL,Iceland,2004,3.107,10591927126.0,292172.0,35.781,10.635,0.293,122464.852,0.011,101.354,68.283,31.717,0.0,0.0,3.483,0.0,28.234,68.283,8.54,8.54,3.378138800839027,0.08683379447192645,36252.3688991416
ISL,Iceland,2005,2.976,11206862490.0,296852.0,35.904,10.026,0.266,120949.797,0.01,104.33,68.112,31.888,0.0,0.0,3.305,0.0,28.583,68.112,8.61,8.61,3.203751275795301,0.08288770053475936,37752.35635939795
ISL,Iceland,2006,3.154,11775508947.0,303883.0,39.382,10.38,0.268,129596.773,0.01,107.484,70.76,29.24,0.0,0.0,3.049,0.0,26.19,70.76,9.85,9.85,3.344398970545829,0.08008734955055609,38750.14050473373
ISL,Iceland,2007,3.494,12798725464.0,311662.0,45.02,11.212,0.273,144452.812,0.011,110.979,74.337,25.663,0.0,0.0,2.834,0.0,22.828,74.337,11.89,11.89,3.5175377522262945,0.07760995113282985,41066.04418889694
ISL,Iceland,2008,3.811,13031114591.0,317519.0,56.451,12.004,0.292,177787.047,0.012,114.79,81.016,18.984,0.0,0.0,1.982,0.0,17.001,81.016,16.34,16.34,4.332016237428236,0.06750987582150891,41040.424639155455
ISL,Iceland,2009,3.73,12031037299.0,318619.0,56.355,11.708,0.31,176872.812,0.012,118.521,82.491,17.509,0.0,0.0,1.825,0.0,15.684,82.491,16.71,16.71,4.684134759077185,0.06618756099724958,37759.949340748666
ISL,Iceland,2010,3.627,11531450215.0,318163.0,56.386,11.399,0.314,177223.719,0.011,122.147,83.047,16.953,0.0,0.0,1.925,0.0,15.028,83.047,16.74,16.74,4.8897579184492885,0.06432447770723229,36243.844240216495
ISL,Iceland,2011,3.503,11716753534.0,319139.0,56.377,10.978,0.299,176654.859,0.01,125.651,83.32,16.68,0.0,0.0,1.917,0.0,14.764,83.32,16.85,16.85,4.811657071765115,0.06213526792841052,36713.63742444515
ISL,Iceland,2012,3.499,11841375384.0,320851.0,56.898,10.906,0.296,177335.031,0.01,129.15,83.699,16.301,0.0,0.0,1.93,0.0,14.372,83.699,17.29,17.29,4.80501615351881,0.06149601040458364,36906.15078026872
ISL,Iceland,2013,3.489,12380449213.0,323891.0,58.717,10.772,0.282,181285.359,0.01,132.639,83.281,16.719,0.0,0.024,2.153,0.0,14.566,83.281,17.99,17.99,4.742719669520929,0.05942061072602483,38224.12235289032
ISL,Iceland,2014,3.445,12589333385.0,327517.0,58.63,10.519,0.274,179012.797,0.01,136.084,83.012,16.988,0.0,0.036,1.762,0.0,15.226,83.012,17.8,17.8,4.657117117087133,0.058758314855875834,38438.71733375672
ISL,Iceland,2015,3.541,13147880818.0,330962.0,61.207,10.699,0.269,184937.594,0.01,139.625,82.168,17.832,0.0,0.045,1.873,0.0,15.958,82.168,18.55,18.55,4.655274933448214,0.05785285996699724,39726.25503229978
ISL,Iceland,2016,3.494,13976682094.0,335571.0,61.442,10.411,0.25,183095.906,0.01,143.119,80.357,19.643,0.0,0.037,2.167,0.0,17.476,80.357,18.17,18.17,4.396036168439162,0.05686663845577943,41650.446832414
ISL,Iceland,2017,3.611,14562998209.0,343537.0,64.246,10.511,0.248,187012.172,0.01,146.73,79.303,20.697,0.0,0.031,2.053,0.0,18.643,79.303,19.07,19.07,4.411591560884466,0.056205833826230435,42391.35292268373
ISL,Iceland,2018,3.665,15275006901.0,352860.0,66.459,10.388,0.24,188342.578,0.01,150.395,78.7,21.3,0.0,0.016,1.967,0.0,19.334,78.7,19.69,19.69,4.350832731581232,0.05514678222663597,43289.142722326134
ISL,Iceland,2019,3.553,15550746271.0,360709.0,63.328,9.849,0.228,175565.688,0.01,153.948,80.843,19.157,0.0,0.025,2.016,0.0,17.141,80.843,19.36,19.36,4.072344754161284,0.05610472460838808,43111.61149569321
ISL,Iceland,2020,3.339,14424580947.0,366626.0,58.082,9.107,0.231,158421.688,0.009,157.286,86.126,13.874,0.0,0.028,1.612,0.0,12.261,86.126,18.89,18.89,4.026598777005012,0.05748768981784374,39344.12984076416
ISL,Iceland,2021,3.491,15049658393.0,372647.0,60.645,9.367,0.232,162740.016,0.009,160.777,84.494,15.506,0.0,0.024,2.193,0.0,13.313,84.494,19.39,19.39,4.029659572087538,0.05756451479924149,40385.83000265667
ISL,Iceland,2022,3.598,16019540441.0,380368.0,63.724,9.458,0.225,167531.625,0.01,164.375,82.075,17.925,0.0,0.022,2.063,0.0,15.861,82.075,19.87,19.87,3.977891889888828,0.05646224342476932,42115.89944737728
IND,India,1990,577.987,1750993000000.0,864972221.0,2300.701,0.668,0.33,2659.855,2.543,11004.504,8.068,91.155,0.0,0.004,55.76,5.066,30.329,8.845,66.465,287.763,1.3139407182096101,0.2512221275167873,2024.3343745486595
IND,India,1991,615.388,1768493598375.0,883927605.0,2427.663,0.696,0.348,2746.45,2.652,11619.894,8.531,90.846,0.0,0.013,56.249,5.348,29.249,9.154,74.127,320.458,1.3727293116755894,0.2534898789494259,2000.7222179411401
IND,India,1992,655.424,1851711465033.0,902957075.0,2552.772,0.726,0.354,2827.125,2.91,12275.316,7.687,91.613,0.0,0.01,56.629,5.683,29.301,8.387,70.269,337.153,1.378601390230365,0.25674991734475305,2050.719260417778
IND,India,1993,677.262,1944353884791.0,922118380.0,2616.248,0.734,0.348,2837.215,2.977,12952.578,7.588,91.747,0.0,0.01,57.224,5.634,28.89,8.253,71.079,362.176,1.3455616389920821,0.2588676608639548,2108.572963040819
IND,India,1994,714.043,2055026658036.0,941163772.0,2757.121,0.759,0.347,2929.481,3.108,13666.621,8.187,91.312,0.0,0.019,56.056,5.782,29.473,8.688,80.784,387.967,1.3416473159696114,0.25898137948969235,2183.4952844275012
IND,India,1995,760.48,2189535837458.0,960301046.0,2963.118,0.792,0.347,3085.614,3.234,14427.102,7.258,92.025,0.0,0.047,55.329,6.13,30.565,7.975,76.982,427.149,1.3533087466794382,0.25664857086352955,2280.051496953175
IND,India,1996,823.602,2345228680352.0,979678460.0,3081.631,0.841,0.351,3145.554,3.399,15250.703,6.408,92.831,0.001,0.08,54.7,6.43,31.701,7.169,70.698,443.205,1.3140002191758426,0.26726171952449856,2393.8759257317956
IND,India,1997,857.976,2426804815330.0,999133764.0,3252.01,0.859,0.354,3254.829,3.519,16108.679,6.202,92.934,0.001,0.085,54.202,6.624,32.108,7.066,72.187,469.154,1.3400377234531684,0.2638294470189206,2428.9088235937147
IND,India,1998,875.783,2567853125008.0,1018665080.0,3449.497,0.86,0.341,3386.291,3.605,16984.463,6.971,92.109,0.0,0.087,52.822,6.857,32.43,7.891,86.01,505.078,1.343338902994794,0.25388716093969643,2520.8021511918323
IND,India,1999,961.194,2710353015518.0,1038225822.0,3546.363,0.926,0.355,3415.791,3.87,17945.658,6.735,92.264,0.0,0.114,50.89,6.833,34.541,7.736,85.388,547.362,1.3084505891651248,0.2710365520957668,2610.5621321350645
IND,India,2000,987.065,2804478499774.0,1057922731.0,3725.401,0.933,0.352,3521.43,3.869,18932.721,6.042,92.778,0.001,0.118,51.51,6.836,34.432,7.222,80.27,571.39,1.3283756678113998,0.2649553699051458,2650.9294276369983
IND,India,2001,1001.198,2940745466088.0,1077898579.0,3740.874,0.929,0.34,3470.525,3.897,19933.92,5.693,92.907,0.001,0.155,51.707,6.823,34.376,7.093,76.19,586.09,1.2720835730731879,0.2676374558458799,2728.2209322663925
IND,India,2002,1032.75,3024984520809.0,1097600380.0,3870.809,0.941,0.341,3526.61,3.932,20966.67,5.218,93.408,0.001,0.148,52.188,6.885,34.335,6.592,72.78,609.64,1.2796128288831023,0.26680469121571226,2755.9980626182
IND,India,2003,1068.398,3251114494190.0,1116803000.0,4008.71,0.957,0.329,3589.451,3.864,22035.068,5.144,93.619,0.001,0.178,52.767,7.116,33.736,6.381,74.63,638.13,1.2330263997665671,0.26651915454098696,2911.090401968834
IND,India,2004,1134.611,3495022816540.0,1135991509.0,4352.651,0.999,0.325,3831.588,3.966,23169.68,6.887,91.784,0.001,0.327,51.777,7.078,32.929,8.216,109.2,698.32,1.245385574995769,0.2606712552878694,3076.62758819089
IND,India,2005,1195.393,3752627653422.0,1154676321.0,4608.417,1.035,0.319,3991.09,4.039,24365.072,6.359,92.603,0.001,0.351,53.522,7.48,31.6,7.397,107.47,704.52,1.2280506955699724,0.2593934099279644,3249.939039342264
IND,India,2006,1293.321,4069856052453.0,1172878888.0,4854.867,1.103,0.318,4139.273,4.227,25658.395,7.134,91.891,0.0,0.517,52.764,7.424,31.702,8.109,127.56,744.43,1.1928842046081347,0.2663967931562286,3469.9712767385067
IND,India,2007,1393.485,4403215224414.0,1190676028.0,5268.96,1.17,0.316,4425.184,4.424,27051.879,7.276,91.819,0.003,0.592,53.199,7.4,31.22,8.181,141.75,796.26,1.1966165021382114,0.2644705976131912,3698.0800157790695
IND,India,2008,1490.366,4649548164533.0,1207930960.0,5576.529,1.234,0.321,4616.596,4.65,28542.244,6.712,92.564,0.003,0.683,54.401,7.201,30.962,7.436,138.91,828.41,1.1993700898805735,0.26725692630666853,3849.183702132281
IND,India,2009,1613.328,4993478894185.0,1225524764.0,5988.39,1.316,0.323,4886.388,5.12,30155.572,5.965,93.296,0.003,0.716,54.78,8.231,30.284,6.704,133.25,878.63,1.1992420768962482,0.2694093070090625,4074.5638447049773
IND,India,2010,1678.53,5361371354007.0,1243481565.0,6247.89,1.35,0.313,5024.514,5.038,31834.104,6.057,92.977,0.005,0.814,53.804,9.474,29.7,7.023,141.53,936.39,1.1653529642803853,0.26865549809615724,4311.580891033957
IND,India,2011,1765.695,5720692888000.0,1261224956.0,6587.01,1.4,0.309,5222.708,5.121,33599.797,6.967,91.76,0.033,0.946,53.049,9.193,29.518,8.24,171.94,1032.32,1.151435696507538,0.2680571306252761,4535.822781483243
IND,India,2012,1926.986,6052427493607.0,1278674501.0,6937.768,1.507,0.318,5425.75,5.513,35526.781,6.208,92.556,0.078,1.023,54.809,8.06,29.687,7.444,161.83,1088.42,1.146278581168987,0.2777530179735039,4733.360592452293
IND,India,2013,1995.337,6424470752490.0,1295829507.0,7163.062,1.54,0.311,5527.781,5.656,37522.121,6.75,92.056,0.123,1.076,56.22,6.873,28.962,7.944,182.99,1141.23,1.114965306243123,0.2785592250911691,4957.805573792973
IND,India,2014,2148.052,6875186158349.0,1312277184.0,7652.732,1.637,0.312,5831.643,6.057,39670.172,6.829,92.013,0.164,1.117,57.755,6.365,27.893,7.987,198.5,1258.68,1.1130945146418725,0.28069086961362294,5239.12649109123
IND,India,2015,2231.817,7391521519812.0,1328024494.0,7892.49,1.681,0.302,5943.03,6.304,41901.988,6.357,92.41,0.228,1.054,57.121,6.081,29.207,7.59,191.67,1310.56,1.067776097092489,0.2827772984191301,5565.802101698284
IND,India,2016,2352.54,8057465593010.0,1343944296.0,8262.856,1.75,0.292,6148.213,6.647,44254.531,6.37,92.473,0.373,1.327,55.748,6.172,30.553,7.527,201.4,1394.93,1.0254906961275987,0.284712694981009,5995.386577398741
IND,India,2017,2425.722,8550029645172.0,1359657398.0,8571.671,1.784,0.284,6304.287,6.743,46680.254,6.793,92.111,0.655,1.542,55.505,6.28,30.326,7.889,225.96,1462.39,1.0025311438352988,0.282992896017591,6288.370627592467
IND,India,2018,2595.227,9173201683791.0,1374659067.0,9063.36,1.888,0.283,6593.169,7.065,49275.477,7.307,91.616,1.033,1.663,55.213,6.428,29.975,8.384,256.08,1571.65,0.9880258073922991,0.28634270292694985,6673.074003585647
IND,India,2019,2611.175,9595463242427.0,1389030307.0,9281.595,1.88,0.272,6682.068,7.041,51886.652,8.108,90.681,1.277,1.697,54.029,6.417,30.236,9.319,282.04,1600.98,0.9672899333260733,0.28132826308409276,6908.030151733039
IND,India,2020,2422.732,8945313249462.0,1402617694.0,8792.22,1.727,0.271,6268.437,6.891,54309.387,8.893,89.847,1.707,1.706,53.92,6.903,29.024,10.153,297.16,1563.43,0.9828856469088761,0.27555406939316807,6377.584774331244
IND,India,2021,2675.778,9801621018003.0,1414203896.0,9544.969,1.892,0.273,6749.358,7.258,56985.164,8.657,90.204,1.821,1.766,56.372,6.569,27.264,9.796,315.45,1678.72,0.9738153497741243,0.28033385964899415,6930.840061837165
IND,India,2022,2831.132,10476248645535.0,1425423209.0,10059.478,1.986,0.27,7057.187,7.544,59816.297,9.421,89.444,2.393,1.72,55.589,5.823,28.033,10.556,364.35,1804.61,0.9602175683647383,0.28143925559556865,7349.570695488093
IDN,Indonesia,1990,154.991,718548888843.0,183501097.0,600.179,0.845,0.216,3270.71,0.682,2903.402,3.597,96.403,0.0,0.0,6.639,28.653,61.111,3.597,7.62,33.115,0.8352653651255407,0.25824129134808116,3915.7743500737765
IDN,Indonesia,1991,174.754,786440054225.0,186778239.0,652.938,0.936,0.222,3495.795,0.753,3078.156,3.661,96.339,0.0,0.0,6.177,30.324,59.838,3.661,8.461,38.103,0.8302450981383952,0.2676425633061638,4210.5550327251985
IDN,Indonesia,1992,199.298,841780430872.0,190043742.0,716.86,1.049,0.237,3772.081,0.885,3277.454,4.219,95.781,0.0,0.0,6.87,30.135,58.776,4.219,10.731,40.284,0.8515997446714282,0.27801523309990794,4429.4035784245925
IDN,Indonesia,1993,214.963,912702668892.0,193305169.0,763.843,1.112,0.236,3951.486,0.945,3492.417,3.686,96.314,0.0,0.0,7.514,29.99,58.81,3.686,9.983,39.707,0.8369023407450839,0.2814230149389338,4721.563699582188
IDN,Indonesia,1994,219.2,986200274496.0,196591829.0,799.647,1.115,0.222,4067.548,0.954,3711.617,3.404,96.596,0.0,0.0,7.176,33.91,55.509,3.404,9.587,45.928,0.8108363186257087,0.2741209558717784,5016.4865931228505
IDN,Indonesia,1995,222.225,1072204353033.0,199888055.0,870.284,1.112,0.207,4353.857,0.945,3933.843,3.445,96.555,0.0,0.0,7.255,32.847,56.453,3.445,10.506,54.121,0.8116773612587773,0.255347679608036,5364.024143578765
IDN,Indonesia,1996,252.856,1161281457768.0,203204353.0,933.146,1.244,0.218,4592.158,1.043,4186.698,3.415,96.585,0.0,0.0,8.065,31.892,56.628,3.415,11.167,58.868,0.803548522847786,0.2709715307143791,5714.845379163703
IDN,Indonesia,1997,279.696,1221454544616.0,206536089.0,1012.695,1.354,0.229,4903.236,1.147,4466.394,2.451,97.549,0.0,0.0,9.159,30.631,57.759,2.451,8.594,70.691,0.8290893872914201,0.2761897708589457,5914.000553268926
IDN,Indonesia,1998,244.315,1066065643776.0,209826791.0,995.569,1.164,0.229,4744.717,1.006,4710.709,3.927,96.073,0.0,0.0,10.005,30.06,56.009,3.927,13.65,76.693,0.9338721361225926,0.24540237793663724,5080.693645912928
IDN,Indonesia,1999,291.771,1079382527522.0,213004667.0,1086.986,1.37,0.27,5103.107,1.175,5002.479,3.788,96.212,0.0,0.0,12.609,29.912,53.692,3.788,14.321,83.971,1.007044279747103,0.2684220403942645,5067.412572335797
IDN,Indonesia,2000,281.054,1138300071768.0,216077789.0,1164.199,1.301,0.247,5387.869,1.102,5283.534,3.699,96.301,0.0,0.0,13.153,28.36,54.789,3.699,19.6,98.04,1.0227522855127067,0.24141405378290137,5268.01054858998
IDN,Indonesia,2001,316.759,1185220908414.0,219097905.0,1246.685,1.446,0.267,5690.083,1.233,5600.293,4.096,95.904,0.0,0.0,15.59,27.385,52.929,4.096,22.19,106.16,1.0518587641760793,0.25408102287265827,5409.54925339884
IDN,Indonesia,2002,308.201,1244249942443.0,222088499.0,1281.019,1.388,0.248,5768.058,1.173,5908.495,3.647,96.353,0.0,0.0,15.645,28.959,51.75,3.647,21.0,113.04,1.0295511828474,0.2405904986577092,5602.49606821378
IDN,Indonesia,2003,339.024,1309811268640.0,225048005.0,1391.678,1.506,0.259,6183.915,1.226,6247.519,3.195,96.805,0.0,0.0,19.328,28.413,49.064,3.195,19.82,117.39,1.0625026928077994,0.2436080760060876,5820.141656621217
IDN,Indonesia,2004,342.709,1387446383159.0,227926649.0,1376.724,1.504,0.247,6040.208,1.198,6590.228,3.415,96.585,0.0,0.0,17.959,26.282,52.343,3.415,20.97,124.78,0.9922718576449875,0.2489307951339557,6087.249513149294
IDN,Indonesia,2005,347.361,1474875329634.0,230871648.0,1416.892,1.505,0.236,6137.142,1.174,6937.589,3.494,96.506,0.0,0.0,20.018,25.674,50.814,3.494,22.66,132.89,0.9606859451311123,0.24515700561510687,6388.2912536493
IDN,Indonesia,2006,346.366,1565012923832.0,233951650.0,1441.128,1.481,0.221,6159.938,1.132,7283.954,3.234,96.766,0.0,0.0,22.938,25.734,48.094,3.234,21.18,138.0,0.9208409579592081,0.24034367523217923,6689.471623012703
IDN,Indonesia,2007,387.577,1674227359084.0,237062338.0,1546.681,1.635,0.231,6524.362,1.23,7671.532,3.374,96.626,0.0,0.0,26.965,22.383,47.278,3.374,24.29,148.4,0.9238177787551012,0.2505862553428923,7062.39284235862
IDN,Indonesia,2008,365.384,1809491142510.0,240157902.0,1564.584,1.521,0.202,6514.816,1.14,8036.916,3.62,96.38,0.0,0.0,23.374,25.345,47.661,3.62,26.34,155.9,0.8646541357642227,0.2335342813169507,7534.589232504205
IDN,Indonesia,2009,398.624,1905717479305.0,243220024.0,1607.271,1.639,0.209,6608.3,1.265,8435.54,3.736,96.264,0.0,0.001,23.506,26.158,46.601,3.736,26.79,162.87,0.8433941638537937,0.24801293621299705,7835.364243303421
IDN,Indonesia,2010,445.37,2039334560589.0,246305327.0,1739.49,1.808,0.218,7062.331,1.337,8880.91,4.417,95.583,0.0,0.001,24.679,25.303,45.601,4.417,34.63,177.56,0.8529694115013678,0.25603481480203966,8279.701399186548
IDN,Indonesia,2011,500.458,2178184530109.0,249470029.0,1837.594,2.006,0.23,7365.991,1.451,9381.368,3.554,96.446,0.0,0.001,26.971,23.226,46.249,3.554,30.46,191.88,0.8436355940458561,0.2723441630741067,8731.247351997543
IDN,Indonesia,2012,515.77,2309530044109.0,252698525.0,1937.146,2.041,0.223,7665.836,1.476,9897.137,3.577,96.423,0.0,0.001,26.072,24.219,46.132,3.577,31.11,208.96,0.8387619831753853,0.26625251787939574,9139.467846553516
IDN,Indonesia,2013,493.435,2437876929100.0,255852464.0,1824.511,1.929,0.202,7131.105,1.399,10390.573,4.534,95.466,0.001,0.0,24.132,23.974,47.36,4.534,35.5,225.18,0.7484016023210661,0.2704478076591481,9528.448118052911
IDN,Indonesia,2014,498.029,2559933272409.0,258877395.0,1856.634,1.924,0.195,7171.866,1.404,10888.602,4.708,95.292,0.001,0.0,25.227,23.735,46.33,4.708,34.41,237.54,0.7252665606603226,0.2682429601095315,9888.5932949418
IDN,Indonesia,2015,551.16,2684763880628.0,261799249.0,1896.461,2.105,0.205,7243.952,1.557,11439.762,4.003,95.997,0.001,0.0,28.02,24.701,43.276,4.003,33.56,243.28,0.7063790650954355,0.29062553883259395,10255.04806023336
IDN,Indonesia,2016,547.969,2819889903036.0,264627429.0,1884.228,2.071,0.194,7120.307,1.548,11987.73,5.81,94.19,0.003,0.001,28.845,23.324,42.021,5.81,39.58,257.55,0.6681920446508812,0.29081883933366875,10656.075652067042
IDN,Indonesia,2017,570.928,2962852274581.0,267346654.0,2023.711,2.136,0.193,7569.616,1.587,12558.658,5.518,94.482,0.004,0.0,27.915,24.636,41.931,5.518,43.19,265.83,0.6830279786008531,0.2821193342330007,11082.436343418758
IDN,Indonesia,2018,607.378,3116158974437.0,269951847.0,2131.562,2.25,0.195,7896.082,1.653,13166.037,8.029,91.971,0.011,0.022,30.706,20.186,41.078,8.029,48.38,283.79,0.6840350628725904,0.2849450309209866,11543.388234113472
IDN,Indonesia,2019,665.049,3272568062078.0,272489381.0,2253.939,2.441,0.203,8271.658,1.793,13831.086,8.613,91.387,0.013,0.053,35.484,18.034,37.87,8.613,48.04,295.44,0.6887370888074988,0.29506078026069027,12009.892092191292
IDN,Indonesia,2020,623.304,3204972631957.0,274814861.0,2116.31,2.268,0.194,7700.858,1.773,14454.39,10.644,89.356,0.02,0.055,36.086,17.757,35.513,10.644,52.89,291.82,0.660320771197273,0.29452395915532226,11662.297374656897
IDN,Indonesia,2021,632.946,3323654666991.0,276758056.0,2196.681,2.287,0.19,7937.188,1.717,15087.336,11.076,88.924,0.022,0.049,34.668,18.521,35.735,11.076,56.2,309.36,0.660923356995063,0.28813742186507735,12009.242711948375
IDN,Indonesia,2022,758.021,3500093638879.0,278830527.0,2749.242,2.719,0.217,9859.904,2.02,15845.356,10.208,89.792,0.04,0.032,44.172,14.463,31.157,10.208,65.41,333.54,0.7854766996692464,0.27571999845775674,12552.763417037906
IRN,Iran,1990,211.075,318478243281.0,58380098.0,811.283,3.616,0.663,13896.569,0.929,4565.166,2.531,97.469,0.0,0.0,1.02,28.148,68.301,2.531,7.381,57.655,2.5473733830043392,0.26017431648389033,5455.253659920201
IRN,Iran,1991,223.042,376283104666.0,59986931.0,880.229,3.718,0.593,14673.675,0.961,4788.208,1.771,98.229,0.0,0.0,1.341,30.176,66.712,1.771,5.607,62.814,2.339273246884994,0.2533908789644513,6272.751387564735
IRN,Iran,1992,228.194,424984709524.0,61184982.0,973.424,3.73,0.537,15909.522,1.013,5016.402,2.631,97.369,0.0,0.0,1.069,31.405,64.896,2.631,9.204,67.178,2.2904918181415845,0.23442405364979702,6945.8990692193065
IRN,Iran,1993,236.993,419990120256.0,61403548.0,900.748,3.86,0.564,14669.319,1.042,5253.395,3.255,96.745,0.0,0.0,1.42,18.371,76.953,3.255,10.533,74.686,2.144688545175681,0.2631068845004374,6839.834731634725
IRN,Iran,1994,264.822,419488447798.0,61520598.0,1008.745,4.305,0.631,16396.867,1.153,5518.217,1.901,98.099,0.0,0.0,1.272,25.911,70.916,1.901,6.896,81.004,2.404702692756273,0.26252620830834356,6818.666616309549
IRN,Iran,1995,270.875,437566117340.0,62205571.0,1057.944,4.355,0.619,17007.227,1.152,5789.092,2.188,97.812,0.0,0.0,1.136,30.165,66.51,2.188,8.323,84.353,2.417792324577889,0.256039072011373,7034.195013498068
IRN,Iran,1996,276.62,483475486274.0,62881298.0,1150.883,4.399,0.572,18302.475,1.141,6065.712,2.13,97.87,0.0,0.0,1.093,32.611,64.167,2.13,8.814,89.74,2.38043713212744,0.24035457991820194,7688.700800578258
IRN,Iran,1997,269.263,512736336735.0,63639637.0,1186.134,4.231,0.525,18638.291,1.104,6334.975,1.393,98.607,0.0,0.0,1.086,33.544,63.977,1.393,5.941,96.983,2.313341019583395,0.22700892142034543,8056.870857622899
IRN,Iran,1998,305.642,541099749969.0,64519866.0,1235.507,4.737,0.565,19149.244,1.258,6640.617,1.685,98.315,0.0,0.0,1.215,37.46,59.641,1.685,7.488,102.385,2.2833257640033713,0.24738184405268446,8386.560349784359
IRN,Iran,1999,374.452,563869043718.0,65445389.0,1331.568,5.722,0.664,20346.25,1.508,7015.069,1.081,98.919,0.0,0.007,1.072,41.313,56.534,1.081,5.178,110.088,2.36148448799388,0.28121132379270153,8615.871222310254
IRN,Iran,2000,367.213,595554549032.0,66418661.0,1396.568,5.529,0.617,21026.74,1.439,7382.282,0.76,99.24,0.0,0.007,1.086,42.583,55.571,0.76,3.82,119.35,2.344987545255003,0.262939577593071,8966.675028754344
IRN,Iran,2001,389.912,636570203280.0,67452005.0,1492.142,5.781,0.613,22121.531,1.518,7772.195,0.77,99.23,0.0,0.006,0.997,44.611,53.623,0.77,4.15,127.59,2.3440336860122724,0.26131025063298263,9437.380004938326
IRN,Iran,2002,397.031,698059655739.0,68011318.0,1626.368,5.838,0.569,23913.191,1.512,8169.226,1.356,98.644,0.0,0.005,0.867,48.138,49.64,1.356,8.04,138.23,2.3298409908509146,0.24412125668975287,10263.874841228631
IRN,Iran,2003,410.967,779969698412.0,68769343.0,1656.195,5.976,0.527,24083.326,1.486,8580.192,1.584,98.416,0.0,0.005,0.922,48.52,48.974,1.584,9.62,151.65,2.1234094136887296,0.24813925896407127,11341.82274232284
IRN,Iran,2004,442.119,849441950372.0,70256316.0,1831.958,6.293,0.52,26075.348,1.545,9022.312,1.774,98.226,0.0,0.007,0.873,50.962,46.391,1.774,11.98,162.76,2.1566606160641375,0.24133686470978047,12090.613324672475
IRN,Iran,2005,466.795,908856025194.0,71828455.0,1940.3,6.499,0.514,27012.971,1.577,9489.108,2.014,97.986,0.0,0.01,0.934,50.082,46.97,2.014,14.52,177.07,2.1348815942391237,0.24057877647786424,12653.14735217401
IRN,Iran,2006,501.015,995245162302.0,73392747.0,2120.271,6.826,0.503,28889.373,1.638,9990.122,2.353,97.647,0.0,0.016,0.825,49.967,46.854,2.353,18.64,193.43,2.13040070960588,0.23629762421879089,13560.538377205039
IRN,Iran,2007,507.771,1098784519617.0,74602648.0,2253.991,6.806,0.462,30213.291,1.612,10497.894,2.139,97.861,0.0,0.017,0.809,52.668,44.385,2.139,18.1,203.12,2.0513494318118597,0.22527640971059779,14728.492206027326
IRN,Iran,2008,528.528,1132365762681.0,75514201.0,2323.367,6.999,0.467,30767.291,1.649,11026.422,0.867,99.133,0.0,0.022,0.618,54.17,44.345,0.867,7.64,210.49,2.051781391287541,0.2274836476544601,14995.401496481436
IRN,Iran,2009,543.406,1208128386676.0,76457831.0,2379.29,7.107,0.45,31118.98,1.724,11569.828,0.767,99.233,0.0,0.025,0.389,56.681,42.163,0.767,6.95,221.81,1.9694016184374998,0.22838998188535237,15801.238027220521
IRN,Iran,2010,561.496,1310507059384.0,77420851.0,2458.393,7.253,0.428,31753.627,1.685,12131.324,1.106,98.894,0.0,0.018,0.544,58.776,39.574,1.106,10.43,235.68,1.875909772783338,0.22839960901287956,16927.055727971783
IRN,Iran,2011,576.366,1345049307937.0,78383602.0,2554.118,7.353,0.429,32584.848,1.672,12707.689,1.109,98.88,0.0,0.022,0.538,60.022,38.32,1.12,10.91,235.59,1.8989028765922615,0.2256614612167488,17159.830291251477
IRN,Iran,2012,599.278,1324570752684.0,79370583.0,2573.836,7.55,0.452,32428.09,1.714,13306.968,1.284,98.57,0.0,0.028,0.414,59.318,38.838,1.43,12.8,248.74,1.9431472382917958,0.23283457065640545,16688.43421099729
IRN,Iran,2013,609.997,1287095594893.0,80414689.0,2674.244,7.586,0.474,33255.664,1.729,13916.965,1.423,98.169,0.0,0.021,0.332,57.583,40.254,1.831,14.86,258.86,2.0777353373059424,0.22810072678484086,16005.727447295109
IRN,Iran,2014,644.228,1352737013920.0,81502045.0,2787.064,7.904,0.476,34196.25,1.816,14561.192,1.349,98.279,0.0,0.018,0.379,62.275,35.625,1.721,14.75,275.63,2.060314733255924,0.2311493385153696,16597.583703819946
IRN,Iran,2015,641.959,1331012211481.0,82619365.0,2762.903,7.77,0.482,33441.344,1.813,15203.15,1.23,98.449,0.0,0.013,0.46,66.66,31.329,1.551,13.41,280.24,2.0757908726665653,0.23234945273142055,16110.17237279662
IRN,Iran,2016,644.68,1413723685657.0,83812230.0,2920.457,7.692,0.456,34845.238,1.822,15847.831,1.344,98.098,0.0,0.013,0.362,67.29,30.447,1.902,15.6,286.14,2.0657905286794254,0.22074627361402685,16867.749320797215
IRN,Iran,2017,696.407,1486668357750.0,85026761.0,3023.708,8.19,0.468,35561.832,1.936,16544.238,1.462,97.962,0.007,0.026,0.397,67.871,29.694,2.038,17.66,305.17,2.0338819913919703,0.23031555957122843,17484.71116934585
IRN,Iran,2018,664.523,1483607175221.0,86117999.0,3121.94,7.716,0.448,36251.887,1.809,17208.762,0.864,98.587,0.018,0.06,0.508,68.158,29.921,1.413,10.83,312.35,2.1042901733977875,0.21285578838798952,17227.608542332713
IRN,Iran,2019,727.269,1438754460224.0,87051649.0,3297.102,8.354,0.505,37875.234,1.961,17936.029,2.641,96.877,0.038,0.054,0.575,66.357,29.945,3.123,35.11,318.88,2.291636336256204,0.22057825326605002,16527.595706130734
IRN,Iran,2020,745.596,1446203709942.0,87723448.0,3421.375,8.499,0.516,39001.836,2.121,18681.627,1.802,97.74,0.042,0.081,0.626,69.288,27.826,2.26,24.93,337.21,2.365762842730651,0.2179229111102992,16485.94238956499
IRN,Iran,2021,779.525,1525523070071.0,88455490.0,3375.397,8.813,0.511,38159.27,2.114,19461.15,1.14,98.602,0.045,0.083,0.601,68.053,29.949,1.398,15.6,356.41,2.21261616177519,0.230943204606747,17246.22259252648
IRN,Iran,2022,767.178,1572209055082.0,89524247.0,3490.12,8.57,0.488,38985.188,2.044,20228.33,1.112,98.425,0.044,0.08,0.617,68.646,29.162,1.575,15.77,367.06,2.2198829021614874,0.2198142184222892,17561.823838428933
IRQ,Iraq,1990,49.683,71051759191.0,17581208.0,237.703,2.826,0.699,13520.282,0.219,1209.703,5.453,94.547,0.0,0.0,0.0,15.962,78.584,5.453,4.65,28.373,3.345490705740463,0.2090129278974182,4041.346828443188
IRQ,Iraq,1991,45.505,26538332738.0,17767257.0,150.016,2.561,1.715,8443.392,0.196,1255.209,3.982,96.018,0.0,0.0,0.0,11.047,84.971,3.982,2.145,13.359,5.65280424663579,0.30333431100682595,1493.665158217726
IRQ,Iraq,1992,59.02,36550621836.0,18300849.0,238.057,3.225,1.615,13007.975,0.262,1314.229,6.114,93.886,0.0,0.0,0.0,9.094,84.792,6.114,5.219,21.912,6.5130766055949625,0.24792381656494034,1997.2090822671669
IRQ,Iraq,1993,63.263,39244447591.0,19201195.0,316.307,3.295,1.612,16473.32,0.278,1377.492,5.43,94.57,0.0,0.0,0.0,7.686,86.884,5.43,6.162,27.09,8.059917247313713,0.2000050583768301,2043.8544367160482
IRQ,Iraq,1994,76.573,39993906175.0,20139818.0,358.035,3.802,1.915,17777.477,0.333,1454.064,4.862,95.138,0.0,0.0,0.0,8.438,86.7,4.862,6.248,26.663,8.95223883442038,0.2138701523594062,1985.8126908098177
IRQ,Iraq,1995,79.841,39049963235.0,20825859.0,356.69,3.834,2.045,17127.242,0.34,1533.906,5.564,94.436,0.0,0.0,0.0,8.473,85.962,5.564,7.12,26.498,9.134195539531344,0.22383862737951724,1875.0709507348533
IRQ,Iraq,1996,74.823,47130675910.0,21501321.0,357.091,3.48,1.588,16607.871,0.309,1608.729,5.065,94.935,0.0,0.0,0.0,8.648,86.288,5.065,6.489,25.981,7.576615295776691,0.2095348244565111,2191.9897809999675
IRQ,Iraq,1997,76.296,48594367863.0,22176604.0,423.291,3.44,1.57,19087.279,0.313,1685.025,4.349,95.651,0.0,0.0,0.0,6.864,88.787,4.349,6.608,26.693,8.710700820172535,0.1802447961331566,2191.24478495445
IRQ,Iraq,1998,80.984,59869187777.0,22884402.0,317.731,3.539,1.353,13884.171,0.333,1766.009,5.437,94.563,0.0,0.0,0.0,8.851,85.711,5.437,6.198,26.744,5.307087197900203,0.25488227462853796,2616.1569691443106
IRQ,Iraq,1999,82.416,69697267568.0,23636530.0,229.24,3.487,1.182,9698.544,0.332,1848.425,4.325,95.675,0.0,0.0,0.0,13.215,82.46,4.325,3.559,24.721,3.289081595291271,0.35951840865468504,2948.709796573355
IRQ,Iraq,2000,83.722,83019213791.0,24424060.0,322.613,3.428,1.008,13208.813,0.328,1932.147,2.757,97.243,0.0,0.0,0.0,9.292,87.95,2.757,0.61,31.9,3.8860040377180014,0.25951217092925577,3399.075083790328
IRQ,Iraq,2001,96.802,97219510326.0,25197842.0,360.394,3.842,0.996,14302.593,0.377,2028.949,2.842,97.158,0.0,0.0,0.0,7.288,89.87,2.842,0.62,32.25,3.707013116930066,0.2686004761455518,3858.2474771450666
IRQ,Iraq,2002,97.09,112141846978.0,26006558.0,342.539,3.733,0.866,13171.254,0.37,2126.039,3.656,96.344,0.0,0.0,0.0,6.561,89.783,3.656,0.52,33.86,3.0545154126737306,0.2834421773871004,4312.060326399211
IRQ,Iraq,2003,101.424,94480598969.0,26802660.0,304.022,3.784,1.073,11342.992,0.367,2227.463,4.274,95.726,0.0,0.0,0.0,4.888,90.838,4.274,0.43,28.33,3.217824646727235,0.3336074363039517,3525.045609987964
IRQ,Iraq,2004,113.016,155937247290.0,27577876.0,326.009,4.098,0.725,11821.411,0.395,2340.479,4.794,95.206,0.0,0.0,0.0,2.923,92.283,4.794,0.49,32.29,2.0906422658193633,0.3466652761120092,5654.432824703396
IRQ,Iraq,2005,114.282,170895694120.0,28407450.0,308.267,4.023,0.669,10851.643,0.386,2454.761,4.279,95.721,0.0,0.0,0.0,4.481,91.24,4.279,6.0,30.4,1.8038312877768603,0.37072408009939434,6015.875910016563
IRQ,Iraq,2006,98.838,190082841273.0,28616518.0,299.632,3.454,0.52,10470.602,0.323,2553.599,4.466,95.534,0.0,0.0,0.0,4.61,90.923,4.466,6.1,33.83,1.5763232388222972,0.32986463395097987,6642.41684725584
IRQ,Iraq,2007,61.361,200529416438.0,28391606.0,302.161,2.161,0.306,10642.609,0.195,2614.961,4.029,95.971,0.0,0.0,0.0,15.073,80.897,4.029,5.74,33.24,1.5068163333204663,0.20307385797637684,7062.982503983748
IRQ,Iraq,2008,94.335,231588128927.0,28971042.0,345.879,3.256,0.407,11938.793,0.294,2709.296,2.24,97.76,0.0,0.0,0.0,18.697,79.063,2.24,3.48,36.88,1.4935091949770283,0.2727398888050445,7993.779751760396
IRQ,Iraq,2009,105.211,259745648872.0,30058207.0,339.481,3.5,0.405,11294.105,0.334,2814.508,2.191,97.809,0.0,0.0,0.0,20.214,77.595,2.191,3.23,37.85,1.3069747326827899,0.3099171971332711,8641.421920875055
IRQ,Iraq,2010,113.983,297507194079.0,31045367.0,392.266,3.672,0.383,12635.254,0.342,2928.491,2.404,97.596,0.0,0.0,0.0,18.219,79.378,2.404,4.77,48.91,1.3185092925713848,0.290575782759658,9582.982030104524
IRQ,Iraq,2011,123.526,344220720679.0,32161425.0,405.1,3.841,0.359,12595.847,0.358,3052.017,2.177,97.823,0.0,0.0,0.0,15.578,82.244,2.177,3.4,53.9,1.1768611697776685,0.3049271784744508,10702.906375541506
IRQ,Iraq,2012,134.04,392191319237.0,33654843.0,441.304,3.983,0.342,13112.636,0.383,3186.056,2.572,97.428,0.0,0.0,0.0,14.393,83.035,2.572,4.39,46.02,1.1252263330523167,0.3037361999891231,11653.339735888829
IRQ,Iraq,2013,141.704,422107689937.0,35281987.0,485.448,4.016,0.336,13759.076,0.402,3327.761,2.456,97.544,0.024,0.0,0.0,14.593,82.951,2.456,4.81,58.9,1.1500572284585804,0.2919035612465187,11963.829869814304
IRQ,Iraq,2014,137.513,425222855485.0,36550058.0,477.195,3.762,0.323,13055.939,0.388,3465.273,1.544,98.456,0.031,0.0,0.0,15.797,82.659,1.544,2.99,69.03,1.1222233091298013,0.2881694066366999,11633.985792443886
IRQ,Iraq,2015,142.53,436010743372.0,37560535.0,471.319,3.795,0.327,12548.263,0.403,3607.803,1.4,98.6,0.031,0.0,0.0,15.505,83.096,1.4,2.61,70.64,1.0809802445575873,0.3024066502729574,11608.214403016358
IRQ,Iraq,2016,153.132,502280002568.0,38469628.0,504.684,3.981,0.305,13119.015,0.433,3760.935,1.709,98.291,0.029,0.0,0.0,19.629,78.662,1.709,3.43,81.93,1.004786169904653,0.30342154694818935,13056.533912103336
IRQ,Iraq,2017,167.472,485207548291.0,39337358.0,598.461,4.257,0.345,15213.562,0.466,3928.408,0.934,99.066,0.024,0.0,0.0,19.105,79.961,0.934,2.24,93.58,1.2334123863239592,0.2798377839157439,12334.523032558516
IRQ,Iraq,2018,186.156,508026800522.0,40265629.0,622.69,4.623,0.366,15464.542,0.507,4114.564,0.877,99.123,0.151,0.0,0.0,23.46,75.662,0.877,1.88,98.41,1.2257030522015433,0.2989545359649264,12616.884751061507
IRQ,Iraq,2019,191.778,537548265143.0,41192172.0,667.823,4.656,0.357,16212.383,0.517,4306.342,1.982,98.018,0.14,0.0,0.0,29.23,68.789,1.982,5.02,115.21,1.242349837781253,0.2871689055333524,13049.767444722263
IRQ,Iraq,2020,172.098,453147782672.0,42116602.0,594.768,4.086,0.38,14121.946,0.489,4478.44,1.887,98.113,0.157,0.0,0.0,31.117,66.996,1.887,4.54,117.12,1.3125254558081074,0.2893531595512872,10759.362369072414
IRQ,Iraq,2021,193.115,487935979007.0,43071208.0,618.433,4.484,0.396,14358.384,0.524,4671.555,1.484,98.516,0.15,0.0,0.0,26.574,71.942,1.484,3.73,120.46,1.2674470147878312,0.3122650311351432,11328.588206929326
IRQ,Iraq,2022,217.644,527639326800.0,44070556.0,680.004,4.939,0.412,15429.901,0.58,4889.199,1.095,98.905,0.136,0.0,0.0,27.02,71.885,1.095,3.03,133.86,1.2887667113898682,0.3200628231598638,11972.604266667297
IRL,Ireland,1990,32.945,66087470680.0,3514015.0,117.886,9.375,0.499,33547.477,0.145,1009.16,1.644,98.356,0.0,0.0,34.189,18.537,45.63,1.644,0.7,14.21,1.7837874378762653,0.2794649067743413,18806.826573022598
IRL,Ireland,1991,33.675,67931954747.0,3534258.0,122.462,9.528,0.496,34649.891,0.145,1042.835,1.694,98.306,0.0,0.0,31.573,18.282,48.451,1.694,0.75,14.91,1.8027156800667237,0.2749832601133413,19220.99483031516
IRL,Ireland,1992,33.496,71260987727.0,3558417.0,123.019,9.413,0.47,34571.199,0.149,1076.332,1.858,98.142,0.0,0.011,29.939,18.003,50.2,1.858,0.83,15.76,1.7263162345052574,0.2722831432542941,20026.03621975727
IRL,Ireland,1993,33.717,73767381672.0,3576118.0,125.626,9.428,0.457,35129.172,0.148,1110.049,1.727,98.273,0.0,0.033,28.486,20.028,49.759,1.727,0.78,16.12,1.7030020200335245,0.2683918933978635,20627.78176559051
IRL,Ireland,1994,34.839,78958775461.0,3590162.0,130.936,9.704,0.441,36470.648,0.152,1144.888,1.995,98.005,0.0,0.04,26.156,19.548,52.301,1.995,0.94,16.79,1.6582830627188874,0.2660765564856113,21993.095426055985
IRL,Ireland,1995,35.853,87444502170.0,3610695.0,133.621,9.93,0.41,37006.93,0.152,1180.741,1.517,98.483,0.0,0.033,25.798,20.378,52.307,1.517,0.73,17.57,1.528066335608255,0.2683186026148584,24218.19128173385
IRL,Ireland,1996,37.469,96380321753.0,3638507.0,141.037,10.298,0.389,38762.234,0.155,1218.211,1.511,98.489,0.0,0.028,24.574,21.931,51.985,1.511,0.76,18.87,1.4633381320457148,0.26566787438757206,26488.975217857216
IRL,Ireland,1997,38.805,108003078862.0,3672287.0,145.73,10.567,0.359,39683.773,0.159,1257.015,1.563,98.437,0.0,0.095,22.658,22.183,53.597,1.563,0.81,19.65,1.349313385650841,0.2662801070472792,29410.304494719505
IRL,Ireland,1998,40.708,118588811316.0,3711075.0,156.805,10.969,0.343,42253.375,0.168,1297.724,2.094,97.906,0.0,0.3,21.205,20.853,55.848,2.094,1.18,20.85,1.3222579622808301,0.25960906858837407,31955.379860552534
IRL,Ireland,1999,42.44,132916954385.0,3752938.0,165.537,11.309,0.319,44108.691,0.171,1340.164,1.907,98.093,0.0,0.314,17.278,21.122,59.692,1.907,1.13,21.72,1.2454167398427936,0.2563777282420244,35416.77330800562
IRL,Ireland,2000,45.25,147722370991.0,3802589.0,173.349,11.9,0.306,45587.059,0.177,1385.414,1.92,98.08,0.0,0.392,17.568,23.126,57.385,1.92,1.19,23.63,1.173478321780804,0.26103409884106626,38847.84050840099
IRL,Ireland,2001,47.608,158384851025.0,3862981.0,183.168,12.324,0.301,47416.109,0.185,1433.021,1.57,98.43,0.0,0.504,17.411,22.822,58.198,1.57,1.04,24.59,1.1564742386321287,0.2599143955276031,41000.680827837365
IRL,Ireland,2002,46.081,169226186783.0,3928441.0,181.354,11.73,0.272,46164.363,0.175,1479.103,2.106,97.894,0.0,0.587,16.912,23.669,57.313,2.106,1.38,24.8,1.0716662914147654,0.2540942024989799,43077.18679827443
IRL,Ireland,2003,45.684,177468844871.0,3992935.0,176.855,11.441,0.257,44291.898,0.165,1524.787,1.775,98.225,0.0,0.7,16.784,24.088,57.354,1.775,1.15,24.83,0.9965411119261739,0.2583133075118035,44445.71345914722
IRL,Ireland,2004,46.167,191402766075.0,4066066.0,180.362,11.354,0.241,44357.832,0.161,1570.953,2.123,97.877,0.0,0.986,15.379,23.585,58.914,2.123,1.41,25.2,0.9423165803639758,0.2559685521340415,47073.20689703512
IRL,Ireland,2005,48.153,204898243531.0,4155283.0,188.174,11.588,0.235,45285.484,0.163,1619.107,2.716,97.284,0.0,1.591,16.387,21.525,59.371,2.716,1.89,25.6,0.9183778091857107,0.2558961386801577,49310.29812674612
IRL,Ireland,2006,47.597,219162994472.0,4268775.0,194.294,11.15,0.217,45515.262,0.156,1666.704,3.451,96.549,0.0,2.237,14.324,23.676,58.548,3.451,2.5,27.1,0.8865274015263684,0.24497411139819036,51340.957176707605
IRL,Ireland,2007,47.658,230371638354.0,4393518.0,197.324,10.847,0.207,44912.613,0.151,1714.362,3.934,96.066,0.0,2.646,13.776,25.313,56.977,3.934,2.84,28.36,0.8565464108771175,0.24152155845208895,52434.43599275114
IRL,Ireland,2008,47.361,223067117042.0,4485992.0,196.379,10.558,0.212,43776.055,0.148,1761.723,5.203,94.797,0.0,3.248,13.555,26.665,54.577,5.203,3.64,29.93,0.880358354042048,0.24117140834814313,49725.25966207697
IRL,Ireland,2009,42.177,215181048184.0,4533750.0,176.612,9.303,0.196,38954.852,0.134,1803.9,6.704,93.296,0.001,4.409,13.187,28.165,51.944,6.704,4.16,27.98,0.8207600134421696,0.23881163227866736,47462.0453673008
IRL,Ireland,2010,41.791,221852442105.0,4559084.0,178.3,9.167,0.188,39108.832,0.125,1845.691,6.149,93.851,0.001,4.126,12.998,30.768,50.085,6.149,3.77,28.16,0.80368734420157,0.234385866517106,48661.62634972289
IRL,Ireland,2011,38.054,224397469453.0,4579603.0,170.262,8.31,0.17,37178.258,0.11,1883.745,9.032,90.968,0.001,6.701,13.382,28.391,49.195,9.032,5.5,27.2,0.7587518719129822,0.22350260187240842,48999.32798825575
IRL,Ireland,2012,38.224,217871560184.0,4600135.0,167.469,8.309,0.175,36405.145,0.109,1921.969,8.861,91.139,0.001,6.204,15.779,28.145,47.214,8.861,5.32,27.16,0.7686592956812109,0.22824522747493567,47361.99267717143
IRL,Ireland,2013,37.279,222738952818.0,4624686.0,164.997,8.061,0.167,35677.523,0.106,1959.248,9.648,90.352,0.001,7.079,14.5,27.222,48.63,9.648,5.71,25.62,0.7407640105716895,0.22593744128681129,48163.043462410205
IRL,Ireland,2014,36.85,236178350686.0,4658236.0,164.553,7.911,0.156,35325.18,0.104,1996.098,10.938,89.062,0.001,7.998,14.3,26.464,48.299,10.938,6.47,25.86,0.696731938054618,0.2239400071709419,50701.241990744995
IRL,Ireland,2015,38.715,249955928768.0,4702497.0,173.913,8.233,0.155,36983.117,0.109,2034.813,12.506,87.494,0.002,9.638,14.769,25.342,47.382,12.506,7.97,28.16,0.6957746545848877,0.2226113056528264,53153.87309508119
IRL,Ireland,2016,40.369,255118282428.0,4753506.0,181.909,8.492,0.158,38268.473,0.114,2075.182,11.537,88.463,0.007,8.687,13.559,27.228,47.676,11.537,7.61,30.3,0.71303788293314,0.22191865163350907,53669.49835090142
IRL,Ireland,2017,39.04,266528546717.0,4810258.0,182.73,8.116,0.146,37987.566,0.109,2114.223,13.692,86.308,0.014,10.432,11.505,27.676,47.127,13.692,9.01,30.79,0.6855926025590898,0.21364855250916653,55408.368265693854
IRL,Ireland,2018,38.922,282500483309.0,4872559.0,186.853,7.988,0.138,38347.988,0.106,2153.145,15.142,84.858,0.024,11.79,8.854,28.12,47.884,15.142,10.34,31.04,0.6614254170872322,0.208302783471499,57977.847637966006
IRL,Ireland,2019,37.2,294503693886.0,4933493.0,187.796,7.54,0.126,38065.551,0.1,2190.345,17.39,82.61,0.045,13.557,6.314,28.587,47.709,17.39,11.95,30.87,0.6376694211268342,0.198087286204179,59694.7626936939
IRL,Ireland,2020,35.053,274762344680.0,4982602.0,176.583,7.035,0.128,35439.918,0.1,2225.398,20.819,79.181,0.078,16.61,5.764,30.415,43.002,20.819,13.65,32.16,0.6426754008292371,0.19850721756907516,55144.349213523376
IRL,Ireland,2021,37.474,287639621097.0,5028428.0,179.882,7.452,0.13,35772.973,0.102,2262.871,17.799,82.201,0.117,13.742,7.702,28.616,45.883,17.799,11.76,31.74,0.6253728165611052,0.2083254578001134,57202.692590407976
IRL,Ireland,2022,36.676,308390920561.0,5110015.0,186.452,7.177,0.119,36487.48,0.098,2299.547,19.42,80.58,0.198,15.169,5.987,28.177,46.416,19.42,13.25,33.79,0.6045962691146078,0.1967047819277884,60350.2965374857
ISR,Israel,1990,35.824,93268265028.0,4544995.0,129.135,7.882,0.384,28412.639,0.158,628.56,0.006,99.994,0.0,0.0,21.346,0.242,78.406,0.006,0.003,20.898,1.3845545423326193,0.2774151082200798,20521.092988661152
ISR,Israel,1991,36.148,97235343963.0,4779892.0,131.278,7.563,0.372,27464.557,0.156,664.708,0.013,99.987,0.0,0.0,22.737,0.198,77.052,0.013,0.006,21.514,1.3501057809797423,0.2753545910205823,20342.581791178545
ISR,Israel,1992,42.082,103860017405.0,4957240.0,153.197,8.489,0.405,30903.604,0.187,706.791,0.053,99.947,0.0,0.0,23.981,0.145,75.821,0.053,0.029,24.686,1.4750334520223645,0.27469206316050576,20951.177954870047
ISR,Israel,1993,44.235,107424032339.0,5086041.0,166.366,8.697,0.412,32710.389,0.194,751.025,0.043,99.957,0.0,0.0,24.95,0.133,74.874,0.043,0.026,26.0,1.5486851161479003,0.26588966495557986,21121.34611950631
ISR,Israel,1994,47.475,114572102371.0,5216697.0,173.569,9.101,0.414,33271.812,0.207,798.5,0.037,99.963,0.0,0.0,25.346,0.118,74.499,0.037,0.023,28.316,1.5149324871246583,0.27352234558014393,21962.575624192858
ISR,Israel,1995,49.866,125219738356.0,5354734.0,195.208,9.312,0.398,36455.285,0.212,848.365,0.036,99.964,0.0,0.0,24.599,0.122,75.243,0.036,0.025,30.437,1.558923557602582,0.2554505962870374,23384.866242842316
ISR,Israel,1996,51.936,131748252991.0,5499555.0,202.297,9.444,0.394,36784.227,0.214,900.301,0.033,99.967,0.0,0.0,28.777,0.074,71.116,0.033,0.024,32.569,1.5354814611000522,0.256731439418281,23956.166088165315
ISR,Israel,1997,54.866,136529502967.0,5646476.0,221.213,9.717,0.402,39177.164,0.225,955.167,0.031,99.969,0.0,0.0,28.617,0.081,71.271,0.031,0.025,35.111,1.6202578577720927,0.24802339826321237,24179.595019442215
ISR,Israel,1998,56.01,141524295423.0,5790143.0,232.794,9.673,0.396,40205.156,0.231,1011.177,0.03,99.97,0.0,0.0,29.191,0.048,70.731,0.03,0.025,37.976,1.6449048504654642,0.24059898450991005,24442.279823313518
ISR,Israel,1999,54.756,146070391087.0,5946079.0,241.272,9.209,0.375,40576.605,0.22,1065.933,0.038,99.962,0.0,0.0,27.663,0.042,72.257,0.038,0.033,39.228,1.6517515850032716,0.2269471799462847,24565.834239168365
ISR,Israel,2000,59.519,158656383479.0,6111194.0,227.371,9.739,0.375,37205.684,0.233,1125.452,0.038,99.962,0.0,0.0,31.995,0.04,67.928,0.038,0.03,42.66,1.4331033836410065,0.26177041047451083,25961.601526477476
ISR,Israel,2001,63.024,158567053954.0,6259977.0,227.212,10.068,0.397,36296.055,0.245,1188.476,0.024,99.976,0.0,0.012,36.957,0.042,62.977,0.024,0.02,43.95,1.4329079990722018,0.2773797158600778,25330.293378713694
ISR,Israel,2002,59.305,158018046039.0,6387714.0,231.783,9.284,0.375,36285.676,0.226,1247.781,0.088,99.912,0.0,0.013,38.296,0.037,61.579,0.088,0.03,45.5,1.4668134799160488,0.2558643213695569,24737.80855545505
ISR,Israel,2003,62.415,159162904545.0,6502821.0,238.836,9.598,0.392,36728.059,0.226,1310.195,0.099,99.901,0.0,0.014,38.516,0.032,61.352,0.099,0.04,47.04,1.5005757822952652,0.26132995025875494,24475.97812472464
ISR,Israel,2004,58.679,166466423998.0,6615084.0,243.489,8.871,0.352,36808.152,0.205,1368.875,0.094,99.906,0.0,0.012,38.144,4.639,57.124,0.094,0.04,47.28,1.4626913593273643,0.24099240622779675,25164.672738547237
ISR,Israel,2005,56.528,172697410123.0,6728212.0,244.649,8.402,0.327,36361.738,0.191,1425.402,0.117,99.883,0.0,0.012,37.744,6.362,55.777,0.117,0.04,48.61,1.416633867443374,0.23105755592706284,25667.652880586997
ISR,Israel,2006,62.149,181910800706.0,6844029.0,245.96,9.081,0.342,35937.852,0.203,1487.551,0.068,99.932,0.0,0.011,37.115,8.837,53.98,0.068,0.02,50.56,1.3520912394724425,0.2526792974467393,26579.49004979377
ISR,Israel,2007,62.8,192596811708.0,6962456.0,255.085,9.02,0.326,36637.172,0.199,1550.351,0.06,99.94,0.0,0.01,36.6,10.195,53.145,0.06,0.02,53.79,1.3244507930211205,0.24619244565536977,27662.19444805109
ISR,Israel,2008,67.98,197785749719.0,7082621.0,262.427,9.598,0.344,37052.305,0.212,1618.331,0.069,99.931,0.0,0.009,35.008,13.635,51.288,0.069,0.04,56.79,1.3268246088145266,0.25904346732615163,27925.502397911732
ISR,Israel,2009,63.861,199771084186.0,7206096.0,254.956,8.862,0.32,35380.598,0.203,1682.192,0.149,99.851,0.025,0.009,35.288,15.561,49.002,0.149,0.09,54.73,1.2762407584604147,0.2504785139396602,27722.512187736604
ISR,Israel,2010,68.287,210327630432.0,7336735.0,265.059,9.308,0.325,36127.625,0.205,1750.479,0.222,99.778,0.069,0.008,33.927,19.122,46.729,0.222,0.17,58.55,1.2602195891028922,0.25762943344689293,28667.74259013035
ISR,Israel,2011,68.595,220210380263.0,7471023.0,270.062,9.181,0.311,36147.91,0.199,1819.074,0.353,99.647,0.184,0.007,34.165,17.434,48.049,0.353,0.3,59.6,1.2263817885308657,0.2539972302656427,29475.264667636548
ISR,Israel,2012,74.781,225909436249.0,7607781.0,282.727,9.83,0.331,37162.938,0.214,1893.855,0.502,99.498,0.336,0.005,36.252,8.562,54.684,0.502,0.49,63.01,1.2515059339459156,0.26449896897006653,29694.52409960276
ISR,Israel,2013,63.095,235885601546.0,7749369.0,267.183,8.142,0.267,34478.062,0.179,1956.95,0.583,99.417,0.464,0.006,30.866,24.625,43.926,0.583,0.57,61.32,1.1326804105417037,0.2361490064861911,30439.33016301069
ISR,Israel,2014,60.279,245129958334.0,7897173.0,260.622,7.633,0.246,33001.949,0.17,2017.229,0.987,99.013,0.821,0.04,29.413,27.583,42.017,0.987,0.96,60.86,1.0631992995523274,0.23128899325459862,31040.21633235083
ISR,Israel,2015,62.936,251223879854.0,8052916.0,275.029,7.815,0.251,34152.684,0.178,2080.165,1.269,98.731,1.12,0.006,27.3,29.075,42.356,1.269,1.22,64.23,1.0947565978195801,0.22883405022743056,31196.63484059687
ISR,Israel,2016,61.164,262584215516.0,8210006.0,280.57,7.45,0.233,34174.199,0.173,2141.329,1.746,98.254,1.466,0.027,22.877,32.745,42.632,1.746,1.7,67.01,1.0684952994933699,0.21799907331503723,31983.437711982184
ISR,Israel,2017,58.849,273812314306.0,8361796.0,285.686,7.038,0.215,34165.57,0.164,2200.178,1.75,98.25,1.439,0.027,20.39,34.212,43.648,1.75,1.69,67.44,1.043364323201076,0.20599189319742656,32745.63434769277
ISR,Israel,2018,59.986,284956472967.0,8510067.0,292.212,7.049,0.211,34337.16,0.163,2260.164,1.89,98.11,1.558,0.034,18.767,36.226,43.116,1.89,1.88,69.02,1.0254618782912863,0.2052824661547096,33484.63331334524
ISR,Israel,2019,58.95,296799271432.0,8657466.0,301.506,6.809,0.199,34826.125,0.159,2319.114,2.903,97.097,2.561,0.05,19.236,35.623,42.238,2.903,3.51,72.71,1.0158582888202217,0.19551849714433545,34282.464572428005
ISR,Israel,2020,59.285,291287719910.0,8800380.0,285.135,6.737,0.204,32400.352,0.169,2378.399,4.024,95.976,3.614,0.054,17.743,39.613,38.621,4.024,4.44,72.74,0.9788775170065493,0.20791905588580847,33099.447968155924
ISR,Israel,2021,58.95,316373426613.0,8942925.0,292.044,6.592,0.186,32656.467,0.16,2437.35,4.889,95.111,4.526,0.037,15.533,40.294,39.284,4.889,5.82,74.12,0.9230990198087633,0.20185314541644409,35376.951792953645
ISR,Israel,2022,62.267,336722563455.0,9103143.0,307.838,6.84,0.185,33816.672,0.166,2499.617,5.387,94.613,4.871,0.152,14.477,39.566,40.569,5.387,7.47,76.87,0.9142185092717727,0.20227197422020674,36989.70382592035
ITA,Italy,1990,438.208,1475485283347.0,57031457.0,2152.229,7.684,0.297,37737.582,1.928,11872.101,4.568,95.432,0.001,0.0,7.928,21.153,66.351,4.568,34.9,213.15,1.458658398217209,0.20360658647383711,25871.428873840625
ITA,Italy,1991,437.742,1509175668697.0,57075394.0,2090.716,7.67,0.29,36630.781,1.886,12309.842,6.125,93.875,0.001,0.0,7.76,23.156,62.959,6.125,45.53,218.43,1.3853364080571835,0.209374204817871,26441.79151346726
ITA,Italy,1992,437.937,1531924051790.0,57124993.0,2101.066,7.666,0.286,36780.156,1.945,12747.778,6.129,93.871,0.001,0.0,6.773,22.828,64.27,6.129,45.77,222.68,1.3715209951465788,0.20843562267915433,26817.054520951977
ITA,Italy,1993,430.268,1529550155063.0,57170762.0,2068.863,7.526,0.281,36187.422,1.891,13178.047,6.154,93.846,0.001,0.001,6.016,23.655,64.175,6.154,45.22,219.74,1.352595724404203,0.20797317173732627,26754.062768360513
ITA,Italy,1994,424.507,1573414707872.0,57420136.0,2064.182,7.393,0.27,35948.75,1.848,13602.553,6.574,93.426,0.001,0.001,6.368,22.917,64.141,6.574,48.25,228.75,1.311912231195391,0.2056538619172147,27401.793473146772
ITA,Italy,1995,448.596,1630199200435.0,57403342.0,2167.477,7.815,0.275,37758.719,1.908,14051.148,5.386,94.614,0.002,0.001,6.518,24.023,64.072,5.386,41.46,237.37,1.3295780045908705,0.20696690207093316,28399.029457814493
ITA,Italy,1996,442.843,1662793011167.0,57162098.0,2176.345,7.747,0.266,38073.223,1.827,14493.992,5.983,94.017,0.002,0.004,5.975,24.691,63.35,5.983,46.22,239.39,1.3088490181183603,0.2034801467598198,29089.08296485199
ITA,Italy,1997,448.571,1705188033729.0,57189272.0,2197.644,7.844,0.263,38427.555,1.84,14942.562,5.928,94.072,0.002,0.015,6.003,25.387,62.681,5.928,46.19,246.5,1.28879862896649,0.20411449716150568,29816.571781662125
ITA,Italy,1998,460.824,1744897501196.0,57215190.0,2202.06,8.054,0.264,38487.336,1.897,15403.387,5.959,94.041,0.002,0.029,6.219,27.277,60.545,5.959,46.48,253.66,1.2619996294857712,0.20926950219340074,30497.102276440924
ITA,Italy,1999,465.508,1784529161518.0,57240796.0,2214.889,8.132,0.261,38694.242,1.874,15868.895,6.543,93.457,0.002,0.051,6.177,29.485,57.795,6.543,51.32,259.25,1.2411615611346563,0.2101721576115101,31175.827141152964
ITA,Italy,2000,469.598,1863751547560.0,57272200.0,2100.08,8.199,0.252,36668.406,1.841,16338.493,6.853,93.147,0.002,0.075,6.955,32.426,53.766,6.853,50.87,269.94,1.1268025519546305,0.2236095767780275,32541.993280509567
ITA,Italy,2001,469.679,1910272015654.0,57305760.0,2096.657,8.196,0.246,36587.203,1.828,16808.172,7.295,92.705,0.003,0.156,7.404,32.575,52.727,7.295,54.35,271.9,1.097569865871793,0.22401327446501737,33334.72962672513
ITA,Italy,2002,477.136,1929301903714.0,57420636.0,2101.486,8.309,0.247,36598.094,1.817,17285.309,6.453,93.547,0.003,0.184,7.62,32.261,53.666,6.453,48.31,277.53,1.0892468389496412,0.22704695629663965,33599.45201084154
ITA,Italy,2003,495.094,1947667703883.0,57739697.0,2170.052,8.575,0.254,37583.359,1.79,17780.402,6.06,93.94,0.003,0.184,7.959,34.427,51.555,6.06,46.86,286.27,1.1141797934389117,0.22814844989889643,33731.8656847645
ITA,Italy,2004,500.687,1994293720592.0,58176736.0,2224.656,8.606,0.251,38239.617,1.75,18281.09,6.893,93.107,0.004,0.226,8.699,34.858,49.549,6.893,53.87,293.71,1.1155107078909208,0.225062661373264,34279.91767348378
ITA,Italy,2005,501.365,2029243417217.0,58519696.0,2222.93,8.567,0.247,37986.016,1.694,18782.455,6.161,93.839,0.004,0.284,8.636,37.319,47.884,6.161,48.43,294.63,1.0954476831806756,0.22554241474090503,34676.246732672706
ITA,Italy,2006,496.075,2086553648584.0,58754434.0,2221.864,8.443,0.238,37816.105,1.621,19278.531,6.427,93.573,0.004,0.358,8.747,36.565,48.261,6.427,50.64,305.61,1.0648487286717145,0.22326974108226247,35513.126525633794
ITA,Italy,2007,489.794,2134371774096.0,59108723.0,2175.28,8.286,0.229,36801.336,1.555,19768.324,6.173,93.827,0.005,0.494,8.745,37.52,47.563,6.173,47.72,306.17,1.0191664012804549,0.22516365709242028,36109.25199815263
ITA,Italy,2008,478.132,2129113318512.0,59561687.0,2150.094,8.028,0.225,36098.609,1.492,20246.455,7.803,92.197,0.024,0.598,8.568,37.71,45.92,7.803,58.16,311.57,1.0098541873302747,0.2223772542037697,35746.35685708499
ITA,Italy,2009,424.032,2029023036275.0,59904016.0,1994.81,7.079,0.209,33300.102,1.346,20670.486,10.127,89.873,0.089,0.864,7.237,37.398,45.238,10.127,69.26,286.36,0.9831381725769806,0.21256761295561982,33871.23554913246
ITA,Italy,2010,435.672,2080545936781.0,60164212.0,2062.27,7.241,0.209,34277.355,1.308,21106.16,10.921,89.079,0.242,1.157,7.744,38.545,42.79,10.921,76.97,296.63,0.9912157975183781,0.2112584676109336,34581.12169375708
ITA,Italy,2011,423.897,2110883320816.0,60367882.0,2020.391,7.022,0.201,33467.977,1.229,21530.057,11.912,88.088,1.391,1.27,8.864,36.901,42.322,11.912,82.95,298.37,0.9571305908177726,0.20980938838076393,34966.99322358204
ITA,Italy,2012,403.444,2047959835066.0,60531522.0,1959.975,6.665,0.197,32379.41,1.154,21933.5,13.499,86.501,2.493,1.772,9.372,36.599,40.53,13.499,92.22,295.25,0.9570378121877744,0.20584140103827855,33832.9479814831
ITA,Italy,2013,369.461,2010255414011.0,60653864.0,1863.063,6.091,0.184,30716.307,1.047,22302.959,16.96,83.04,2.985,2.06,8.509,36.08,38.452,16.96,112.0,286.02,0.926779247559736,0.1983083771187555,33143.07253386198
ITA,Italy,2014,349.389,2010164047423.0,60664169.0,1816.316,5.759,0.174,29940.508,0.985,22652.35,18.517,81.483,3.149,2.143,8.514,32.719,40.251,18.517,120.68,276.53,0.9035660558791158,0.19236135121862055,33135.936427695895
ITA,Italy,2015,361.244,2025809415322.0,60575314.0,1838.465,5.964,0.178,30350.078,1.02,23013.594,16.66,83.34,3.179,2.057,7.848,35.201,40.29,16.66,108.89,279.7,0.9075212041641035,0.1964921823368952,33442.82153158959
ITA,Italy,2016,358.133,2052012434345.0,60478103.0,1834.538,5.922,0.175,30333.92,1.012,23371.727,16.412,83.588,3.046,2.438,6.964,37.048,39.576,16.412,108.01,285.95,0.894018949054557,0.19521699741297263,33929.84125750439
ITA,Italy,2017,352.666,2086237040647.0,60390317.0,1847.626,5.84,0.169,30594.736,0.98,23724.393,15.675,84.325,3.317,2.414,6.052,38.96,39.313,15.675,103.89,292.09,0.8856261124704218,0.1908752095932835,34545.886564016546
ITA,Italy,2018,349.048,2105551772855.0,60277496.0,1859.782,5.791,0.166,30853.664,0.95,24073.441,17.059,82.941,3.049,2.385,5.519,37.454,39.967,17.059,114.41,286.06,0.8832753599206201,0.18768221221627052,34930.97611179801
ITA,Italy,2019,339.638,2115725732767.0,60130136.0,1839.953,5.648,0.161,30599.51,0.916,24413.08,17.412,82.588,3.208,2.736,4.216,38.731,39.641,17.412,115.83,289.99,0.8696557268761215,0.18459058465080358,35185.77993515597
ITA,Italy,2020,302.6,1925751927111.0,59912763.0,1663.423,5.051,0.157,27764.078,0.861,24715.68,19.399,80.601,3.729,2.805,3.565,40.95,36.085,19.399,116.9,276.81,0.8637784423746915,0.18191404110680207,32142.59918393348
ITA,Italy,2021,335.93,2060299944789.0,59729353.0,1785.142,5.624,0.163,29887.174,0.911,25051.609,18.014,81.986,3.478,2.906,3.671,40.809,37.506,18.014,116.33,285.49,0.8664476279364365,0.18818110828158208,34493.92704436293
ITA,Italy,2022,340.115,2136009300257.0,59619106.0,1755.465,5.705,0.159,29444.67,0.906,25391.725,15.951,84.049,3.957,2.883,4.949,37.334,41.766,15.951,100.46,280.17,0.8218433317630154,0.19374638628511534,35827.59694949132
JAM,Jamaica,1990,7.527,14169709989.0,2379880.0,29.662,3.163,0.531,12463.715,0.033,181.329,,,,,,,,,,,2.0933385385464294,0.2537590182725373,5953.959858900449
JAM,Jamaica,1991,7.751,14561139268.0,2400873.0,30.949,3.228,0.532,12890.735,0.033,189.08,,,,,,,,,,,2.125451822853893,0.2504442792982003,6064.935241472581
JAM,Jamaica,1992,7.709,15185307675.0,2424698.0,33.522,3.179,0.508,13825.233,0.034,196.789,,,,,,,,,,,2.2075285346498585,0.2299683789750015,6262.7624862972625
JAM,Jamaica,1993,8.001,15692820704.0,2449913.0,34.071,3.266,0.51,13906.923,0.035,204.79,,,,,,,,,,,2.1711201983793464,0.23483314255525223,6405.4603996141905
JAM,Jamaica,1994,8.189,16160332925.0,2475225.0,35.095,3.308,0.507,14178.675,0.036,212.978,,,,,,,,,,,2.1716755566160466,0.2333380823479128,6528.833914088618
JAM,Jamaica,1995,9.173,16727506200.0,2500152.0,39.18,3.669,0.548,15671.189,0.039,222.152,,,,,,,,,,,2.3422499164878503,0.23412455334354262,6690.595691781939
JAM,Jamaica,1996,9.688,16930975718.0,2524470.0,40.373,3.837,0.572,15992.55,0.04,231.839,,,,,,,,,,,2.384564284566178,0.2399623510762143,6706.744670366453
JAM,Jamaica,1997,10.068,16827001355.0,2547853.0,42.158,3.952,0.598,16546.428,0.041,241.908,,,,,,,,,,,2.505378059381514,0.23881588310640922,6604.384693700932
JAM,Jamaica,1998,9.694,16799001649.0,2569740.0,43.104,3.772,0.577,16773.613,0.04,251.602,,,,,,,,,,,2.5658667640267696,0.22489792130660727,6537.237871924786
JAM,Jamaica,1999,9.958,17139281457.0,2589796.0,44.142,3.845,0.581,17044.453,0.04,261.56,,,,,,,,,,,2.575487199433999,0.22559014090888496,6618.004451701987
JAM,Jamaica,2000,10.314,17441468822.0,2607827.0,43.29,3.955,0.591,16599.863,0.04,271.874,,,,,,,,,0.31,6.77,2.48201573169088,0.23825363825363827,6688.12341539527
JAM,Jamaica,2001,10.576,17823908809.0,2624410.0,43.982,4.03,0.593,16758.637,0.041,282.45,,,,,,,,,0.23,6.79,2.467584437920359,0.2404620071847574,6791.586988694602
JAM,Jamaica,2002,10.203,18032751164.0,2640582.0,43.557,3.864,0.566,16495.219,0.039,292.653,,,,,,,,,0.15,6.96,2.41543842111878,0.23424478269853297,6829.082059939817
JAM,Jamaica,2003,10.667,18718066744.0,2656629.0,45.356,4.015,0.57,17072.861,0.039,303.32,,,,,,,,,0.18,7.18,2.4231134881778686,0.23518387864891083,7045.79628694861
JAM,Jamaica,2004,10.574,18987080266.0,2672227.0,44.285,3.957,0.557,16572.15,0.037,313.894,,,,,,,,,0.23,7.25,2.3323754563412664,0.23877159309021112,7105.339578561253
JAM,Jamaica,2005,10.413,19174940176.0,2687070.0,45.606,3.875,0.543,16972.453,0.035,324.307,,,,,,,,,0.27,7.47,2.3784168076353116,0.22832522036574135,7136.003221352626
JAM,Jamaica,2006,11.574,19747242374.0,2700973.0,52.109,4.285,0.586,19292.854,0.038,335.881,,,,,,,,,0.28,7.5,2.6387988263418882,0.22211134352990847,7311.1587468664075
JAM,Jamaica,2007,10.749,20046356418.0,2713808.0,53.134,3.961,0.536,19579.225,0.034,346.63,,,,,,,,,0.3,6.06,2.6505564847829395,0.2022998456732036,7386.799809713878
JAM,Jamaica,2008,10.776,19893168382.0,2725633.0,45.018,3.954,0.542,16516.637,0.034,357.406,,,,,,,,,0.26,4.23,2.262987933120487,0.23937091829934692,7298.549871534429
JAM,Jamaica,2009,7.937,19223460566.0,2737001.0,35.616,2.9,0.413,13012.702,0.025,365.343,,,,,,,,,0.33,4.4,1.8527361334198604,0.22284928122192274,7023.548974223977
JAM,Jamaica,2010,7.677,18949004011.0,2748573.0,32.725,2.793,0.405,11906.095,0.023,373.021,,,,,,,,,0.33,4.32,1.7270036979781607,0.2345912910618793,6894.124336883176
JAM,Jamaica,2011,8.226,19220287418.0,2760493.0,34.613,2.98,0.428,12538.882,0.024,381.247,,,,,,,,,0.38,4.36,1.8008575650947116,0.23765637188339644,6962.62856598441
JAM,Jamaica,2012,7.887,19123987392.0,2772432.0,32.511,2.845,0.412,11726.472,0.023,389.134,,,,,,,,,0.44,4.31,1.700011578840514,0.2425948140629325,6897.910351633512
JAM,Jamaica,2013,8.467,19166827044.0,2783689.0,35.369,3.042,0.442,12705.904,0.024,397.601,,,,,,,,,0.4,4.29,1.8453236896647398,0.23939042664480195,6885.405317907281
JAM,Jamaica,2014,7.675,19277035737.0,2793756.0,34.758,2.747,0.398,12441.397,0.022,405.276,,,,,,,,,0.42,4.26,1.8030780496653909,0.22081247482593935,6900.04271561296
JAM,Jamaica,2015,7.966,19444553127.0,2802536.0,35.92,2.843,0.41,12817.113,0.023,413.242,,,,,,,,,0.44,4.28,1.8473039604146415,0.22177060133630289,6938.1992334799625
JAM,Jamaica,2016,8.134,19735837824.0,2809919.0,37.202,2.895,0.412,13239.611,0.023,421.377,,,,,,,,,0.55,4.49,1.8849972487491797,0.2186441589161873,7023.632291179923
JAM,Jamaica,2017,7.768,19869841700.0,2815765.0,32.889,2.759,0.391,11680.155,0.022,429.145,,,,,,,,,0.51,4.38,1.6552220443708923,0.23618839125543492,7056.640628745652
JAM,Jamaica,2018,8.061,20232863013.0,2820103.0,37.238,2.858,0.398,13204.306,0.022,437.206,,,,,,,,,0.58,3.96,1.8404711175118358,0.2164724206455771,7174.512070303816
JAM,Jamaica,2019,9.439,20429119874.0,2823275.0,41.236,3.343,0.462,14605.562,0.025,446.645,,,,,,,,,0.59,4.64,2.0184912641528316,0.2289019303521195,7235.9652793298565
JAM,Jamaica,2020,6.866,18402554628.0,2830745.0,28.916,2.425,0.373,10215.15,0.02,453.511,,,,,,,,,0.59,4.28,1.5713035817322611,0.237446396458708,6500.958096896753
JAM,Jamaica,2021,7.313,19249256856.0,2837680.0,31.807,2.577,0.38,11208.746,0.02,460.823,,,,,,,,,0.58,4.35,1.6523754780738846,0.2299179425912535,6783.448752502044
JAM,Jamaica,2022,7.908,20019224153.0,2839150.0,33.428,2.785,0.395,11773.948,0.021,468.731,,,,,,,,,0.58,4.49,1.6697949802910126,0.23656814646404214,7051.132963386929
JPN,Japan,1990,1154.853,3699821545804.0,123399767.0,5184.285,9.359,0.312,42012.113,5.08,28864.836,5.368,84.152,0.0,0.0,17.601,9.757,56.793,15.848,98.236,881.5,1.4012256904335136,0.2227603227831803,29982.40301218721
JPN,Japan,1991,1166.552,3824677506935.0,123889870.0,5363.508,9.416,0.305,43292.547,5.027,30031.389,5.6,83.532,0.0,0.0,16.882,9.974,56.676,16.468,106.068,911.303,1.4023425479075697,0.2174979509679113,30871.59189798972
JPN,Japan,1992,1175.454,3856515730401.0,124383707.0,5426.293,9.45,0.305,43625.438,5.22,31206.842,4.805,84.028,0.001,0.0,16.397,10.245,57.386,15.972,91.907,916.787,1.4070454729963657,0.21662191849942494,31004.9911151225
JPN,Japan,1993,1169.328,3860865231367.0,124839955.0,5516.979,9.367,0.303,44192.41,5.14,32376.17,5.348,82.109,0.001,0.0,16.458,10.153,55.497,17.891,104.163,926.103,1.4289488675176125,0.21195077958426162,30926.518928711565
JPN,Japan,1994,1223.158,3893220587047.0,125286861.0,5718.397,9.763,0.314,45642.43,5.324,33599.332,3.887,83.509,0.001,0.0,16.609,10.465,56.435,16.491,77.964,984.493,1.4688088876919745,0.21389875519310744,31074.45230866627
JPN,Japan,1995,1235.873,3997430939864.0,125672659.0,5911.905,9.834,0.309,47042.098,5.255,34835.203,4.483,81.966,0.002,0.0,16.662,10.308,54.996,18.034,93.129,1010.88,1.4789261125299475,0.20904818328440664,31808.27852034228
JPN,Japan,1996,1248.69,4118875121023.0,125975304.0,6029.414,9.912,0.303,47861.875,5.153,36083.891,4.371,81.898,0.003,0.0,16.765,10.783,54.35,18.102,92.477,1029.857,1.4638496732337158,0.207099728099613,32695.893482606716
JPN,Japan,1997,1240.98,4160709430865.0,126265926.0,6146.964,9.828,0.298,48682.684,5.09,37324.875,4.773,80.632,0.004,0.0,16.899,10.983,52.75,19.368,102.975,1054.864,1.4773836294360174,0.20188502812119935,32951.957528628904
JPN,Japan,1998,1201.334,4111245191910.0,126549182.0,6049.681,9.493,0.292,47804.98,4.945,38526.207,4.961,79.983,0.007,0.0,16.373,11.5,52.111,20.017,105.402,1059.663,1.4714960352898443,0.1985780737860393,32487.331225183265
JPN,Japan,1999,1238.121,4098283065888.0,126801566.0,6144.011,9.764,0.302,48453.75,4.985,39764.328,4.664,80.914,0.01,0.002,16.955,11.889,52.07,19.086,100.533,1079.142,1.4991670661159515,0.20151672905533535,32320.44520560574
JPN,Japan,2000,1260.203,4209651870326.0,127027794.0,6253.324,9.921,0.299,49227.996,4.94,41024.531,4.603,81.144,0.015,0.005,17.858,12.166,51.12,18.856,101.03,1099.67,1.485472954207906,0.20152530078403103,33139.612503433695
JPN,Japan,2001,1245.935,4224163277272.0,127260144.0,6185.704,9.79,0.295,48606.762,4.849,42270.465,4.508,81.102,0.022,0.011,18.48,12.632,49.989,18.898,98.32,1083.14,1.4643619561966315,0.20142169751413905,33193.13607936826
JPN,Japan,2002,1275.42,4226576076119.0,127484599.0,6165.896,10.005,0.302,48365.816,4.856,43545.887,4.514,81.446,0.031,0.018,19.698,12.401,49.347,18.554,98.64,1103.07,1.4588394693374964,0.2068507156137567,33153.62098067234
JPN,Japan,2003,1283.845,4288493482445.0,127671254.0,6162.913,10.056,0.299,48271.73,4.643,44829.734,5.098,84.68,0.042,0.037,20.238,13.614,50.828,15.32,112.13,1092.59,1.4370811160674393,0.20831788474054397,33590.12579640676
JPN,Japan,2004,1279.122,4380398118363.0,127815769.0,6247.106,10.008,0.292,48875.867,4.471,46108.852,5.023,82.513,0.055,0.063,20.499,12.969,49.045,17.487,112.43,1121.19,1.426150279311737,0.2047543294447061,34271.18697977712
JPN,Japan,2005,1286.412,4450600710060.0,127913331.0,6353.936,10.057,0.289,49673.758,4.346,47395.266,4.52,83.02,0.069,0.081,21.113,13.085,48.822,16.98,102.79,1153.07,1.4276580654916446,0.20245907418645703,34793.87703585016
JPN,Japan,2006,1263.44,4514225078439.0,127997247.0,6336.102,9.871,0.28,49501.863,4.13,48658.707,5.011,82.081,0.085,0.091,20.818,14.049,47.214,17.919,114.47,1164.35,1.4035857516858679,0.19940335556466737,35268.141965889314
JPN,Japan,2007,1298.974,4590814009043.0,128087683.0,6275.421,10.141,0.283,48993.164,4.124,49957.68,4.499,83.623,0.098,0.117,22.049,15.27,46.304,16.377,101.76,1180.11,1.3669516969405984,0.20699392120464905,35841.18239567969
JPN,Japan,2008,1228.687,4542408020234.0,128155992.0,6158.084,9.587,0.27,48051.477,3.834,51186.367,4.561,84.603,0.112,0.127,23.081,16.167,45.354,15.397,101.98,1183.7,1.355687109693587,0.19952423513547396,35444.36705100765
JPN,Japan,2009,1160.253,4298103109270.0,128192471.0,5622.332,9.051,0.27,43858.52,3.682,52346.617,4.756,82.359,0.143,0.161,21.217,16.531,44.611,17.641,97.28,1114.02,1.3080961198613288,0.20636508125098268,33528.51439512388
JPN,Japan,2010,1211.09,4480295644398.0,128185273.0,5983.169,9.448,0.27,46675.945,3.635,53557.711,5.404,81.799,0.174,0.172,22.738,16.798,42.263,18.201,118.24,1156.04,1.33544066617147,0.20241614435427113,34951.71902000006
JPN,Japan,2011,1261.181,4468738319171.0,128096430.0,5669.594,9.846,0.282,44260.359,3.658,54818.891,5.447,87.076,0.25,0.205,22.722,19.845,44.508,12.924,113.5,1104.2,1.2687236519706913,0.22244643972743022,34885.73662178563
JPN,Japan,2012,1302.113,4530172048567.0,127928283.0,5615.285,10.178,0.287,43894.004,3.725,56121.004,5.379,93.793,0.339,0.218,24.184,22.004,47.605,6.207,111.33,1106.88,1.2395301855646403,0.2318872506025963,35411.80997924439
JPN,Japan,2013,1311.876,4621006950566.0,127723642.0,5576.221,10.271,0.284,43658.484,3.719,57432.879,5.829,93.499,0.594,0.236,25.354,22.223,45.922,6.501,120.55,1087.76,1.206711234077889,0.2352625550529651,36179.73053544777
JPN,Japan,2014,1260.272,4634693421103.0,127486601.0,5431.795,9.886,0.272,42606.789,3.553,58693.148,6.604,93.396,1.107,0.236,25.597,23.044,44.754,6.604,133.9,1062.72,1.17198582656354,0.23201759271106512,36354.357122620284
JPN,Japan,2015,1219.982,4707025000790.0,127275868.0,5363.261,9.585,0.259,42138.867,3.446,59913.133,7.685,92.1,1.637,0.247,26.167,22.222,43.712,7.9,154.02,1030.12,1.1394162977889135,0.22747019024433082,36982.85523214817
JPN,Japan,2016,1199.933,4742508721138.0,127159950.0,5295.819,9.436,0.253,41646.914,3.39,61113.066,7.593,91.565,2.064,0.254,26.46,22.075,43.029,8.435,151.77,1063.7,1.1166703766712798,0.22658119546759434,37295.616435347765
JPN,Japan,2017,1184.392,4821960242931.0,127064686.0,5354.196,9.321,0.246,42137.562,3.292,62297.457,8.029,90.608,2.535,0.292,26.566,21.948,42.094,9.392,163.3,1076.86,1.1103774668920712,0.22120818886719873,37948.86206959973
JPN,Japan,2018,1138.55,4852985093686.0,126913432.0,5317.67,8.971,0.235,41899.98,3.099,63436.004,8.65,89.042,2.878,0.346,26.204,21.867,40.97,10.958,175.34,1082.93,1.09575238690071,0.21410693029089808,38238.54589076119
JPN,Japan,2019,1102.063,4833467877373.0,126699421.0,5205.6,8.698,0.228,41086.219,2.972,64538.07,8.871,87.991,3.223,0.356,26.315,20.881,40.796,12.009,176.41,1047.4,1.0769907097901836,0.21170719993852774,38149.09207338051
JPN,Japan,2020,1037.285,4626661481209.0,126304533.0,4825.24,8.213,0.224,38203.219,2.95,65575.352,10.457,87.329,3.908,0.433,26.488,21.705,39.136,12.671,193.03,1011.03,1.0429204772377487,0.21497065430942297,36631.001052107924
JPN,Japan,2021,1058.502,4725883595048.0,125679342.0,5029.708,8.422,0.224,40020.164,2.871,66633.852,10.814,86.17,4.147,0.47,27.39,20.547,38.233,13.83,208.14,1034.67,1.064289438967638,0.21044999033741124,37602.70796968367
JPN,Japan,2022,1029.645,4774494846664.0,124997585.0,4996.771,8.237,0.216,39974.945,2.744,67663.5,11.154,86.285,4.504,0.466,27.488,20.037,38.76,13.715,213.19,1040.57,1.0465549048589522,0.20606207488796266,38196.69673349289
JOR,Jordan,1990,10.59,19715854104.0,3621915.0,42.117,2.924,0.537,11628.393,0.047,130.904,,,,,,,,,,,2.136199617720604,0.2514424104280932,5443.488901313255
JOR,Jordan,1991,9.991,21426578689.0,3915152.0,39.949,2.552,0.466,10203.808,0.043,140.895,,,,,,,,,,,1.8644600512217595,0.2500938696838469,5472.732269143063
JOR,Jordan,1992,12.189,24977190661.0,4127699.0,47.071,2.953,0.488,11403.677,0.054,153.084,,,,,,,,,,,1.8845594221890543,0.2589492468823692,6051.117259519166
JOR,Jordan,1993,12.008,25755431445.0,4348018.0,46.551,2.762,0.466,10706.335,0.053,165.092,,,,,,,,,,,1.8074245853504085,0.2579536422418423,5923.48776959985
JOR,Jordan,1994,13.521,26713865287.0,4561409.0,53.519,2.964,0.506,11733.036,0.059,178.614,,,,,,,,,,,2.00341655634703,0.25263924961228723,5856.494185678153
JOR,Jordan,1995,13.451,28214801077.0,4752097.0,56.093,2.831,0.477,11803.904,0.057,192.065,,,,,,,,,,,1.9880700149867656,0.23979819228780774,5937.336943458856
JOR,Jordan,1996,14.074,29005289260.0,4912518.0,60.279,2.865,0.485,12270.518,0.058,206.138,,,,,,,,,,,2.078207166274611,0.23348098010915908,5904.362947881311
JOR,Jordan,1997,14.308,30403319446.0,5046287.0,58.263,2.835,0.471,11545.732,0.059,220.447,,,,,,,,,,,1.9163368034033976,0.24557609460549576,6024.889081021353
JOR,Jordan,1998,14.447,31929861575.0,5164290.0,62.323,2.798,0.452,12067.999,0.059,234.894,,,,,,,,,,,1.9518719131810078,0.2318084816199477,6182.817304024367
JOR,Jordan,1999,14.467,33702407072.0,5276450.0,62.964,2.742,0.429,11933.068,0.058,249.361,,,,,,,,,,,1.868234511128155,0.22976621561527222,6387.326151484426
JOR,Jordan,2000,15.401,35825242090.0,5386945.0,66.256,2.859,0.43,12299.419,0.06,264.762,,,,,,,,,0.04,7.37,1.8494222546647974,0.2324468727360541,6650.382005013974
JOR,Jordan,2001,15.858,38405924481.0,5498900.0,63.607,2.884,0.413,11567.229,0.062,280.62,,,,,,,,,0.04,7.54,1.6561767711506947,0.24931218262140958,6984.292218625544
JOR,Jordan,2002,16.707,41327374100.0,5616077.0,66.716,2.975,0.404,11879.504,0.064,297.327,,,,,,,,,0.05,8.12,1.6143295201521162,0.25041968942982196,7358.762014837047
JOR,Jordan,2003,17.273,43669159351.0,5741837.0,72.885,3.008,0.396,12693.693,0.062,314.601,,,,,,,,,0.05,8.03,1.6690268620508943,0.23698977841805585,7605.433479041638
JOR,Jordan,2004,19.003,47936969925.0,5882066.0,79.17,3.231,0.396,13459.61,0.066,333.604,,,,,,,,,0.06,8.96,1.651543685883062,0.24002778830365037,8149.682428758875
JOR,Jordan,2005,20.79,52217618202.0,6029597.0,85.957,3.448,0.398,14255.92,0.07,354.394,,,,,,,,,0.06,9.65,1.6461302326636518,0.24186511860581453,8660.216960105294
JOR,Jordan,2006,20.829,59977821392.0,6427377.0,88.893,3.241,0.347,13830.34,0.068,375.224,,,,,,,,,0.06,11.12,1.4820978477863949,0.23431541291215283,9331.617142109448
JOR,Jordan,2007,21.7,68285595085.0,6827235.0,85.47,3.178,0.318,12519.004,0.069,396.924,,,,,,,,,0.07,12.83,1.2516549045755454,0.2538902538902539,10001.94003648622
JOR,Jordan,2008,20.987,72788636146.0,6989874.0,82.328,3.003,0.288,11778.231,0.065,417.911,,,,,,,,,0.07,14.15,1.1310556751587688,0.25491934700223495,10413.440377609095
JOR,Jordan,2009,21.545,76172493182.0,7141763.0,85.63,3.017,0.283,11990.046,0.068,439.456,,,,,,,,,0.07,14.28,1.1241590818801617,0.2516057456498891,10665.782830093915
JOR,Jordan,2010,20.838,77493873619.0,7297046.0,89.129,2.856,0.269,12214.337,0.063,460.294,,,,,,,,,0.07,14.78,1.1501425317594047,0.2337959586666517,10619.89654704109
JOR,Jordan,2011,21.409,79441955134.0,7480431.0,93.348,2.862,0.269,12479.021,0.062,481.704,,,,,,,,,0.06,14.64,1.1750466090939449,0.2293461027552813,10619.970311068975
JOR,Jordan,2012,24.069,81371594307.0,7587133.0,99.057,3.172,0.296,13055.925,0.069,505.773,,,,,,,,,0.07,16.59,1.2173412705455449,0.24298131378903057,10724.946340995999
JOR,Jordan,2013,24.061,83495396478.0,7991812.0,98.371,3.011,0.288,12308.972,0.068,529.834,,,,,,,,,0.06,17.26,1.178160762742405,0.24459444348436024,10447.61769646233
JOR,Jordan,2014,26.165,86320876820.0,8791715.0,100.934,2.976,0.303,11480.571,0.074,555.999,,,,,,,,,0.07,18.27,1.1692884006550572,0.25922880298016526,9818.434380550325
JOR,Jordan,2015,25.799,88475445240.0,9544730.0,108.769,2.703,0.292,11395.704,0.073,581.798,,,,,,,,,0.23,19.06,1.2293693431544916,0.23719074368616058,9269.559771727434
JOR,Jordan,2016,24.949,90239641982.0,10006369.0,114.878,2.493,0.276,11480.458,0.07,606.748,,,,,,,,,0.86,19.67,1.2730325328962917,0.21717822385487212,9018.220493567647
JOR,Jordan,2017,26.08,92472176531.0,10234227.0,118.0,2.548,0.282,11529.927,0.072,632.828,,,,,,,,,1.4,20.78,1.276059507050125,0.22101694915254239,9035.579974042006
JOR,Jordan,2018,25.419,94246709824.0,10462310.0,113.737,2.43,0.27,10871.084,0.069,658.247,,,,,,,,,2.16,20.37,1.2068007489322112,0.22348927789549575,9008.212318694437
JOR,Jordan,2019,24.57,96062846478.0,10671893.0,111.552,2.302,0.256,10452.868,0.066,682.817,,,,,,,,,2.96,20.53,1.1612397934257266,0.22025602409638553,9001.481412716563
JOR,Jordan,2020,20.622,94554674762.0,10865232.0,99.424,1.898,0.218,9150.646,0.059,703.438,,,,,,,,,3.92,20.7,1.0514974563685655,0.2074147087222401,8702.49938169751
JOR,Jordan,2021,21.19,96661338596.0,11066356.0,105.1,1.915,0.219,9497.252,0.057,724.628,,,,,,,,,4.91,21.36,1.0873013091539083,0.2016175071360609,8734.7035099901
JOR,Jordan,2022,22.428,99281825499.0,11256269.0,114.477,1.992,0.226,10170.104,0.06,747.056,,,,,,,,,5.22,22.57,1.1530509176742831,0.19591708378102152,8820.136183579123
KAZ,Kazakhstan,1990,267.405,194940979656.0,17154060.0,859.425,15.588,1.372,50100.41,1.176,7229.295,2.384,97.616,0.0,0.0,52.477,15.267,29.871,2.384,7.366,87.379,4.4086420490785105,0.31114407888995543,11364.130687195917
KAZ,Kazakhstan,1991,260.421,174429524072.0,17278604.0,858.537,15.072,1.493,49687.891,1.122,7489.716,2.333,97.492,0.0,0.0,51.279,16.046,30.167,2.508,7.2,85.99,4.921970661604386,0.30333113191394195,10095.116716142114
KAZ,Kazakhstan,1992,233.523,166043944401.0,17332624.0,847.475,13.473,1.406,48894.812,1.037,7723.239,2.254,97.594,0.0,0.0,52.329,16.715,28.549,2.406,6.866,83.166,5.10391994756116,0.2755514911944305,9579.850367780435
KAZ,Kazakhstan,1993,207.559,151572718863.0,17274487.0,748.154,12.015,1.369,43309.75,0.912,7930.798,2.838,96.996,0.0,0.0,53.849,18.158,24.989,3.004,7.629,77.889,4.935941016379234,0.2774281765518864,8774.368747563965
KAZ,Kazakhstan,1994,174.671,133221794942.0,17043775.0,666.421,10.248,1.311,39100.562,0.76,8105.469,3.836,96.006,0.0,0.0,59.176,14.821,22.009,3.994,9.179,66.777,5.002342148971464,0.26210308498681767,7816.448817354137
KAZ,Kazakhstan,1995,168.468,122950929776.0,16730541.0,598.716,10.069,1.37,35785.812,0.716,8273.938,3.875,96.088,0.0,0.0,53.195,18.948,23.946,3.912,8.331,66.739,4.869552439259953,0.28138215781772996,7348.891454018134
KAZ,Kazakhstan,1996,154.716,124225924285.0,16416036.0,521.202,9.425,1.245,31749.574,0.638,8428.653,3.917,96.036,0.0,0.0,54.578,18.201,23.257,3.964,7.331,58.747,4.195597682205645,0.296844601517262,7567.352087008094
KAZ,Kazakhstan,1997,147.293,127005576762.0,16043250.0,459.578,9.181,1.16,28646.211,0.604,8575.946,3.938,95.88,0.0,0.0,53.139,16.203,26.538,4.12,6.499,52.0,3.618565512766566,0.3204961943348028,7916.4493953531855
KAZ,Kazakhstan,1998,145.622,125251820898.0,15647789.0,433.003,9.306,1.163,27671.828,0.599,8721.567,3.95,95.994,0.0,0.0,55.535,17.048,23.41,4.006,6.141,49.8,3.4570595213351836,0.33630713874961604,8004.4420907004815
KAZ,Kazakhstan,1999,118.762,129322680226.0,15455877.0,406.961,7.684,0.918,26330.492,0.478,8840.33,4.197,95.803,0.0,0.0,54.719,20.541,20.544,4.197,6.132,47.3,3.146864875432589,0.29182648951619444,8367.217222678468
KAZ,Kazakhstan,2000,142.197,142758090799.0,15501108.0,369.747,9.173,0.996,23852.965,0.557,8982.527,5.679,94.321,0.0,0.0,56.315,12.975,25.031,5.679,7.53,51.64,2.590024831031083,0.38457918522665496,9209.54107274138
KAZ,Kazakhstan,2001,138.036,162896083567.0,15575550.0,416.192,8.862,0.847,26720.834,0.537,9120.563,5.382,94.618,0.0,0.0,62.527,9.868,22.222,5.382,8.08,55.38,2.554953998196145,0.33166423189297245,10458.448245294709
KAZ,Kazakhstan,2002,156.768,179807015103.0,15656680.0,423.944,10.013,0.872,27077.492,0.597,9277.331,5.767,94.233,0.0,0.0,62.211,9.726,22.296,5.767,8.89,58.33,2.3577723024719,0.36978468854376995,11484.364188512507
KAZ,Kazakhstan,2003,175.022,197584132991.0,15747377.0,464.691,11.114,0.886,29509.088,0.633,9452.354,5.074,94.926,0.0,0.0,62.635,10.111,22.18,5.074,8.62,63.86,2.3518639526644924,0.37664168232223133,12547.113909256126
KAZ,Kazakhstan,2004,185.476,217713169930.0,15850164.0,490.623,11.702,0.852,30953.795,0.648,9637.83,4.463,95.537,0.0,0.0,63.211,10.701,21.625,4.463,8.06,66.95,2.2535292658581336,0.37804179583916775,13735.704559902346
KAZ,Kazakhstan,2005,198.449,240059743236.0,15968118.0,504.625,12.428,0.827,31602.055,0.67,9836.277,4.196,95.804,0.0,0.0,62.131,12.04,21.633,4.196,7.86,67.92,2.102080895354074,0.3932603418379985,15033.690459702264
KAZ,Kazakhstan,2006,219.633,267135182235.0,16103718.0,543.391,13.639,0.822,33743.172,0.718,10055.911,3.832,96.168,0.0,0.0,60.799,12.272,23.097,3.832,7.77,71.66,2.0341423973199326,0.4041896166848549,16588.416552935167
KAZ,Kazakhstan,2007,225.712,292456722644.0,16257212.0,602.888,13.884,0.772,37084.332,0.717,10281.623,3.613,96.387,0.0,0.0,60.205,13.494,22.688,3.613,8.17,76.62,2.0614605626073432,0.37438462865407834,17989.352826548613
KAZ,Kazakhstan,2008,226.102,303717015928.0,16426527.0,635.432,13.764,0.744,38683.312,0.705,10507.726,3.104,96.896,0.0,0.0,61.965,13.492,21.44,3.104,7.46,80.35,2.092184390981364,0.35582406929459015,18489.4235968443
KAZ,Kazakhstan,2009,223.189,309012285175.0,16619851.0,569.006,13.429,0.722,34236.527,0.708,10730.915,3.18,96.82,0.0,0.0,63.361,14.253,19.207,3.18,6.88,78.73,1.8413701567811784,0.39224366702635827,18592.963629758175
KAZ,Kazakhstan,2010,248.093,333341740713.0,16836808.0,611.195,14.735,0.744,36301.137,0.745,10979.008,3.426,96.574,0.0,0.0,63.667,14.36,18.547,3.426,8.02,82.65,1.833538754230679,0.40591464262633037,19798.392944375206
KAZ,Kazakhstan,2011,238.157,360244945296.0,17065996.0,694.016,13.955,0.661,40666.574,0.691,11217.164,2.948,97.052,0.0,0.0,61.014,14.254,21.783,2.948,7.88,86.58,1.9265114169187096,0.34315779463297674,21108.931778490984
KAZ,Kazakhstan,2012,245.263,378260779954.0,17306115.0,729.853,14.172,0.648,42173.152,0.702,11462.428,2.703,97.297,0.0,0.001,60.427,14.732,22.139,2.703,7.64,90.62,1.9294968938856332,0.33604438153984434,21857.059192892222
KAZ,Kazakhstan,2013,253.533,400574375261.0,17556502.0,731.605,14.441,0.633,41671.484,0.719,11715.961,2.709,97.291,0.0,0.002,59.685,15.312,22.294,2.709,7.73,92.61,1.8263899170367857,0.346543558340908,22816.297646364863
KAZ,Kazakhstan,2014,299.137,417799078586.0,17816285.0,769.111,16.79,0.716,43168.984,0.843,12015.098,2.743,97.257,0.0,0.004,56.102,19.316,21.839,2.743,8.27,94.64,1.8408633226358009,0.38893865774901154,23450.4038628704
KAZ,Kazakhstan,2015,303.052,421977118608.0,18084175.0,635.91,16.758,0.718,35163.887,0.856,12318.149,3.77,96.23,0.018,0.053,50.128,21.757,24.344,3.77,9.45,91.65,1.5069774448854303,0.47656429368935854,23334.05414446609
KAZ,Kazakhstan,2016,301.739,425774884998.0,18363600.0,711.327,16.431,0.709,38735.684,0.853,12619.889,4.246,95.754,0.031,0.097,52.333,21.166,22.254,4.246,11.98,94.63,1.6706645343896724,0.424191686805084,23185.80697673659
KAZ,Kazakhstan,2017,317.72,442384368842.0,18651931.0,764.926,17.034,0.718,41010.547,0.883,12937.609,3.815,96.185,0.03,0.111,53.354,21.92,20.911,3.815,11.64,103.12,1.729098164119803,0.41536044009485884,23717.885769682507
KAZ,Kazakhstan,2018,329.572,460522121041.0,18932725.0,789.198,17.408,0.716,41684.305,0.897,13267.182,3.445,96.555,0.045,0.122,53.77,21.17,21.615,3.445,10.91,107.28,1.713702695140975,0.41760369387656837,24324.133004678406
KAZ,Kazakhstan,2019,296.04,481245619523.0,19209556.0,798.712,15.411,0.615,41578.891,0.798,13563.221,3.447,96.553,0.122,0.22,50.308,24.725,21.52,3.447,11.09,106.48,1.6596764055570328,0.370646741253418,25052.407224976985
KAZ,Kazakhstan,2020,281.789,468733212615.0,19482116.0,735.937,14.464,0.601,37774.996,0.801,13845.011,4.014,95.986,0.416,0.346,51.67,24.053,20.264,4.014,11.94,108.64,1.5700551618570098,0.382898264389479,24059.66644562634
KAZ,Kazakhstan,2021,244.904,487951301251.0,19743607.0,822.205,12.404,0.502,41644.129,0.664,14089.914,3.78,96.22,0.489,0.524,47.544,26.353,22.323,3.78,12.59,115.08,1.685014463312316,0.29786245522710275,24714.394955845706
KAZ,Kazakhstan,2022,274.346,503634062609.0,20034612.0,819.283,13.694,0.545,40893.367,0.731,14364.26,3.995,96.005,0.533,0.695,47.93,26.039,22.035,3.995,13.28,113.44,1.6267426308614403,0.33486109195479463,25138.19896332407
KEN,Kenya,1990,5.789,41570971757.0,22892655.0,30.359,0.253,0.139,1326.129,0.025,144.24,,,,,,,,,,,0.7302932483142627,0.1906848051648605,1815.9087164420205
KEN,Kenya,1991,4.805,42852784377.0,23646514.0,27.424,0.203,0.112,1159.744,0.021,149.044,,,,,,,,,,,0.6399584157411028,0.1752114935822637,1812.2241771873857
KEN,Kenya,1992,5.505,43098109029.0,24382466.0,30.166,0.226,0.128,1237.183,0.024,154.549,,,,,,,,,,,0.699937901676888,0.18249022077835975,1767.5861428044234
KEN,Kenya,1993,6.312,43754838219.0,25117192.0,30.897,0.251,0.144,1230.129,0.028,160.861,,,,,,,,,,,0.7061390524484527,0.20429167880376736,1742.027461469419
KEN,Kenya,1994,6.523,45663580409.0,25857136.0,31.561,0.252,0.143,1220.581,0.028,167.384,,,,,,,,,,,0.6911634987294936,0.20667912930515508,1765.9952907777567
KEN,Kenya,1995,7.515,48490927693.0,26601753.0,33.55,0.283,0.155,1261.19,0.032,174.899,,,,,,,,,,,0.6918819992970184,0.22399403874813714,1822.8470767697152
KEN,Kenya,1996,9.283,51489486317.0,27344211.0,34.983,0.339,0.18,1279.355,0.038,184.182,,,,,,,,,,,0.6794202564893302,0.26535745933739247,1883.01232450993
KEN,Kenya,1997,8.227,52761219815.0,28101762.0,32.391,0.293,0.156,1152.638,0.034,192.409,,,,,,,,,,,0.6139168145386822,0.2539903059491834,1877.5057526641924
KEN,Kenya,1998,9.999,55518263811.0,28888063.0,36.286,0.346,0.18,1256.086,0.041,202.407,,,,,,,,,,,0.6535867210028017,0.2755608223557295,1921.8409974735932
KEN,Kenya,1999,10.021,57993148114.0,29733413.0,35.716,0.337,0.173,1201.212,0.04,212.428,,,,,,,,,,,0.6158658593562,0.28057453242244373,1950.4369751968939
KEN,Kenya,2000,10.385,59408907766.0,30642893.0,41.393,0.339,0.175,1350.817,0.041,222.813,,,,,,,,,1.74,4.31,0.6967473659512288,0.2508878312758196,1938.7499661340723
KEN,Kenya,2001,9.224,62956470966.0,31619170.0,39.857,0.292,0.147,1260.534,0.036,232.036,,,,,,,,,2.86,4.81,0.6330882177548516,0.2314273527862107,1991.085501801597
KEN,Kenya,2002,7.819,64478127960.0,32629809.0,40.693,0.24,0.121,1247.103,0.03,239.855,,,,,,,,,3.95,5.15,0.6311132361852151,0.1921460693485366,1976.0498126115294
KEN,Kenya,2003,6.716,67617075406.0,33652233.0,37.414,0.2,0.099,1111.784,0.024,246.571,,,,,,,,,4.49,5.48,0.5533217722794332,0.1795049981290426,2009.2894104828051
KEN,Kenya,2004,7.621,72070033430.0,34713453.0,41.256,0.22,0.106,1188.479,0.027,254.193,,,,,,,,,4.34,6.16,0.5724431922190104,0.18472464611208067,2076.141299743359
KEN,Kenya,2005,8.454,77598831261.0,35796485.0,45.088,0.236,0.109,1259.569,0.029,262.647,,,,,,,,,4.47,6.7,0.5810396789140888,0.1875,2167.7779609087315
KEN,Kenya,2006,9.567,83653248054.0,36904010.0,49.832,0.259,0.114,1350.319,0.031,272.214,,,,,,,,,4.72,7.51,0.5956971326185967,0.19198506983464442,2266.7793568774778
KEN,Kenya,2007,9.734,91060343688.0,38036354.0,49.79,0.256,0.107,1309.021,0.031,281.948,,,,,,,,,4.94,6.67,0.5467802775991648,0.19550110463948583,2394.0344988901934
KEN,Kenya,2008,10.099,92971180385.0,39206349.0,50.519,0.258,0.109,1288.544,0.032,292.046,,,,,,,,,4.47,6.15,0.5433834419526284,0.19990498624279973,2371.329714608213
KEN,Kenya,2009,12.185,97792492598.0,40408887.0,56.497,0.302,0.125,1398.126,0.039,304.231,,,,,,,,,3.97,6.55,0.5777232842631873,0.21567516859302263,2420.073896071426
KEN,Kenya,2010,11.857,108082167772.0,41598570.0,60.196,0.285,0.11,1447.064,0.036,316.088,,,,,,,,,5.33,7.16,0.5569466382926722,0.1969732208120141,2598.2183467364384
KEN,Kenya,2011,12.218,117152107312.0,42758467.0,62.647,0.286,0.104,1465.129,0.035,328.306,,,,,,,,,5.42,7.83,0.5347492370167806,0.1950292911073156,2739.8575190265824
KEN,Kenya,2012,11.246,122504792826.0,43888306.0,59.439,0.256,0.092,1354.332,0.032,339.552,,,,,,,,,6.33,8.17,0.48519734313109153,0.18920237554467606,2791.2855152349694
KEN,Kenya,2013,12.163,127157517259.0,44986794.0,64.054,0.27,0.096,1423.846,0.034,351.714,,,,,,,,,6.33,8.08,0.5037374225350123,0.18988665813220096,2826.5521045798464
KEN,Kenya,2014,13.214,133540839466.0,46051441.0,67.697,0.287,0.099,1470.02,0.037,364.929,,,,,,,,,7.03,9.2,0.5069385535593844,0.19519328773800906,2899.8189104657986
KEN,Kenya,2015,15.212,140175144054.0,47088528.0,78.724,0.323,0.109,1671.833,0.043,380.141,,,,,,,,,8.81,9.81,0.5616116932233932,0.1932320512169097,2976.8427684551957
KEN,Kenya,2016,16.289,146082118752.0,48139683.0,83.921,0.338,0.112,1743.277,0.046,396.43,,,,,,,,,8.64,9.68,0.5744782504316672,0.19409921235447625,3034.546753288758
KEN,Kenya,2017,16.181,151656608610.0,49197757.0,84.989,0.329,0.107,1727.493,0.045,412.611,,,,,,,,,8.76,10.83,0.5604041972121218,0.19038934450340633,3082.5919281238776
KEN,Kenya,2018,17.003,160257055688.0,50207109.0,82.575,0.339,0.106,1644.68,0.046,429.614,,,,,,,,,9.75,11.3,0.515265924770033,0.20590977898879806,3191.9196081973173
KEN,Kenya,2019,18.159,168452589868.0,51202829.0,85.95,0.355,0.108,1678.614,0.049,447.773,,,,,,,,,10.25,11.56,0.5102325827542972,0.2112739965095986,3289.907865598598
KEN,Kenya,2020,19.99,168031463891.0,52217327.0,81.733,0.383,0.119,1565.243,0.057,467.762,,,,,,,,,10.93,11.68,0.4864148541431456,0.24457685390234055,3217.925419487673
KEN,Kenya,2021,20.59,180662393951.0,53219167.0,87.007,0.387,0.114,1634.881,0.056,488.352,,,,,,,,,11.12,12.38,0.4815999505884905,0.23664762605307618,3394.6866164026956
KEN,Kenya,2022,20.544,190362153076.0,54252458.0,87.344,0.379,0.108,1609.946,0.055,508.896,,,,,,,,,11.38,12.96,0.458830700265976,0.23520791353727788,3508.8207998981356
KWT,Kuwait,1990,37.863,20899601193.0,1684833.0,91.493,22.473,1.812,54303.703,0.167,783.002,0.0,100.0,0.0,0.0,0.0,43.506,56.494,0.0,0.0,18.477,4.377739036984312,0.41383493819199285,12404.553562875371
KWT,Kuwait,1991,492.979,5968350535.0,1351403.0,46.121,364.791,82.599,34128.016,2.124,1275.981,0.0,100.0,0.0,0.0,0.0,10.299,89.701,0.0,0.0,10.78,7.7275957116684335,10.688818542529434,4416.4106006868415
KWT,Kuwait,1992,29.683,18278670155.0,1634968.0,81.675,18.155,1.624,49955.27,0.132,1305.665,0.0,100.0,0.0,0.0,0.0,30.474,69.526,0.0,0.0,16.885,4.468322876194491,0.3634282216100398,11179.83358389889
KWT,Kuwait,1993,49.163,29845167808.0,1672158.0,100.173,29.401,1.647,59906.363,0.216,1354.827,0.0,100.0,0.0,0.0,0.0,51.401,48.599,0.0,0.0,20.178,3.3564227430193445,0.49078094895830215,17848.294125315908
KWT,Kuwait,1994,57.265,38842906079.0,1664371.0,116.934,34.406,1.474,70257.469,0.249,1412.092,0.0,100.0,0.0,0.0,0.0,48.502,51.498,0.0,0.0,22.802,3.010433868212016,0.48972069714539823,23337.8892560613
KWT,Kuwait,1995,56.263,46090594401.0,1681518.0,150.55,33.46,1.221,89532.055,0.239,1468.355,0.0,100.0,0.0,0.0,0.0,58.546,41.454,0.0,0.0,23.724,3.266393110277042,0.3737163732979077,27410.110626826474
KWT,Kuwait,1996,51.768,51809716654.0,1730255.0,149.02,29.919,0.999,86126.094,0.214,1520.123,0.0,100.0,0.0,0.0,0.0,59.3,40.7,0.0,0.0,25.475,2.876294440967471,0.34738961213259967,29943.399472332112
KWT,Kuwait,1997,56.765,57062986447.0,1787692.0,155.051,31.753,0.995,86732.641,0.233,1576.888,0.0,100.0,0.0,0.0,0.0,56.797,43.203,0.0,0.0,26.724,2.717190418065677,0.36610534598293465,31919.920460012127
KWT,Kuwait,1998,52.91,62305861237.0,1844308.0,190.984,28.688,0.849,103553.047,0.218,1629.798,0.0,100.0,0.0,0.0,0.0,47.211,52.789,0.0,0.0,29.984,3.0652653892951114,0.27703891425459726,33782.78532490235
KWT,Kuwait,1999,55.085,64236405197.0,1900035.0,198.265,28.992,0.858,104348.141,0.222,1684.883,0.0,100.0,0.0,0.0,0.0,41.629,58.371,0.0,0.0,31.576,3.0864896532108475,0.2778352205381686,33808.01153505067
KWT,Kuwait,2000,54.98,71053965539.0,1954713.0,218.162,28.127,0.774,111608.148,0.216,1739.863,0.0,100.0,0.0,0.0,0.0,41.804,58.196,0.0,0.0,32.33,3.070370504236749,0.25201455798901734,36350.075708812496
KWT,Kuwait,2001,59.119,75867443155.0,2008127.0,219.821,29.44,0.779,109465.539,0.23,1798.983,0.0,100.0,0.0,0.0,0.0,41.056,58.943,0.0,0.0,34.3,2.897435195633225,0.26894154789578795,37780.20172777917
KWT,Kuwait,2002,60.114,83636154969.0,2059983.0,232.87,29.182,0.719,113044.562,0.229,1859.096,0.0,100.0,0.0,0.0,0.001,35.533,64.466,0.0,0.0,36.37,2.784322164096544,0.25814402885730237,40600.4102795994
KWT,Kuwait,2003,62.491,104974065782.0,2109886.0,278.113,29.618,0.595,131814.344,0.226,1921.587,0.0,100.0,0.0,0.0,0.0,34.159,65.841,0.0,0.0,39.8,2.6493496077169976,0.22469643634062414,49753.43017679628
KWT,Kuwait,2004,65.855,123477836787.0,2157329.0,309.895,30.526,0.533,143647.453,0.23,1987.442,0.0,100.0,0.0,0.0,0.0,33.415,66.585,0.0,0.0,41.26,2.5097216477364332,0.2125074622049404,57236.44227978208
KWT,Kuwait,2005,74.615,142799938874.0,2236797.0,341.361,33.358,0.523,152611.672,0.252,2062.057,0.0,100.0,0.0,0.0,0.0,34.231,65.769,0.0,0.0,43.73,2.3904842165317803,0.21858091580467598,63841.26001331368
KWT,Kuwait,2006,76.222,159619963672.0,2364741.0,328.633,32.233,0.478,138972.203,0.249,2138.279,0.0,100.0,0.0,0.0,0.008,35.874,64.117,0.0,0.0,47.6,2.058846477845977,0.23193653710978507,67499.97723725346
KWT,Kuwait,2007,77.295,174545824817.0,2507890.0,319.664,30.821,0.443,127463.469,0.245,2215.574,0.0,100.0,0.0,0.0,0.001,33.463,66.535,0.0,0.0,48.75,1.8314044482882763,0.2418007658040943,69598.67650375415
KWT,Kuwait,2008,84.442,183755530386.0,2651433.0,345.306,31.848,0.46,130233.758,0.263,2300.017,0.0,100.0,0.0,0.0,0.002,34.94,65.058,0.0,0.0,51.75,1.8791597688224366,0.24454252170538596,69304.23298872722
KWT,Kuwait,2009,88.832,175302339443.0,2795489.0,350.161,31.777,0.507,125259.391,0.282,2388.849,0.0,100.0,0.0,0.0,0.0,33.83,66.17,0.0,0.0,53.22,1.9974690646604618,0.2536890173377389,62709.00706209182
KWT,Kuwait,2010,89.721,176036955078.0,2943374.0,405.019,30.482,0.51,137603.578,0.269,2478.57,0.0,100.0,0.0,0.0,0.011,34.506,65.483,0.0,0.0,57.03,2.300761222667937,0.22152294089906893,59807.87867189151
KWT,Kuwait,2011,87.151,201228682118.0,3132815.0,409.911,27.819,0.433,130844.328,0.253,2565.72,0.0,100.0,0.0,0.0,0.038,38.686,61.275,0.0,0.0,57.46,2.0370406230640086,0.2126095664668672,64232.54552790382
KWT,Kuwait,2012,101.201,214560063974.0,3337025.0,422.8,30.327,0.472,126699.711,0.29,2666.921,0.0,100.0,0.0,0.0,0.179,41.466,58.355,0.0,0.0,61.12,1.9705437823286356,0.23935903500473038,64296.810474599384
KWT,Kuwait,2013,83.047,217029672079.0,3507755.0,448.585,23.675,0.383,127883.844,0.235,2749.968,0.0,100.0,0.0,0.0,0.71,39.614,59.675,0.0,0.01,60.99,2.066929354418932,0.18513102310598883,61871.38841766315
KWT,Kuwait,2014,74.994,218112639263.0,3665769.0,437.235,20.458,0.344,119275.031,0.211,2824.962,0.002,99.998,0.002,0.0,0.579,40.873,58.546,0.002,0.01,65.15,2.004629357919889,0.17151874849909088,59499.831894208284
KWT,Kuwait,2015,93.317,219406044434.0,3834465.0,468.668,24.337,0.425,122225.258,0.264,2918.279,0.003,99.997,0.003,0.0,0.448,43.363,56.187,0.003,0.01,68.3,2.136076064855091,0.19911109783471456,57219.46723571607
KWT,Kuwait,2016,104.019,225825859800.0,4003976.0,465.955,25.979,0.461,116373.016,0.294,3022.298,0.026,99.974,0.026,0.0,0.556,45.391,54.027,0.026,0.02,70.1,2.0633376550084543,0.22323829554356106,56400.402949468225
KWT,Kuwait,2017,100.01,215180426540.0,4154686.0,466.991,24.072,0.465,112401.039,0.278,3122.308,0.028,99.972,0.027,0.001,0.42,45.028,54.523,0.028,0.04,68.89,2.1702299205787234,0.21415830283667137,51792.22365781674
KWT,Kuwait,2018,102.453,220424403170.0,4323389.0,482.382,23.697,0.465,111575.0,0.279,3224.761,0.028,99.972,0.027,0.001,0.566,43.85,55.555,0.028,0.09,74.13,2.1884237546419394,0.2123897657872806,50984.17079055343
KWT,Kuwait,2019,104.654,219207651814.0,4442201.0,442.856,23.559,0.477,99692.883,0.282,3329.416,0.035,99.965,0.033,0.002,0.498,41.489,57.978,0.035,0.1,75.04,2.020257944169613,0.23631609371895154,49346.63060361294
KWT,Kuwait,2020,90.103,199796812404.0,4400146.0,419.679,20.477,0.451,95378.398,0.256,3419.518,0.037,99.963,0.035,0.003,0.132,42.685,57.145,0.037,0.09,74.64,2.100529007196503,0.214695040733513,45406.85977328934
KWT,Kuwait,2021,87.869,202410138854.0,4360748.0,469.135,20.15,0.434,107581.398,0.238,3507.387,0.111,99.889,0.093,0.018,0.229,42.12,57.54,0.111,0.21,80.8,2.3177445688053733,0.1873000309079476,46416.380596631585
KWT,Kuwait,2022,115.849,218961227193.0,4589514.0,468.641,25.242,0.529,102111.328,0.309,3623.236,0.093,99.907,0.074,0.018,0.126,46.222,53.56,0.093,1.9,85.29,2.1402921695671884,0.24720201604213032,47709.022609583495
KGZ,Kyrgyzstan,1990,19.204,25164233692.0,4459545.0,,4.306,0.763,,0.084,612.561,,,,,,,,,,,,,5642.780528506832
KGZ,Kyrgyzstan,1991,15.897,22948278940.0,4532124.0,,3.508,0.693,,0.069,628.458,,,,,,,,,,,,,5063.471109793112
KGZ,Kyrgyzstan,1992,11.042,19580870436.0,4600308.0,64.063,2.4,0.564,13925.849,0.049,639.5,,,,,,,,,,,3.271713594622347,0.17236158156814385,4256.42596886991
KGZ,Kyrgyzstan,1993,8.468,16865848800.0,4626809.0,54.288,1.83,0.502,11733.349,0.037,647.968,,,,,,,,,,,3.2188122070678116,0.15598290598290598,3645.244227717202
KGZ,Kyrgyzstan,1994,6.144,13389775327.0,4649190.0,40.625,1.322,0.459,8738.146,0.027,654.112,,,,,,,,,,,3.0340314910348907,0.15123692307692307,2880.0232571695283
KGZ,Kyrgyzstan,1995,4.507,12537052888.0,4713641.0,32.35,0.956,0.359,6863.011,0.019,658.619,,,,,,,,,,,2.5803512427521316,0.13931993817619784,2659.7385944326265
KGZ,Kyrgyzstan,1996,5.652,13289582934.0,4782885.0,43.363,1.182,0.425,9066.211,0.023,664.271,,,,,,,,,,,3.2629315920110877,0.1303415354103729,2778.5704515161874
KGZ,Kyrgyzstan,1997,5.561,14463585194.0,4847998.0,42.545,1.147,0.384,8775.691,0.023,669.832,,,,,,,,,,,2.9415251771496567,0.13070866141732285,2983.414018322615
KGZ,Kyrgyzstan,1998,5.901,14624138023.0,4907792.0,44.776,1.202,0.404,9123.519,0.024,675.733,,,,,,,,,,,3.0617872950582723,0.1317893514382705,2979.779506344197
KGZ,Kyrgyzstan,1999,4.642,15009644796.0,4968593.0,45.221,0.934,0.309,9101.356,0.019,680.375,,,,,,,,,,,3.0127961463852353,0.10265142301143274,3020.904468528616
KGZ,Kyrgyzstan,2000,4.575,15667564559.0,5025150.0,42.986,0.91,0.292,8554.152,0.018,684.951,,,,,,,,,13.55,15.85,2.743629990361669,0.10643000046526777,3117.830225764405
KGZ,Kyrgyzstan,2001,3.857,16336535537.0,5071960.0,41.428,0.76,0.236,8168.012,0.015,688.807,,,,,,,,,12.31,14.81,2.5359109895835195,0.09310128415564353,3220.951178045568
KGZ,Kyrgyzstan,2002,4.917,16170495966.0,5116252.0,35.528,0.961,0.304,6944.132,0.019,693.725,,,,,,,,,10.68,12.98,2.1970878366811375,0.13839788335960368,3160.6136613286444
KGZ,Kyrgyzstan,2003,5.376,17135753196.0,5159422.0,33.581,1.042,0.314,6508.634,0.019,699.1,,,,,,,,,13.38,15.44,1.9597037618304878,0.16009052738155505,3321.2544343145414
KGZ,Kyrgyzstan,2004,5.808,18155686902.0,5203048.0,34.139,1.116,0.32,6561.337,0.02,704.908,,,,,,,,,13.95,16.16,1.8803474737295294,0.1701280060927385,3489.4329058659464
KGZ,Kyrgyzstan,2005,5.519,17942169018.0,5246337.0,33.131,1.052,0.308,6315.117,0.019,710.427,,,,,,,,,12.66,14.81,1.8465437465649897,0.16658114756572395,3419.942145920096
KGZ,Kyrgyzstan,2006,5.457,18316466710.0,5282451.0,35.123,1.033,0.298,6649.086,0.018,715.885,,,,,,,,,12.35,14.55,1.9175641544897062,0.15536827719727814,3467.418194697878
KGZ,Kyrgyzstan,2007,6.522,19684074796.0,5313376.0,40.47,1.228,0.331,7616.677,0.021,722.407,,,,,,,,,12.61,14.7,2.0559767436071676,0.16115641215715346,3704.6267375017314
KGZ,Kyrgyzstan,2008,7.481,20960394949.0,5342530.0,42.551,1.4,0.357,7964.552,0.023,729.888,,,,,,,,,10.02,11.69,2.0300667093121767,0.17581255434654885,3923.308797330104
KGZ,Kyrgyzstan,2009,6.709,21348199451.0,5398013.0,43.249,1.243,0.314,8012.048,0.021,736.597,,,,,,,,,10.11,10.98,2.0258851384290453,0.15512497398783787,3954.8254980119536
KGZ,Kyrgyzstan,2010,6.356,21037148123.0,5491763.0,38.978,1.157,0.302,7097.546,0.019,742.953,,,,,,,,,11.0,11.99,1.8528176809947539,0.16306634511775875,3830.6729775119575
KGZ,Kyrgyzstan,2011,7.62,22069322288.0,5594537.0,41.787,1.362,0.345,7469.331,0.022,750.573,,,,,,,,,14.0,15.01,1.8934428277718938,0.1823533634862517,3944.7987005895216
KGZ,Kyrgyzstan,2012,10.087,22049906072.0,5696521.0,51.419,1.771,0.457,9026.362,0.029,760.66,,,,,,,,,14.04,15.03,2.3319373711661404,0.1961726210155779,3870.767100130062
KGZ,Kyrgyzstan,2013,9.734,24456653043.0,5797294.0,48.523,1.679,0.398,8369.903,0.028,770.393,,,,,,,,,13.0,13.92,1.9840409034991926,0.20060589823382727,4218.632528038082
KGZ,Kyrgyzstan,2014,10.236,25440781974.0,5898322.0,49.601,1.735,0.402,8409.271,0.029,780.63,,,,,,,,,13.16,14.43,1.9496649140223477,0.20636680712082417,4313.223654795381
KGZ,Kyrgyzstan,2015,10.265,26426866370.0,6001876.0,46.616,1.71,0.388,7766.934,0.029,790.895,,,,,,,,,10.99,12.92,1.7639624519734536,0.220203363651965,4403.101025412721
KGZ,Kyrgyzstan,2016,9.622,27572739134.0,6108460.0,47.585,1.575,0.349,7790.065,0.027,800.516,,,,,,,,,11.38,13.15,1.7257987960043781,0.2022065777030577,4513.86096233748
KGZ,Kyrgyzstan,2017,9.364,28879683468.0,6220148.0,46.675,1.505,0.324,7503.813,0.026,809.88,,,,,,,,,14.06,15.37,1.6161880739350214,0.20062131762185323,4642.925452577656
KGZ,Kyrgyzstan,2018,11.175,29878637891.0,6341733.0,51.91,1.762,0.374,8185.475,0.03,821.055,,,,,,,,,14.17,15.43,1.7373616625152868,0.21527643999229434,4711.431069551493
KGZ,Kyrgyzstan,2019,9.047,31253353975.0,6494036.0,46.0,1.393,0.289,7083.414,0.024,830.102,,,,,,,,,13.71,14.97,1.4718420313159366,0.19667391304347825,4812.624071532711
KGZ,Kyrgyzstan,2020,8.348,28560253227.0,6664143.0,42.024,1.253,0.292,6305.917,0.024,838.45,,,,,,,,,13.98,15.4,1.4714155251351826,0.19864839139539314,4285.660320764426
KGZ,Kyrgyzstan,2021,10.338,29628978769.0,6820483.0,43.49,1.516,0.349,6376.375,0.028,848.789,,,,,,,,,12.96,15.14,1.4678197429302697,0.23770981834904575,4344.117384208714
KGZ,Kyrgyzstan,2022,11.513,31703003147.0,6955792.0,52.798,1.655,0.363,7590.504,0.031,860.302,,,,,,,,,11.9,13.82,1.665394276850904,0.21805750217811282,4557.78481400824
LAO,Laos,1990,0.513,6235010000.0,4311960.0,1.309,0.119,0.082,303.673,0.002,8.05,,,,,,,,,,,0.20994352855889564,0.3919022154316272,1445.9804821937123
LAO,Laos,1991,0.546,6550550266.0,4435121.0,1.444,0.123,0.083,325.536,0.002,8.596,,,,,,,,,,,0.2204394961282784,0.3781163434903047,1476.9721651337134
LAO,Laos,1992,0.593,6965636262.0,4559650.0,1.496,0.13,0.085,328.157,0.003,9.188,,,,,,,,,,,0.2147686074510102,0.3963903743315508,1527.6690671433114
LAO,Laos,1993,0.607,7432922464.0,4685064.0,1.579,0.13,0.082,337.123,0.003,9.796,,,,,,,,,,,0.212433266679102,0.3844205193160228,1586.5146055635525
LAO,Laos,1994,0.631,8095761860.0,4809223.0,1.588,0.131,0.078,330.196,0.003,10.427,,,,,,,,,,,0.1961520147777667,0.3973551637279597,1683.382504824584
LAO,Laos,1995,0.671,8730282550.0,4929410.0,1.816,0.136,0.077,368.387,0.003,11.097,,,,,,,,,,,0.20801159522609036,0.3694933920704846,1771.0603398784033
LAO,Laos,1996,0.753,9400684784.0,5045686.0,2.049,0.149,0.08,406.155,0.003,11.851,,,,,,,,,,,0.2179628449501259,0.36749633967789164,1863.113317792665
LAO,Laos,1997,0.792,10121302787.0,5152015.0,2.213,0.154,0.078,429.554,0.003,12.643,,,,,,,,,,,0.21864774195298461,0.3578852236782648,1964.5328647140973
LAO,Laos,1998,0.82,10598967421.0,5248273.0,2.188,0.156,0.077,416.906,0.003,13.463,,,,,,,,,,,0.2064352038355039,0.37477148080438755,2019.515261687035
LAO,Laos,1999,0.846,11458882653.0,5340784.0,2.182,0.158,0.074,408.503,0.003,14.309,,,,,,,,,,,0.19041996205701087,0.387717690192484,2145.5431736239475
LAO,Laos,2000,0.96,12209285510.0,5431213.0,5.037,0.177,0.079,927.386,0.004,15.269,,,,,,,,,3.28,3.65,0.4125548539162633,0.19058963668850507,2247.985028390527
LAO,Laos,2001,1.059,13005702889.0,5521481.0,5.372,0.192,0.081,972.886,0.004,16.329,,,,,,,,,3.3,3.67,0.4130495710880452,0.19713328369322414,2355.473629086109
LAO,Laos,2002,1.166,13872426080.0,5610888.0,5.631,0.208,0.084,1003.498,0.004,17.494,,,,,,,,,3.21,3.57,0.4059131378698253,0.2070680163381282,2472.4118677827823
LAO,Laos,2003,1.221,14843718409.0,5697944.0,6.129,0.214,0.082,1075.667,0.004,18.715,,,,,,,,,2.83,3.15,0.41290193138424686,0.19921683798335782,2605.100788810841
LAO,Laos,2004,1.282,16000772290.0,5781627.0,6.338,0.222,0.08,1096.164,0.004,19.998,,,,,,,,,3.0,3.0,0.39610588071183656,0.20227201009782267,2767.5206805973476
LAO,Laos,2005,1.337,17208611490.0,5869531.0,7.298,0.228,0.078,1243.305,0.005,21.335,,,,,,,,,3.51,3.51,0.42408999728077423,0.18320087695258974,2931.854604737585
LAO,Laos,2006,1.757,17176979638.0,5963199.0,9.039,0.295,0.102,1515.797,0.006,23.092,,,,,,,,,3.6,3.6,0.5262275551636187,0.19437990928200022,2880.497470904459
LAO,Laos,2007,1.836,20454811822.0,6056237.0,9.566,0.303,0.09,1579.572,0.006,24.928,,,,,,,,,3.37,3.37,0.4676650209859848,0.19192975120217437,3377.4787581793776
LAO,Laos,2008,2.131,22210959976.0,6148974.0,10.631,0.347,0.096,1728.93,0.007,27.059,,,,,,,,,3.72,3.72,0.4786375740394518,0.20045150973567868,3612.14081828936
LAO,Laos,2009,2.667,24050843271.0,6241649.0,12.19,0.427,0.111,1952.968,0.008,29.727,,,,,,,,,3.37,3.37,0.5068429353035802,0.218785890073831,3853.283526677005
LAO,Laos,2010,3.001,26198017296.0,6334198.0,13.686,0.474,0.115,2160.704,0.009,32.727,,,,,,,,,8.36,8.36,0.5224059456625225,0.21927517170831506,4135.9643787579735
LAO,Laos,2011,3.097,28505277000.0,6426592.0,14.544,0.482,0.109,2263.163,0.009,35.824,,,,,,,,,12.84,12.84,0.5102213179685993,0.21294004400440045,4435.51994587489
LAO,Laos,2012,3.328,30756620000.0,6518981.0,16.612,0.511,0.108,2548.289,0.01,39.153,,,,,,,,,12.93,12.93,0.5401113646427987,0.20033710570671806,4718.01037616155
LAO,Laos,2013,4.198,33213895000.0,6611385.0,18.616,0.635,0.126,2815.821,0.012,43.351,,,,,,,,,15.36,15.36,0.5604883137012386,0.22550494198538892,5023.742377731746
LAO,Laos,2014,4.383,35727804000.0,6703170.0,19.834,0.654,0.123,2958.908,0.012,47.734,,,,,,,,,15.12,15.12,0.5551418721396927,0.2209841685993748,5329.986260232099
LAO,Laos,2015,9.185,38423808000.0,6801647.0,37.288,1.35,0.239,5482.171,0.026,56.919,,,,,,,,,13.9,16.16,0.970439993870467,0.24632589573052993,5649.191732531841
LAO,Laos,2016,16.407,41128975200.0,6908800.0,58.773,2.375,0.399,8507.049,0.046,73.325,,,,,,,,,17.53,25.49,1.4289925706682816,0.2791587974069726,5953.128647522001
LAO,Laos,2017,19.625,43958737408.0,7018150.0,69.279,2.796,0.446,9871.347,0.055,92.95,,,,,,,,,20.14,31.07,1.5760006789319658,0.28327487405996044,6263.579063998347
LAO,Laos,2018,20.481,46694965948.0,7128043.0,71.489,2.873,0.439,10029.2,0.056,113.432,,,,,,,,,22.4,34.42,1.5309787371857364,0.28649162808264206,6550.881630203409
LAO,Laos,2019,18.34,49243304815.0,7237635.0,73.07,2.534,0.372,10095.788,0.049,131.772,,,,,,,,,19.83,31.24,1.4838565420114158,0.2509921992609826,6803.7839453081015
LAO,Laos,2020,18.294,50856670244.0,7346534.0,66.796,2.49,0.36,9092.153,0.052,150.065,,,,,,,,,28.61,39.96,1.3134166999043848,0.2738786753697826,6922.539287778427
LAO,Laos,2021,21.837,52626361275.0,7453192.0,69.892,2.93,0.415,9377.449,0.059,171.902,,,,,,,,,33.02,44.9,1.3280796602063762,0.3124391918960682,7060.915816337483
LAO,Laos,2022,22.549,54953902901.0,7559008.0,64.628,2.983,0.41,8549.83,0.06,194.451,,,,,,,,,38.86,51.04,1.1760402189527464,0.3489044995976976,7269.988720874485
LVA,Latvia,1990,19.662,42100704929.0,2660131.0,86.61,7.391,0.467,32558.719,0.086,695.862,14.555,85.445,0.0,0.0,9.603,29.935,45.907,14.555,4.5,6.65,2.0572102093316946,0.22701766539660548,15826.553252076683
LVA,Latvia,1991,17.92,36517762608.0,2648933.0,79.678,6.765,0.491,30079.197,0.077,713.782,11.502,88.498,0.0,0.0,9.132,31.256,48.111,11.502,3.28,5.65,2.1818970908843363,0.22490524360551217,13785.838527437274
LVA,Latvia,1992,14.194,24594371373.0,2614833.0,57.303,5.428,0.577,21914.455,0.063,727.975,12.318,87.682,0.0,0.0,11.176,24.838,51.669,12.318,2.52,3.84,2.3299233442863243,0.24770081845627628,9405.71400659239
LVA,Latvia,1993,11.922,21610169740.0,2563820.0,49.468,4.65,0.552,19294.713,0.052,739.897,16.32,83.68,0.0,0.0,11.862,18.038,53.78,16.32,2.88,3.93,2.2891074246601453,0.24100428559877093,8428.895062835925
LVA,Latvia,1994,10.37,21908377653.0,2521238.0,47.913,4.113,0.473,19003.898,0.045,750.267,19.401,80.599,0.0,0.0,9.231,18.66,52.709,19.401,3.31,4.44,2.1869716123612233,0.2164339532068541,8689.531751068324
LVA,Latvia,1995,9.134,21602325855.0,2485948.0,44.847,3.674,0.423,18040.334,0.039,759.401,18.407,81.593,0.0,0.0,7.011,23.895,50.687,18.407,2.94,3.99,2.0760264566428557,0.2036702566503891,8689.773822702648
LVA,Latvia,1996,9.212,21944517346.0,2457907.0,41.744,3.748,0.42,16983.689,0.038,768.613,12.483,87.517,0.0,0.007,7.035,23.437,57.045,12.483,1.86,3.12,1.9022519083842602,0.22067842085090073,8928.131677073217
LVA,Latvia,1997,8.68,23733281647.0,2433229.0,42.029,3.567,0.366,17272.965,0.036,777.292,19.779,80.221,0.0,0.013,6.272,23.387,50.562,19.779,2.95,4.51,1.7708886880931052,0.20652406671583906,9753.821628379408
LVA,Latvia,1998,8.306,25089221158.0,2410217.0,45.763,3.446,0.331,18987.279,0.034,785.598,26.66,73.34,0.0,0.012,4.268,24.402,44.67,26.66,4.32,5.8,1.82401038724185,0.18150033870157112,10409.527921344841
LVA,Latvia,1999,7.718,25549229736.0,2390822.0,38.885,3.228,0.302,16264.097,0.031,793.316,19.963,80.037,0.0,0.014,3.866,27.389,48.782,19.963,2.76,4.11,1.5219636913440606,0.1984827054133985,10686.378883915238
LVA,Latvia,2000,7.082,26727290777.0,2368320.0,38.056,2.99,0.265,16068.618,0.028,800.398,20.891,79.109,0.0,0.037,4.076,33.912,41.121,20.891,2.82,4.14,1.4238629840009391,0.18609417700231237,11285.337613582624
LVA,Latvia,2001,7.497,28242589693.0,2338299.0,40.966,3.206,0.265,17519.527,0.029,807.894,19.382,80.618,0.0,0.02,3.529,32.718,44.371,19.382,2.83,4.27,1.4505043781503342,0.1830054191280574,12078.262742703137
LVA,Latvia,2002,7.52,30014856985.0,2311358.0,41.313,3.254,0.251,17873.787,0.029,815.415,16.668,83.332,0.0,0.074,2.817,36.913,43.602,16.668,2.48,3.97,1.3764183524394693,0.1820250284414107,12985.810499714886
LVA,Latvia,2003,7.726,32298352002.0,2288983.0,40.831,3.375,0.239,17838.24,0.028,823.141,15.783,84.217,0.0,0.324,2.555,37.12,44.542,15.783,2.34,3.97,1.2641821476672133,0.18921897577820773,14110.350318023331
LVA,Latvia,2004,7.731,34720425840.0,2264179.0,45.924,3.415,0.223,20282.883,0.027,830.872,19.121,80.879,0.0,0.293,1.722,36.497,42.66,19.121,3.2,4.69,1.322679629899378,0.16834334988241442,15334.664723946296
LVA,Latvia,2005,7.811,38143684659.0,2239787.0,47.371,3.487,0.205,21149.693,0.026,838.683,19.73,80.27,0.0,0.27,2.011,34.395,43.863,19.73,3.42,4.92,1.241909386140618,0.16488991154926008,17030.050026631998
LVA,Latvia,2006,8.31,42361248688.0,2219039.0,44.934,3.745,0.196,20249.385,0.027,846.993,16.884,83.116,0.0,0.277,2.268,37.401,43.447,16.884,2.79,4.89,1.0607336042180646,0.1849379089331019,19089.907247236304
LVA,Latvia,2007,8.637,46228816935.0,2200774.0,46.306,3.925,0.187,21040.67,0.027,855.63,16.497,83.503,0.0,0.308,2.72,35.102,45.681,16.497,2.82,4.76,1.0016695877185982,0.1865201053859111,21005.708416675225
LVA,Latvia,2008,8.198,44217430207.0,2177710.0,46.6,3.765,0.185,21398.684,0.026,863.828,18.494,81.506,0.0,0.332,2.698,34.216,44.592,18.494,3.21,5.27,1.0538830452571806,0.17592274678111589,20304.553961271242
LVA,Latvia,2009,7.456,37590730012.0,2142044.0,44.078,3.481,0.198,20577.336,0.024,871.284,21.616,78.384,0.0,0.29,2.286,33.233,42.864,21.616,3.56,5.57,1.1725763236289661,0.16915468033939834,17548.99993277449
LVA,Latvia,2010,8.555,35881177042.0,2097834.0,49.96,4.078,0.238,23815.148,0.026,879.839,19.887,80.113,0.0,0.259,2.569,34.927,42.617,19.887,3.64,6.63,1.392373498269589,0.17123698959167333,17103.916249808135
LVA,Latvia,2011,7.808,37869724459.0,2059940.0,44.637,3.791,0.206,21669.318,0.023,887.647,18.86,81.14,0.001,0.417,2.915,34.397,43.827,18.86,3.08,6.09,1.1786988323172685,0.17492214978605192,18383.89684117013
LVA,Latvia,2012,7.52,40536567235.0,2034639.0,46.287,3.696,0.186,22749.254,0.022,895.167,24.023,75.977,0.001,0.61,2.337,31.27,42.37,24.023,4.11,6.17,1.1418579114423624,0.16246462289627758,19923.223350677934
LVA,Latvia,2013,7.369,41350512828.0,2013004.0,44.583,3.661,0.178,22147.385,0.021,902.536,21.731,78.269,0.001,0.691,1.919,31.93,44.42,21.731,3.53,6.2,1.0781728435979918,0.1652872171006886,20541.694317547306
LVA,Latvia,2014,7.172,42137028688.0,1994153.0,41.015,3.597,0.17,20567.852,0.02,909.708,18.958,81.042,0.001,0.633,1.715,31.107,48.219,18.958,2.8,5.14,0.973371907727335,0.17486285505302937,21130.288743140572
LVA,Latvia,2015,7.262,43774190659.0,1977874.0,42.114,3.672,0.166,21292.598,0.021,916.971,18.663,81.337,0.001,0.892,1.305,30.533,49.499,18.663,2.78,5.54,0.9620737554708242,0.1724367193807285,22131.940992702264
LVA,Latvia,2016,7.211,44810998817.0,1959863.0,44.979,3.679,0.161,22950.191,0.02,924.181,21.134,78.866,0.002,0.734,1.07,29.663,48.133,21.134,3.48,6.42,1.0037491059658386,0.1603192600991574,22864.35267005908
LVA,Latvia,2017,7.215,46295495418.0,1942599.0,49.301,3.714,0.156,25378.883,0.02,931.397,29.607,70.393,0.002,0.773,0.99,24.664,44.739,29.607,5.46,7.53,1.0649200220207913,0.1463459159043427,23831.730284016412
LVA,Latvia,2018,7.843,48143398790.0,1927586.0,43.999,4.069,0.163,22825.789,0.021,939.24,22.387,77.613,0.007,0.697,1.295,31.508,44.811,22.387,3.49,6.72,0.9139155337146483,0.17825405122843702,24976.00563087717
LVA,Latvia,2019,7.633,49380620266.0,1914267.0,45.263,3.988,0.155,23645.102,0.021,946.873,19.894,80.106,0.017,0.85,1.063,29.259,49.784,19.894,3.19,6.44,0.9166146507715072,0.16863663477895854,25796.09859335192
LVA,Latvia,2020,6.999,48292861660.0,1901119.0,41.221,3.682,0.145,21682.367,0.02,953.872,24.894,75.106,0.029,1.072,0.703,26.352,48.052,24.894,3.64,5.72,0.8535630025450018,0.16979209626161423,25402.334972192693
LVA,Latvia,2021,7.218,50255494980.0,1885593.0,43.077,3.828,0.144,22845.332,0.02,961.091,24.165,75.835,0.039,0.818,0.526,27.216,48.094,24.165,3.72,5.85,0.857159998466699,0.16756041507068736,26652.355508320194
LVA,Latvia,2022,6.608,51248480035.0,1881059.0,38.513,3.513,0.129,20474.271,0.018,967.699,26.646,73.354,0.486,1.229,0.433,21.323,51.598,26.646,3.82,5.03,0.7514954584740398,0.17157842806325138,27244.483046517944
LBN,Lebanon,1990,7.868,9719894187.0,3595175.0,20.273,2.189,0.809,5638.822,0.035,185.748,,,,,,,,,,,2.0857222938820046,0.3881024022098357,2703.5941746924696
LBN,Lebanon,1991,8.115,13892223462.0,3668916.0,33.365,2.212,0.584,9094.085,0.035,193.863,,,,,,,,,,,2.4017033768039173,0.24321894200509514,3786.465392502854
LBN,Lebanon,1992,9.727,15011934734.0,3747375.0,34.078,2.596,0.648,9093.898,0.043,203.59,,,,,,,,,,,2.270060495454856,0.28543341745407597,4005.986786483872
LBN,Lebanon,1993,10.355,16606038805.0,3820652.0,42.702,2.71,0.624,11176.632,0.046,213.944,,,,,,,,,,,2.5714741788476747,0.24249449674488313,4346.38873286549
LBN,Lebanon,1994,11.111,18542962086.0,3889802.0,48.072,2.856,0.599,12358.376,0.048,225.055,,,,,,,,,,,2.5924660675596445,0.2311324679647196,4767.070942428432
LBN,Lebanon,1995,12.255,20427565185.0,3960741.0,51.939,3.094,0.6,13113.397,0.052,237.31,,,,,,,,,,,2.542593771192022,0.23594986426384798,5157.510977112616
LBN,Lebanon,1996,12.753,22204446458.0,4034782.0,55.0,3.161,0.574,13631.499,0.053,250.063,,,,,,,,,,,2.4769813606492384,0.23187272727272729,5503.258034263065
LBN,Lebanon,1997,15.099,22434678686.0,4108409.0,63.034,3.675,0.673,15342.784,0.062,265.162,,,,,,,,,,,2.809668053741075,0.23953739251832346,5460.673142815139
LBN,Lebanon,1998,16.286,24027795385.0,4181287.0,63.856,3.895,0.678,15271.765,0.067,281.448,,,,,,,,,,,2.6575888040008793,0.2550425958406415,5746.507088606929
LBN,Lebanon,1999,16.43,24731825289.0,4255278.0,66.383,3.861,0.664,15600.096,0.066,297.878,,,,,,,,,,,2.684112443149323,0.24750312580028022,5812.035145294855
LBN,Lebanon,2000,15.466,25915975238.0,4329345.0,59.718,3.572,0.597,13793.698,0.061,313.344,,,,,,,,,0.44,9.95,2.304292987301395,0.2589838909541512,5986.1192023273725
LBN,Lebanon,2001,16.407,27854825604.0,4401923.0,63.987,3.727,0.589,14536.152,0.064,329.751,,,,,,,,,0.33,9.95,2.2971603164807233,0.25641145857752357,6327.87661301663
LBN,Lebanon,2002,16.244,29771684188.0,4463505.0,63.303,3.639,0.546,14182.44,0.062,345.994,,,,,,,,,0.67,11.55,2.1262821276841093,0.25660711182724355,6670.02371185873
LBN,Lebanon,2003,18.529,31778515559.0,4525513.0,62.58,4.094,0.583,13828.311,0.067,364.523,,,,,,,,,1.35,12.93,1.969254979321295,0.2960850111856823,7022.080272225491
LBN,Lebanon,2004,17.208,35314011356.0,4599285.0,63.305,3.742,0.487,13763.996,0.06,381.732,,,,,,,,,1.11,11.44,1.792631240949188,0.2718268699154885,7678.152442390502
LBN,Lebanon,2005,16.65,37512383718.0,4671105.0,60.575,3.565,0.444,12968.104,0.056,398.382,,,,,,,,,1.04,11.73,1.614800073900225,0.27486586875773833,8030.730141583202
LBN,Lebanon,2006,14.792,39442140692.0,4751146.0,56.696,3.113,0.375,11933.208,0.048,413.174,,,,,,,,,0.69,11.33,1.4374473343811072,0.260900239875829,8301.605695131238
LBN,Lebanon,2007,13.746,44589675655.0,4844119.0,50.245,2.838,0.308,10372.43,0.044,426.92,,,,,,,,,0.58,10.57,1.1268303539311761,0.27357946064285005,9204.909221883277
LBN,Lebanon,2008,17.418,50361558474.0,4925359.0,65.59,3.536,0.346,13316.851,0.054,444.338,,,,,,,,,0.37,12.45,1.3023822531993712,0.26555877420338464,10224.9518205678
LBN,Lebanon,2009,20.958,57304677732.0,4992295.0,80.826,4.198,0.366,16190.095,0.067,465.296,,,,,,,,,0.62,12.98,1.4104607721206197,0.259297750723777,11478.624106147574
LBN,Lebanon,2010,19.997,64006241939.0,5041290.0,77.646,3.967,0.312,15401.946,0.06,485.292,,,,,,,,,0.83,15.71,1.2131004359543422,0.2575406331298457,12696.401504178493
LBN,Lebanon,2011,20.264,66782067583.0,5096018.0,78.504,3.976,0.303,15405.057,0.059,505.556,,,,,,,,,0.8,16.3,1.175525149808089,0.25812697442168553,13104.755042662722
LBN,Lebanon,2012,22.332,68494363923.0,5235742.0,87.726,4.265,0.326,16755.264,0.064,527.888,,,,,,,,,1.0,16.46,1.2807769132452975,0.2545653512071678,13082.07393011344
LBN,Lebanon,2013,22.164,71116324024.0,5743441.0,86.977,3.859,0.312,15143.684,0.063,550.052,,,,,,,,,1.26,18.8,1.2230244067543117,0.25482598847971305,12382.180651633751
LBN,Lebanon,2014,23.992,72883563855.0,6346993.0,91.607,3.78,0.329,14433.08,0.068,574.044,,,,,,,,,0.21,17.97,1.2568951784828992,0.2619013830820789,11483.164366968736
LBN,Lebanon,2015,25.731,73219558993.0,6472470.0,100.63,3.975,0.351,15547.409,0.073,599.776,,,,,,,,,0.5,18.64,1.3743595479675113,0.2556990956971082,11312.460157096131
LBN,Lebanon,2016,26.438,74358860056.0,6323061.0,103.679,4.181,0.356,16396.982,0.075,626.213,,,,,,,,,0.43,19.41,1.3943059363997627,0.2549986014525603,11759.946654950822
LBN,Lebanon,2017,27.821,75030320802.0,6160129.0,110.646,4.516,0.371,17961.676,0.077,654.034,,,,,,,,,0.48,21.25,1.4746838187189335,0.2514415342624225,12179.991815431138
LBN,Lebanon,2018,25.812,73615988520.0,5984120.0,104.145,4.313,0.351,17403.566,0.07,679.846,,,,,,,,,0.47,21.28,1.4147062627802094,0.24784675212444188,12301.890423320388
LBN,Lebanon,2019,25.141,68525451094.0,5794601.0,105.071,4.339,0.367,18132.562,0.068,704.987,,,,,,,,,1.12,21.59,1.5333135108569884,0.23927629888361204,11825.741081051137
LBN,Lebanon,2020,23.694,50772560784.0,5702400.0,99.606,4.155,0.467,17467.385,0.067,728.681,,,,,,,,,1.23,18.25,1.961807686316049,0.2378772363110656,8903.71787037037
LBN,Lebanon,2021,19.474,50772615264.0,5718129.0,82.701,3.406,0.384,14462.999,0.053,748.156,,,,,,,,,0.96,10.34,1.628850504745195,0.23547478265075392,8879.235719236134
LBN,Lebanon,2022,15.361,48741710654.0,5744492.0,66.41,2.674,0.315,11560.575,0.041,763.516,,,,,,,,,1.99,4.37,1.3624880848237124,0.23130552627616321,8484.94708566049
LSO,Lesotho,1990,1.473,3205046000.0,1809698.0,0.88,0.814,0.46,486.257,0.006,1.473,,,,,,,,,,,0.27456704209549565,1.6738636363636363,1771.0391457580215
LSO,Lesotho,1991,1.528,3210336421.0,1842383.0,0.894,0.829,0.476,485.229,0.007,3.001,,,,,,,,,,,0.2784754875383199,1.70917225950783,1742.4913392058004
LSO,Lesotho,1992,1.587,3373567099.0,1873281.0,0.931,0.847,0.47,496.879,0.007,4.587,,,,,,,,,,,0.27596901815765545,1.7046186895810955,1800.8868391875005
LSO,Lesotho,1993,1.63,3409484198.0,1901799.0,0.962,0.857,0.478,505.717,0.007,6.218,,,,,,,,,,,0.28215411602855006,1.6943866943866943,1792.7678992364597
LSO,Lesotho,1994,1.674,3499928085.0,1927708.0,1.069,0.869,0.478,554.633,0.007,7.892,,,,,,,,,,,0.30543484724201125,1.5659494855004676,1815.5903720895487
LSO,Lesotho,1995,1.707,3490315705.0,1951441.0,1.083,0.875,0.489,555.062,0.007,9.6,,,,,,,,,,,0.31028711770931333,1.5761772853185596,1788.5837721970586
LSO,Lesotho,1996,1.737,3610273972.0,1972424.0,1.096,0.881,0.481,555.788,0.007,11.336,,,,,,,,,,,0.303578068728353,1.5848540145985401,1830.3741852664539
LSO,Lesotho,1997,1.77,3655545070.0,1988140.0,1.077,0.89,0.484,541.798,0.007,13.106,,,,,,,,,,,0.29462090587765616,1.6434540389972145,1838.6758829861076
LSO,Lesotho,1998,1.803,3647322672.0,1998048.0,0.937,0.902,0.494,469.034,0.007,14.909,,,,,,,,,,,0.25690076921168,1.9242262540021344,1825.442968337097
LSO,Lesotho,1999,1.825,3670807302.0,2003238.0,0.978,0.911,0.497,488.289,0.007,16.733,,,,,,,,,,,0.26642640692883746,1.8660531697341514,1832.4369356012617
LSO,Lesotho,2000,1.85,3769602063.0,2003919.0,1.896,0.923,0.491,946.312,0.007,18.584,,,,,,,,,0.29,0.29,0.5029708622588899,0.9757383966244726,1881.1149866835935
LSO,Lesotho,2001,1.872,3838921434.0,2000859.0,1.924,0.936,0.488,961.376,0.007,20.456,,,,,,,,,0.28,0.28,0.5011824370667753,0.972972972972973,1918.6366625534333
LSO,Lesotho,2002,1.905,3773087839.0,1994686.0,1.949,0.955,0.505,977.28,0.007,22.361,,,,,,,,,0.31,0.31,0.5165530417432723,0.9774243201641868,1891.5698205131034
LSO,Lesotho,2003,1.931,3857951274.0,1985060.0,1.976,0.973,0.501,995.66,0.007,24.292,,,,,,,,,0.32,0.32,0.5121889468425671,0.9772267206477733,1943.4935336967144
LSO,Lesotho,2004,1.979,3857815847.0,1971130.0,2.051,1.004,0.513,1040.304,0.007,26.271,,,,,,,,,0.3,0.3,0.5316479794117037,0.9648951730862992,1957.159521188354
LSO,Lesotho,2005,2.012,3870538474.0,1953080.0,2.207,1.03,0.52,1129.982,0.007,28.282,,,,,,,,,0.46,0.46,0.570204899092291,0.9116447666515632,1981.7613584696992
LSO,Lesotho,2006,2.034,3946096482.0,1945066.0,2.286,1.045,0.515,1175.113,0.007,30.316,,,,,,,,,0.52,0.52,0.5793066668358262,0.8897637795275589,2028.7725362532685
LSO,Lesotho,2007,2.074,4038812448.0,1953273.0,2.921,1.062,0.513,1495.337,0.007,32.39,,,,,,,,,0.55,0.55,0.7232323950686209,0.7100308113659705,2067.715290182171
LSO,Lesotho,2008,2.121,4170596962.0,1966547.0,2.499,1.079,0.509,1270.846,0.007,34.511,,,,,,,,,0.58,0.58,0.5991947969965457,0.8487394957983193,2120.7715666088834
LSO,Lesotho,2009,2.217,4214040389.0,1980884.0,2.911,1.119,0.526,1469.491,0.007,36.728,,,,,,,,,0.65,0.65,0.6907859752836365,0.7615939539677087,2127.353438666777
LSO,Lesotho,2010,2.275,4442653593.0,1996256.0,3.109,1.14,0.512,1557.578,0.007,39.003,,,,,,,,,0.69,0.69,0.699806981327252,0.7317465422965583,2225.492919244826
LSO,Lesotho,2011,2.759,4516050000.0,2014015.0,3.033,1.37,0.611,1505.866,0.008,41.762,,,,,,,,,0.49,0.49,0.671604610223536,0.9096604022420046,2242.3119986693246
LSO,Lesotho,2012,2.792,4740080000.0,2034363.0,3.283,1.372,0.589,1613.91,0.008,44.554,,,,,,,,,0.49,0.49,0.6926043442304771,0.8504416692049954,2330.0069849874385
LSO,Lesotho,2013,2.125,4954224000.0,2056509.0,3.312,1.033,0.429,1610.642,0.006,46.679,,,,,,,,,0.51,0.51,0.6685204383168787,0.6416062801932367,2409.0456205151545
LSO,Lesotho,2014,2.242,5134648000.0,2080091.0,3.415,1.078,0.437,1641.573,0.006,48.922,,,,,,,,,0.52,0.52,0.6650894082710246,0.656515373352855,2468.4727735469264
LSO,Lesotho,2015,2.045,5279080000.0,2104614.0,3.32,0.971,0.387,1577.33,0.006,50.966,,,,,,,,,0.53,0.53,0.6288974594058055,0.6159638554216867,2508.3364455429833
LSO,Lesotho,2016,2.026,5418793037.0,2130424.0,3.701,0.951,0.374,1737.047,0.006,52.992,,,,,,,,,0.52,0.52,0.6829934221014243,0.5474196163199134,2543.527972366064
LSO,Lesotho,2017,2.286,5197453242.0,2157117.0,3.974,1.06,0.44,1842.364,0.006,55.279,,,,,,,,,0.54,0.54,0.7646052431769044,0.5752390538500252,2409.4442916170055
LSO,Lesotho,2018,2.165,5068079163.0,2183611.0,3.868,0.992,0.427,1771.341,0.006,57.444,,,,,,,,,0.52,0.52,0.7632082837692644,0.5597207859358841,2320.962462178474
LSO,Lesotho,2019,2.187,4996214053.0,2209414.0,4.024,0.99,0.438,1821.103,0.006,59.632,,,,,,,,,0.39,0.39,0.8054098477994093,0.5434890656063618,2261.3299512902518
LSO,Lesotho,2020,1.986,4623560803.0,2235727.0,3.607,0.888,0.43,1613.199,0.006,61.617,,,,,,,,,0.43,0.43,0.780134652421916,0.5505960632104242,2068.034604851129
LSO,Lesotho,2021,3.096,4709220668.0,2261549.0,3.971,1.369,0.657,1755.905,0.008,64.714,,,,,,,,,0.53,0.53,0.8432393128195623,0.7796524804835054,2082.2987554105616
LSO,Lesotho,2022,2.551,4761723180.0,2286112.0,4.82,1.116,0.536,2108.48,0.007,67.265,,,,,,,,,0.48,0.48,1.0122385988847005,0.529253112033195,2082.8914681345445
LBR,Liberia,1990,0.456,3680820000.0,2223667.0,2.402,0.205,0.124,1080.268,0.002,31.806,,,,,,,,,,,0.65257198124331,0.18984179850124897,1655.2928113786822
LBR,Liberia,1991,0.375,2990946994.0,1956523.0,1.353,0.191,0.125,691.586,0.002,32.181,,,,,,,,,,,0.4523650879518061,0.2771618625277162,1528.7052562121683
LBR,Liberia,1992,0.392,1838477296.0,2072466.0,1.419,0.189,0.213,684.634,0.002,32.573,,,,,,,,,,,0.7718343887560306,0.2762508809020437,887.0964811967965
LBR,Liberia,1993,0.417,1167733988.0,2155135.0,1.566,0.194,0.357,726.56,0.002,32.99,,,,,,,,,,,1.3410588508108063,0.2662835249042146,541.8379767392762
LBR,Liberia,1994,0.415,865093553.0,2149929.0,1.566,0.193,0.48,728.32,0.002,33.405,,,,,,,,,,,1.8102088433896812,0.26500638569604085,402.3823823949535
LBR,Liberia,1995,0.416,783478662.0,2169167.0,1.566,0.192,0.531,721.86,0.002,33.821,,,,,,,,,,,1.9987781109474556,0.2656449553001277,361.1887245195967
LBR,Liberia,1996,0.427,833012981.0,2232286.0,1.626,0.191,0.513,728.595,0.002,34.249,,,,,,,,,,,1.951950374228322,0.26260762607626076,373.1658851061199
LBR,Liberia,1997,0.446,1626036772.0,2412995.0,1.622,0.185,0.274,672.205,0.002,34.695,,,,,,,,,,,0.9975174165372442,0.2749691738594328,673.8666147256832
LBR,Liberia,1998,0.473,1996595953.0,2670128.0,1.678,0.177,0.237,628.516,0.002,35.168,,,,,,,,,,,0.840430432345968,0.28188319427890346,747.7528991119527
LBR,Liberia,1999,0.376,2325522351.0,2821689.0,1.678,0.133,0.162,594.757,0.002,35.544,,,,,,,,,,,0.7215583196946878,0.22407628128724671,824.1596969049389
LBR,Liberia,2000,0.402,2767093377.0,2928117.0,1.891,0.137,0.145,645.785,0.002,35.947,,,,,,,,,0.0,0.2,0.6833885750722897,0.21258593336858805,945.0077906722989
LBR,Liberia,2001,0.414,3200677181.0,3015343.0,2.017,0.137,0.129,668.841,0.002,36.36,,,,,,,,,0.0,0.2,0.6301791420807458,0.20525532969757065,1061.463714409936
LBR,Liberia,2002,0.432,3998735673.0,3094793.0,1.989,0.14,0.108,642.845,0.002,36.792,,,,,,,,,0.0,0.2,0.4974072213449854,0.2171945701357466,1292.0850192565383
LBR,Liberia,2003,0.461,2541250362.0,3119534.0,2.179,0.148,0.181,698.434,0.002,37.253,,,,,,,,,0.0,0.2,0.8574519191745815,0.21156493804497475,814.6249927072441
LBR,Liberia,2004,0.543,2286431759.0,3156893.0,2.363,0.172,0.237,748.674,0.002,37.796,,,,,,,,,0.0,0.2,1.0334880937069768,0.22979263647905204,724.2664730797021
LBR,Liberia,2005,0.651,2369891568.0,3301016.0,2.767,0.197,0.275,838.092,0.002,38.446,,,,,,,,,0.0,0.2,1.1675639667915811,0.2352728586917239,717.9279252205987
LBR,Liberia,2006,0.669,2547129019.0,3490792.0,2.834,0.192,0.263,811.785,0.002,39.115,,,,,,,,,0.0,0.2,1.1126252258366658,0.2360621030345801,729.6708079427248
LBR,Liberia,2007,0.629,2664910191.0,3669050.0,2.645,0.171,0.236,720.876,0.002,39.744,,,,,,,,,0.0,0.25,0.9925287572289523,0.23780718336483933,726.3215794279173
LBR,Liberia,2008,0.531,2922602346.0,3821006.0,2.343,0.139,0.182,613.272,0.002,40.275,,,,,,,,,0.0,0.25,0.8016827890413252,0.2266325224071703,764.8777170200727
LBR,Liberia,2009,0.522,3108980113.0,3943035.0,2.139,0.132,0.168,542.472,0.002,40.797,,,,,,,,,0.0,0.25,0.6880069740735585,0.24403927068723702,788.4738819209061
LBR,Liberia,2010,0.709,3260614939.0,4058897.0,3.368,0.175,0.218,829.713,0.002,41.506,,,,,,,,,0.0,0.25,1.0329339903696,0.21051068883610452,803.3253711537889
LBR,Liberia,2011,0.822,3266880000.0,4221177.0,3.75,0.195,0.252,888.324,0.002,42.329,,,,,,,,,0.0,0.3,1.1478842198060535,0.2192,773.926324340344
LBR,Liberia,2012,0.915,3532273000.0,4373046.0,4.159,0.209,0.259,951.045,0.003,43.244,,,,,,,,,0.0,0.3,1.1774288114197289,0.22000480884828083,807.7374443351384
LBR,Liberia,2013,0.874,3819600000.0,4470246.0,3.679,0.196,0.229,822.972,0.002,44.118,,,,,,,,,0.0,0.3,0.96318986281286,0.237564555585757,854.4496208933468
LBR,Liberia,2014,0.734,3843632000.0,4564299.0,4.844,0.161,0.191,1061.386,0.002,44.851,,,,,,,,,0.0,0.3,1.2602663314281908,0.15152766308835672,842.107846133656
LBR,Liberia,2015,0.699,3857900000.0,4659436.0,4.862,0.15,0.181,1043.527,0.002,45.55,,,,,,,,,0.0,0.31,1.2602711319629851,0.14376799670917317,827.9757464208114
LBR,Liberia,2016,0.647,3859976097.0,4755607.0,5.59,0.136,0.168,1175.481,0.002,46.197,,,,,,,,,0.0,0.3,1.448195496429262,0.11574239713774598,811.6684362269632
LBR,Liberia,2017,0.667,3977674130.0,4848927.0,4.826,0.138,0.168,995.341,0.002,46.864,,,,,,,,,0.0,0.35,1.2132718373287155,0.13820969747202652,820.3204812116165
LBR,Liberia,2018,0.609,4051631897.0,4944728.0,2.18,0.123,0.15,440.826,0.002,47.473,,,,,,,,,0.13,0.41,0.5380548024646968,0.2793577981651376,819.3841798780438
LBR,Liberia,2019,0.932,3959325948.0,5043719.0,3.623,0.185,0.235,718.299,0.003,48.404,,,,,,,,,0.13,0.42,0.9150547460812388,0.2572453767595915,785.0012952743799
LBR,Liberia,2020,0.777,3845664451.0,5149470.0,2.824,0.151,0.202,548.427,0.002,49.181,,,,,,,,,0.13,0.45,0.734333438598801,0.27514164305949007,746.8078173093542
LBR,Liberia,2021,0.783,4037436536.0,5259327.0,2.675,0.149,0.194,508.531,0.002,49.964,,,,,,,,,0.13,0.38,0.6625491140599318,0.2927102803738318,767.6717070454072
LBR,Liberia,2022,0.864,4231561135.0,5373297.0,3.113,0.161,0.204,579.381,0.002,50.828,,,,,,,,,0.13,0.39,0.7356623006700339,0.2775457757789913,787.5167025012762
LBY,Libya,1990,36.514,20372079786.0,4445243.0,148.89,8.214,1.792,33494.316,0.161,636.938,,,,,,,,,,,7.30853214615424,0.24524145342198939,4582.894520277069
LBY,Libya,1991,42.62,25389275568.0,4544404.0,155.436,9.379,1.679,34203.898,0.184,679.557,,,,,,,,,,,6.122112447978138,0.27419645384595587,5586.931876655332
LBY,Libya,1992,37.024,26617785979.0,4640360.0,145.051,7.979,1.391,31258.516,0.164,716.582,,,,,,,,,,,5.449401393280321,0.2552481540975243,5736.146759949659
LBY,Libya,1993,38.708,27601955980.0,4733053.0,150.268,8.178,1.402,31748.699,0.17,755.29,,,,,,,,,,,5.444106936076636,0.257593100327415,5831.744537827909
LBY,Libya,1994,51.36,30319557468.0,4822039.0,155.36,10.651,1.694,32218.666,0.224,806.65,,,,,,,,,,,5.12408534207568,0.3305870236869207,6287.704738182333
LBY,Libya,1995,54.596,31943529585.0,4906851.0,162.22,11.126,1.709,33059.832,0.232,861.246,,,,,,,,,,,5.078336743231251,0.33655529527801753,6509.985647617994
LBY,Libya,1996,53.952,35211772243.0,4987402.0,171.446,10.818,1.532,34375.734,0.223,915.198,,,,,,,,,,,4.868996618995313,0.31468800671931685,7060.143185369858
LBY,Libya,1997,51.779,39983284709.0,5064642.0,180.536,10.224,1.295,35646.328,0.212,966.977,,,,,,,,,,,4.515286858344643,0.2868070634111756,7894.592492223537
LBY,Libya,1998,51.653,41617599793.0,5140711.0,173.741,10.048,1.241,33797.156,0.213,1018.629,,,,,,,,,,,4.1747001476337635,0.2972988528902217,8095.6894470434145
LBY,Libya,1999,50.26,45257158417.0,5218039.0,156.842,9.632,1.111,30057.596,0.202,1068.889,,,,,,,,,,,3.465573303450825,0.3204498794965634,8673.211989599924
LBY,Libya,2000,53.239,49983450587.0,5305020.0,212.946,10.036,1.065,40140.523,0.209,1122.128,,,,,,,,,0.0,15.5,4.260330119253197,0.25001174006555654,9421.915579394612
LBY,Libya,2001,53.114,54225701449.0,5403639.0,214.66,9.829,0.979,39725.164,0.207,1175.241,,,,,,,,,0.0,16.11,3.958639432297443,0.24743315009782912,10035.034066672477
LBY,Libya,2002,52.525,57785797189.0,5508412.0,221.283,9.535,0.909,40171.859,0.2,1227.766,,,,,,,,,0.0,17.53,3.829366570409156,0.23736572624196164,10490.46389213443
LBY,Libya,2003,55.481,70475273789.0,5619405.0,218.016,9.873,0.787,38797.039,0.201,1283.247,,,,,,,,,0.0,18.95,3.093510507709849,0.2544813224717452,12541.412087044802
LBY,Libya,2004,56.854,79415538130.0,5736696.0,223.347,9.911,0.716,38933.094,0.199,1340.101,,,,,,,,,0.0,20.2,2.8123841411788972,0.25455457203365167,13843.428016753895
LBY,Libya,2005,55.986,94523140632.0,5858793.0,230.981,9.556,0.592,39424.711,0.189,1396.086,,,,,,,,,0.0,22.32,2.443645000109141,0.24238357267480876,16133.551847965955
LBY,Libya,2006,51.45,108872914713.0,5980212.0,211.797,8.603,0.473,35416.367,0.168,1447.536,,,,,,,,,0.0,24.75,1.94535987723226,0.2429212878369382,18205.52761557617
LBY,Libya,2007,44.392,123716329182.0,6104381.0,210.398,7.272,0.359,34466.789,0.141,1491.928,,,,,,,,,0.0,26.23,1.7006485836682235,0.21099059876995027,20266.80988326253
LBY,Libya,2008,49.699,153726726038.0,6235433.0,218.432,7.97,0.323,35030.727,0.155,1541.627,,,,,,,,,0.0,28.67,1.420911025881117,0.22752618663932025,24653.73712427028
LBY,Libya,2009,51.627,165559661154.0,6366689.0,249.987,8.109,0.312,39264.84,0.164,1593.254,,,,,,,,,0.0,30.38,1.509951145451231,0.20651873897442666,26004.04404141619
LBY,Libya,2010,59.148,187528533215.0,6497837.0,263.611,9.103,0.315,40569.051,0.178,1652.402,,,,,,,,,0.01,32.56,1.405711416180982,0.22437606928390696,28860.14734056887
LBY,Libya,2011,53.542,79210078190.0,6343210.0,173.009,8.441,0.676,27274.67,0.155,1705.944,,,,,,,,,0.01,26.01,2.1841791341880255,0.3094752296123323,12487.380709451523
LBY,Libya,2012,61.606,147985814988.0,6179327.0,215.571,9.97,0.416,34885.809,0.176,1767.551,,,,,,,,,0.01,34.29,1.456700427790869,0.28578055489838616,23948.532742805164
LBY,Libya,2013,51.344,121351322417.0,6304636.0,231.857,8.144,0.423,36775.57,0.146,1818.895,,,,,,,,,0.01,37.93,1.910626068031372,0.22144684007815163,19247.950621891574
LBY,Libya,2014,68.348,93388346336.0,6427260.0,226.439,10.634,0.732,35231.008,0.193,1887.243,,,,,,,,,0.01,37.73,2.4247029622443446,0.30183846422215255,14530.040224916995
LBY,Libya,2015,60.866,92601079752.0,6531825.0,180.196,9.318,0.657,27587.34,0.172,1948.109,,,,,,,,,0.01,37.51,1.9459384327115055,0.3377766432107261,14176.907640973235
LBY,Libya,2016,57.379,91220396354.0,6632130.0,176.376,8.652,0.629,26594.119,0.162,2005.488,,,,,,,,,0.01,31.42,1.9335149489543513,0.3253220392797206,13754.313675093823
LBY,Libya,2017,67.092,120859728232.0,6738771.0,277.402,9.956,0.555,41165.113,0.186,2072.58,,,,,,,,,0.01,33.28,2.2952393163378995,0.2418583860246141,17934.980760141574
LBY,Libya,2018,62.645,130457185445.0,6849058.0,266.794,9.146,0.48,38953.395,0.171,2135.225,,,,,,,,,0.01,34.18,2.0450694156089915,0.23480662983425418,19047.463964387513
LBY,Libya,2019,73.778,115851209708.0,6951040.0,228.312,10.614,0.637,32845.668,0.199,2209.003,,,,,,,,,0.01,34.63,1.9707347085581113,0.3231455201653877,16666.744790419853
LBY,Libya,2020,36.111,81726075633.0,7045403.0,180.684,5.125,0.442,25645.621,0.103,2245.114,,,,,,,,,0.01,29.5,2.2108488459837656,0.19985720927143522,11599.914956319744
LBY,Libya,2021,56.312,104883157614.0,7135179.0,220.426,7.892,0.537,30892.902,0.153,2301.427,,,,,,,,,0.01,34.79,2.101633903998492,0.255468955567855,14699.443085310124
LBY,Libya,2022,58.974,91444480945.0,7223804.0,225.654,8.164,0.645,31237.596,0.157,2360.4,,,,,,,,,0.01,35.11,2.467661226441007,0.2613470180010104,12658.771049851297
LTU,Lithuania,1990,35.738,51021989460.0,3695016.0,196.066,9.672,0.7,53062.188,0.157,1109.796,0.59,75.143,0.0,0.0,4.755,27.909,42.48,24.857,0.41,28.4,3.842774499291349,0.18227535625758673,13808.327070843536
LTU,Lithuania,1991,37.82,47786759590.0,3701408.0,206.558,10.218,0.791,55805.352,0.163,1147.616,0.457,76.562,0.0,0.0,5.04,27.413,44.109,23.438,0.34,29.37,4.32249438489286,0.18309627320171573,12910.42748867458
LTU,Lithuania,1992,21.168,37159351315.0,3697552.0,131.355,5.725,0.57,35524.789,0.094,1168.785,0.662,68.162,0.0,0.0,3.721,24.673,39.767,31.838,0.31,18.55,3.5349110076358174,0.16115107913669066,10049.71703305322
LTU,Lithuania,1993,16.32,30736278642.0,3680201.0,103.416,4.434,0.531,28100.664,0.072,1185.104,1.064,65.748,0.0,0.0,4.194,16.961,44.593,34.252,0.39,13.93,3.3646233236149095,0.15780923648178233,8351.79345965071
LTU,Lithuania,1994,15.767,27661451474.0,3654893.0,89.101,4.314,0.57,24378.572,0.069,1200.871,1.418,74.411,0.0,0.0,4.034,22.736,47.641,25.589,0.45,9.76,3.2211252574272633,0.17695648758150861,7568.334141108919
LTU,Lithuania,1995,15.057,29216540607.0,3627038.0,99.369,4.151,0.515,27396.791,0.064,1215.929,1.051,65.643,0.0,0.0,2.895,23.932,38.816,34.357,0.37,13.52,3.4011213489180903,0.1515261298795399,8055.206647131902
LTU,Lithuania,1996,15.74,30721763295.0,3599721.0,108.301,4.373,0.512,30085.943,0.065,1231.668,0.843,63.101,0.0,0.0,2.442,23.486,37.173,36.899,0.33,16.24,3.5252208331943664,0.14533568480438777,8534.484560053404
LTU,Lithuania,1997,15.163,33267370320.0,3573418.0,100.435,4.243,0.456,28106.1,0.062,1246.831,0.822,65.665,0.0,0.0,2.127,23.366,40.171,34.335,0.3,14.39,3.0190243182407333,0.1509732662916314,9309.677826663436
LTU,Lithuania,1998,15.997,35744382405.0,3547768.0,107.84,4.509,0.448,30396.541,0.066,1262.828,1.083,63.715,0.0,0.0,1.729,19.071,42.915,36.285,0.42,17.15,3.0169775708564237,0.14834013353115727,10075.174702799055
LTU,Lithuania,1999,13.45,35335381903.0,3522905.0,88.175,3.818,0.381,25028.938,0.054,1276.278,1.314,67.382,0.0,0.0,1.803,24.093,41.486,32.618,0.41,13.08,2.4953741901545397,0.15253756733768076,10030.18301742454
LTU,Lithuania,2000,11.843,36684799266.0,3500410.0,78.499,3.383,0.323,22425.547,0.046,1288.121,1.209,68.783,0.0,0.0,1.377,30.805,36.601,31.217,0.34,11.13,2.139823620971916,0.1508681639256551,10480.143544899027
LTU,Lithuania,2001,12.594,39077069410.0,3473008.0,90.348,3.626,0.322,26014.41,0.049,1300.715,1.01,63.979,0.0,0.0,1.087,27.849,35.042,36.021,0.33,14.36,2.3120464600879087,0.13939434187807145,11251.649696747027
LTU,Lithuania,2002,12.666,41716677051.0,3444051.0,97.976,3.678,0.304,28448.023,0.048,1313.381,1.01,59.066,0.0,0.0,1.619,26.01,31.438,40.934,0.35,17.29,2.3486050885649674,0.12927655752429165,12112.676917676306
LTU,Lithuania,2003,12.659,46106059871.0,3415276.0,102.23,3.707,0.275,29933.268,0.046,1326.04,0.896,57.443,0.0,0.0,2.004,27.036,28.403,42.557,0.33,18.82,2.217279036335549,0.12382862173530275,13499.951357079193
LTU,Lithuania,2004,13.254,49123583277.0,3376703.0,103.367,3.925,0.27,30611.701,0.046,1339.294,1.144,58.913,0.0,0.003,1.915,26.656,30.342,41.087,0.43,18.75,2.10422353388046,0.12822274033298828,14547.7950761438
LTU,Lithuania,2005,13.863,52913078254.0,3322264.0,94.338,4.173,0.262,28395.758,0.047,1353.157,1.363,68.961,0.0,0.005,2.295,30.762,35.904,31.039,0.46,14.42,1.7828862563456787,0.14695032754563378,15926.813237599421
LTU,Lithuania,2006,14.195,56827410871.0,3269809.0,89.705,4.341,0.25,27434.281,0.046,1367.352,1.571,72.48,0.0,0.041,3.275,32.023,37.183,27.52,0.43,12.07,1.5785515937657824,0.1582409007301711,17379.428239080633
LTU,Lithuania,2007,15.474,63122228308.0,3231378.0,99.092,4.789,0.245,30665.432,0.049,1382.826,2.221,71.222,0.0,0.287,2.947,34.158,34.118,28.778,0.58,13.46,1.569843186087923,0.1561579138578291,19534.151779209984
LTU,Lithuania,2008,14.919,64776249050.0,3198482.0,97.826,4.664,0.23,30585.244,0.047,1397.745,2.403,70.728,0.0,0.356,2.534,31.075,37.119,29.272,0.6,13.33,1.5102140280535432,0.15250546889375013,20252.184958364625
LTU,Lithuania,2009,12.829,55174536683.0,3163255.0,90.027,4.056,0.233,28460.291,0.041,1410.574,2.737,65.374,0.0,0.463,2.191,28.405,34.778,34.626,0.68,14.64,1.6316765923607384,0.14250169393626355,17442.329715119395
LTU,Lithuania,2010,13.802,56073777524.0,3097721.0,66.198,4.455,0.246,21369.939,0.041,1424.375,4.494,95.506,0.0,0.883,3.644,43.874,47.987,4.494,0.91,5.0,1.1805518180341381,0.20849572494637303,18101.622942802143
LTU,Lithuania,2011,13.96,59460372771.0,3028642.0,68.697,4.609,0.235,22682.41,0.04,1438.335,5.089,94.911,0.0,1.796,4.068,46.143,44.7,5.089,1.11,4.25,1.1553408900508084,0.20321120281817256,19632.68447409763
LTU,Lithuania,2012,14.054,61745948022.0,2988334.0,68.632,4.703,0.228,22966.498,0.04,1452.389,5.654,94.346,0.009,2.033,3.97,45.099,45.276,5.654,1.18,4.5,1.1115223297818104,0.20477328359948713,20662.33159412569
LTU,Lithuania,2013,13.148,63937849304.0,2958359.0,63.416,4.444,0.206,21436.043,0.037,1465.537,7.556,92.444,0.181,2.439,4.949,39.832,47.663,7.556,1.53,4.19,0.9918381786425313,0.20732938059795636,21612.606618736943
LTU,Lithuania,2014,12.846,66199372603.0,2933171.0,61.205,4.379,0.194,20866.352,0.036,1478.383,7.885,92.115,0.305,2.666,4.338,39.376,48.401,7.885,1.51,3.69,0.9245555900816246,0.2098848133322441,22569.216933823496
LTU,Lithuania,2015,13.045,67539660018.0,2905771.0,64.112,4.489,0.193,22063.779,0.037,1491.428,8.308,91.692,0.29,3.211,3.321,37.627,50.744,8.308,1.68,4.23,0.9492496702369171,0.20347204891439982,23243.283802474456
LTU,Lithuania,2016,13.102,69240911932.0,2869109.0,65.726,4.566,0.189,22908.295,0.037,1504.53,9.468,90.532,0.255,4.362,3.285,32.738,54.509,9.468,2.1,3.63,0.9492364870143258,0.19934272586191157,24133.24552395883
LTU,Lithuania,2017,13.277,72206131673.0,2829317.0,69.15,4.693,0.184,24440.611,0.037,1517.807,10.892,89.108,0.247,4.957,3.349,32.402,53.357,10.892,2.53,3.56,0.9576749009787658,0.19200289226319595,25520.693394554233
LTU,Lithuania,2018,13.414,75089601435.0,2802485.0,70.969,4.787,0.179,25323.756,0.037,1531.222,9.533,90.467,0.305,4.03,3.479,31.678,55.31,9.533,2.2,2.92,0.9451242068641564,0.18901210387634038,26793.935180741377
LTU,Lithuania,2019,13.647,78562641002.0,2795057.0,70.597,4.883,0.174,25257.848,0.037,1544.869,10.436,89.564,0.321,5.283,3.286,30.707,55.571,10.436,2.47,3.34,0.8986077746317462,0.19330849752822357,28107.70621207367
LTU,Lithuania,2020,13.5,78545278418.0,2795766.0,70.294,4.829,0.172,25143.193,0.038,1558.369,11.356,88.644,0.455,5.478,2.576,33.749,52.32,11.356,2.57,4.7,0.8949487660596404,0.19205053062850314,28094.367846951427
LTU,Lithuania,2021,13.778,83242845981.0,2794490.0,70.149,4.93,0.166,25102.789,0.037,1572.147,12.011,87.989,0.673,4.805,3.092,31.92,52.977,12.011,2.62,4.3,0.8427030476109786,0.19641049765499152,29788.206785853592
LTU,Lithuania,2022,12.895,84814257826.0,2816923.0,65.066,4.578,0.152,23098.156,0.034,1585.042,14.382,85.618,1.299,5.746,3.307,24.855,57.456,14.382,3.02,4.04,0.7671587498116841,0.19818338302646543,30108.83074404235
LUX,Luxembourg,1990,11.809,14057150121.0,381707.0,37.151,30.938,0.84,97329.25,0.052,446.821,0.629,99.371,0.0,0.0,34.46,13.413,51.498,0.629,0.08,0.62,2.642854325394168,0.31786492961158513,36827.06924683068
LUX,Luxembourg,1991,12.42,15215996110.0,386819.0,39.929,32.109,0.816,103223.312,0.054,459.241,0.694,99.306,0.0,0.0,30.499,12.977,55.83,0.694,0.09,0.7,2.6241463070405584,0.31105211750857775,39336.21696452346
LUX,Luxembourg,1992,12.189,15437632140.0,391972.0,40.043,31.098,0.79,102157.375,0.054,471.431,0.578,99.422,0.0,0.0,28.647,13.486,57.29,0.578,0.08,0.66,2.593856339939967,0.30439777239467575,39384.527823415956
LUX,Luxembourg,1993,12.338,16036038097.0,397210.0,40.569,31.062,0.769,102134.523,0.054,483.769,0.572,99.428,0.0,0.0,29.216,13.825,56.387,0.572,0.08,0.67,2.5298642816014256,0.3041238383987774,40371.68776465849
LUX,Luxembourg,1994,11.524,16598368279.0,402597.0,39.01,28.624,0.694,96896.617,0.05,495.293,0.733,99.267,0.0,0.0,26.201,14.485,58.58,0.733,0.11,0.59,2.350231019355972,0.29541143296590616,41228.246308343085
LUX,Luxembourg,1995,9.134,16769949507.0,408237.0,33.935,22.375,0.545,83124.758,0.039,504.427,0.9,99.1,0.0,0.0,16.942,19.031,63.126,0.9,0.11,0.49,2.0235600581763875,0.26916163253278325,41078.95537886081
LUX,Luxembourg,1996,9.186,16910298497.0,413779.0,34.899,22.2,0.543,84342.805,0.038,513.613,0.616,99.384,0.0,0.0,15.521,20.297,63.566,0.616,0.08,0.45,2.0637719674901844,0.26321671108054673,40867.947616964615
LUX,Luxembourg,1997,8.548,17813499245.0,418970.0,34.159,20.402,0.48,81529.898,0.035,522.161,0.855,99.145,0.0,0.024,10.062,21.252,67.831,0.855,0.1,0.41,1.917590672679763,0.2502415176088293,42517.362209704756
LUX,Luxembourg,1998,7.657,18821504348.0,424158.0,32.988,18.052,0.407,77772.297,0.032,529.818,1.224,98.776,0.0,0.093,3.468,22.226,73.083,1.224,0.15,0.37,1.7526760555409777,0.2321147083788044,44373.80492175086
LUX,Luxembourg,1999,8.119,20355341580.0,429909.0,34.86,18.886,0.399,81086.125,0.033,537.937,0.99,99.01,0.0,0.144,3.318,21.813,73.879,0.99,0.13,0.36,1.7125725875438735,0.23290304073436605,47348.02383760284
LUX,Luxembourg,2000,8.702,21937467256.0,436142.0,37.204,19.953,0.397,85302.953,0.034,546.64,1.296,98.704,0.0,0.185,3.432,21.002,74.27,1.296,0.16,0.4,1.695911363232897,0.23389958069024835,50298.91011642997
LUX,Luxembourg,2001,9.205,22387796714.0,441754.0,39.867,20.838,0.411,90246.359,0.036,555.845,1.186,98.814,0.0,0.165,3.456,21.786,73.572,1.186,0.17,0.87,1.7807469180327844,0.23089271828830862,50679.32993023266
LUX,Luxembourg,2002,9.978,23160273686.0,446392.0,43.582,22.354,0.431,97632.016,0.038,565.823,0.975,99.025,0.0,0.154,1.968,28.484,68.572,0.975,0.15,2.8,1.8817566921216735,0.22894773071451516,51883.263333572286
LUX,Luxembourg,2003,10.451,23454191347.0,451845.0,45.704,23.129,0.446,101149.508,0.038,576.274,0.872,99.128,0.008,0.156,1.441,27.493,70.195,0.872,0.14,2.79,1.9486495749871995,0.22866707509189568,51907.604038995676
LUX,Luxembourg,2004,11.816,24195538088.0,458305.0,51.78,25.782,0.488,112981.047,0.041,588.09,1.057,98.943,0.048,0.206,1.787,26.875,70.282,1.057,0.19,3.37,2.1400639990594286,0.22819621475473156,52793.52851921755
LUX,Luxembourg,2005,12.076,24872864640.0,465369.0,52.553,25.949,0.486,112927.523,0.041,600.166,1.108,98.892,0.091,0.267,1.718,26.047,71.127,1.108,0.21,3.35,2.112864793043798,0.22978707209864327,53447.618212644156
LUX,Luxembourg,2006,11.906,26045643731.0,472869.0,51.627,25.177,0.457,109177.461,0.039,612.072,1.321,98.679,0.109,0.301,2.087,27.736,68.855,1.321,0.25,3.54,1.9821740838201132,0.23061576306971157,55080.04062647372
LUX,Luxembourg,2007,11.302,28135947926.0,480277.0,50.126,23.533,0.402,104368.211,0.036,623.374,2.484,97.516,0.111,0.341,1.82,26.666,69.029,2.484,0.26,3.19,1.781564286791963,0.2254718110361888,58582.75104991494
LUX,Luxembourg,2008,11.167,27660465282.0,488995.0,49.761,22.836,0.404,101761.266,0.035,634.541,2.585,97.415,0.106,0.322,1.752,25.572,70.092,2.585,0.28,2.72,1.7989935994454107,0.22441269267096722,56565.947058763384
LUX,Luxembourg,2009,10.62,26344603078.0,498196.0,47.593,21.316,0.403,95530.586,0.034,645.161,2.554,97.446,0.112,0.35,1.636,27.206,68.604,2.554,0.27,3.15,1.806555971220695,0.22314205870611226,52879.997185846536
LUX,Luxembourg,2010,11.191,27526699944.0,507418.0,50.116,22.054,0.407,98766.18,0.034,656.351,2.428,97.572,0.11,0.286,1.556,27.789,68.227,2.428,0.27,3.24,1.8206323352219993,0.22330193950035918,54248.56813120544
LUX,Luxembourg,2011,11.09,28143126706.0,518583.0,48.821,21.384,0.394,94143.305,0.032,667.441,2.491,97.509,0.137,0.34,1.392,24.606,71.511,2.491,0.24,2.64,1.7347397291712994,0.22715634665410378,54269.28130308938
LUX,Luxembourg,2012,10.858,28607408843.0,530951.0,47.953,20.45,0.38,90315.195,0.031,678.299,2.902,97.098,0.206,0.417,1.304,25.513,70.281,2.902,0.31,2.76,1.6762440898849078,0.22643004608679332,53879.56486191758
LUX,Luxembourg,2013,10.323,29514812514.0,543358.0,45.692,18.999,0.35,84092.562,0.029,688.622,3.551,96.449,0.413,0.465,1.221,22.677,72.551,3.551,0.36,1.84,1.5481040233044525,0.2259257638098573,54319.27479488661
LUX,Luxembourg,2014,9.807,30289014849.0,556285.0,44.274,17.629,0.324,79589.086,0.028,698.429,4.242,95.758,0.545,0.46,1.404,22.175,72.178,4.242,0.4,1.91,1.461718059194709,0.22150697926548313,54448.73553843803
LUX,Luxembourg,2015,9.334,30976491415.0,569540.0,43.034,16.389,0.301,75560.039,0.026,707.763,4.903,95.097,0.611,0.6,1.33,20.808,72.959,4.903,0.43,1.34,1.3892470720283476,0.2168982664869638,54388.61434666573
LUX,Luxembourg,2016,9.077,32518554202.0,583511.0,42.459,15.556,0.279,72765.094,0.026,716.84,5.297,94.703,0.594,0.601,1.397,19.452,73.854,5.297,0.46,0.79,1.305685355389774,0.2137827080242116,55729.11942019945
LUX,Luxembourg,2017,9.251,32946911821.0,596506.0,44.355,15.509,0.281,74357.836,0.026,726.091,6.526,93.474,0.612,1.326,1.238,18.207,74.029,6.526,0.6,0.9,1.3462566762244652,0.20856724157366702,55233.16080810587
LUX,Luxembourg,2018,9.556,33348602359.0,608109.0,46.431,15.715,0.287,76353.008,0.026,735.647,6.964,93.036,0.637,1.366,1.048,17.156,74.832,6.964,0.68,0.96,1.3922922316253943,0.20581077297495207,54839.84344747406
LUX,Luxembourg,2019,9.75,34122291521.0,620167.0,47.288,15.722,0.286,76250.828,0.026,745.397,7.718,92.282,0.684,1.476,1.128,16.86,74.294,7.718,0.8,1.07,1.3858389308612928,0.2061833869057689,55021.13385749322
LUX,Luxembourg,2020,8.069,33850190319.0,630597.0,40.541,12.796,0.238,64289.547,0.023,753.466,10.605,89.395,0.985,2.145,1.106,17.875,70.414,10.605,0.97,1.22,1.1976594405510468,0.19903307762512026,53679.59301899628
LUX,Luxembourg,2021,8.41,35577396523.0,640276.0,43.215,13.134,0.236,67493.578,0.023,761.876,9.928,90.072,1.03,1.796,1.062,18.075,70.934,9.928,0.99,1.23,1.214675727383887,0.19460835358093254,55565.7193507175
LUX,Luxembourg,2022,7.274,36128358732.0,653315.0,38.822,11.135,0.201,59423.344,0.019,769.15,11.035,88.965,1.754,1.982,1.22,15.808,71.937,11.035,1.04,1.21,1.0745575321586407,0.18736798722373912,55300.06005066469
MDG,Madagascar,1990,0.944,14680679623.0,12055649.0,4.205,0.078,0.064,348.772,0.004,31.97,,,,,,,,,,,0.28643088112978704,0.22449464922711057,1217.742787883091
MDG,Madagascar,1991,1.025,13914919701.0,12421413.0,4.39,0.083,0.074,353.398,0.004,32.995,,,,,,,,,,,0.3154887052409301,0.23348519362186784,1120.236457881241
MDG,Madagascar,1992,1.003,14242717909.0,12800870.0,4.796,0.078,0.07,374.696,0.004,33.998,,,,,,,,,,,0.33673348237623935,0.20913261050875728,1112.6367121140986
MDG,Madagascar,1993,1.028,14700034150.0,13197353.0,4.855,0.078,0.07,367.914,0.005,35.026,,,,,,,,,,,0.3302713415805228,0.211740473738414,1113.862313904917
MDG,Madagascar,1994,1.152,14862800285.0,13613859.0,5.333,0.085,0.078,391.711,0.005,36.178,,,,,,,,,,,0.3588152903717767,0.21601350084380275,1091.7404304686863
MDG,Madagascar,1995,1.192,15288150117.0,14051279.0,5.587,0.085,0.078,397.592,0.005,37.371,,,,,,,,,,,0.36544643774706337,0.2133524252729551,1088.0255183175852
MDG,Madagascar,1996,1.249,15793796727.0,14510712.0,5.658,0.086,0.079,389.91,0.005,38.62,,,,,,,,,,,0.3582419159749896,0.22074938140685754,1088.4232784028793
MDG,Madagascar,1997,1.535,16561069372.0,14990818.0,5.767,0.102,0.093,384.693,0.006,40.155,,,,,,,,,,,0.34822630534658205,0.2661695855730883,1104.7475442634284
MDG,Madagascar,1998,1.619,17393932608.0,15489364.0,5.775,0.105,0.093,372.865,0.007,41.774,,,,,,,,,,,0.33201232465071767,0.28034632034632034,1122.9597682642102
MDG,Madagascar,1999,1.766,18416245876.0,16000506.0,5.758,0.11,0.096,359.883,0.007,43.54,,,,,,,,,,,0.31265872745019163,0.30670371656825285,1150.9789675401516
MDG,Madagascar,2000,1.955,19457200304.0,16516336.0,8.534,0.118,0.1,516.682,0.008,45.496,,,,,,,,,0.55,0.86,0.43860369768848945,0.2290836653386454,1178.0579121180388
MDG,Madagascar,2001,1.747,20850416898.0,17032933.0,8.361,0.103,0.084,490.901,0.007,47.242,,,,,,,,,0.54,0.88,0.4009991762228025,0.20894629828967826,1224.1236960187655
MDG,Madagascar,2002,1.232,18473840634.0,17549915.0,6.231,0.07,0.067,355.058,0.005,48.474,,,,,,,,,0.55,0.86,0.33728774235132336,0.19772107205905953,1052.6455902492976
MDG,Madagascar,2003,1.699,20509701124.0,18071860.0,8.14,0.094,0.083,450.4,0.006,50.174,,,,,,,,,0.61,0.96,0.3968853544372108,0.2087223587223587,1134.8970788839665
MDG,Madagascar,2004,1.804,21834931987.0,18606606.0,8.922,0.097,0.083,479.493,0.006,51.978,,,,,,,,,0.64,1.05,0.4086113025363187,0.20219681685720692,1173.5042912716053
MDG,Madagascar,2005,1.741,23129761607.0,19159711.0,8.586,0.091,0.075,448.104,0.006,53.719,,,,,,,,,0.65,1.06,0.3712100516159894,0.20277195434428139,1207.2082719306152
MDG,Madagascar,2006,1.675,24652234312.0,19730916.0,8.473,0.085,0.068,429.445,0.005,55.394,,,,,,,,,0.64,1.07,0.34370109795182285,0.1976867697391715,1249.4216848320675
MDG,Madagascar,2007,1.728,26539188296.0,20318590.0,8.971,0.085,0.065,441.541,0.005,57.122,,,,,,,,,0.72,1.12,0.33802842422848756,0.19262066659235313,1306.1530497933175
MDG,Madagascar,2008,1.787,28762450059.0,20923842.0,9.631,0.085,0.062,460.266,0.006,58.909,,,,,,,,,0.7,1.18,0.3348463006539453,0.18554667220434015,1374.6256571331403
MDG,Madagascar,2009,1.699,27725052410.0,21547277.0,8.288,0.079,0.061,384.633,0.005,60.608,,,,,,,,,0.74,1.19,0.29893541326582473,0.20499517374517376,1286.7079404047204
MDG,Madagascar,2010,1.872,28122419419.0,22183343.0,8.888,0.084,0.067,400.652,0.006,62.48,,,,,,,,,0.71,1.3,0.31604677633088396,0.21062106210621062,1267.7268443714727
MDG,Madagascar,2011,2.33,28843634595.0,22822305.0,10.163,0.102,0.081,445.294,0.007,64.81,,,,,,,,,0.7,1.47,0.352348105316857,0.22926301288989473,1263.835295996614
MDG,Madagascar,2012,2.66,29712119552.0,23462444.0,12.156,0.113,0.09,518.102,0.008,67.47,,,,,,,,,0.77,1.56,0.40912597900413833,0.2188219809147746,1266.369332708903
MDG,Madagascar,2013,3.061,30395500923.0,24109290.0,12.704,0.127,0.101,526.938,0.009,70.531,,,,,,,,,0.83,1.65,0.41795659272675445,0.2409477329974811,1260.7381189159864
MDG,Madagascar,2014,2.971,31410405446.0,24764356.0,13.783,0.12,0.095,556.573,0.008,73.502,,,,,,,,,0.91,1.72,0.4388036322452251,0.21555539432634405,1268.3715839814288
MDG,Madagascar,2015,3.121,32394175176.0,25426703.0,15.19,0.123,0.096,597.421,0.009,76.623,,,,,,,,,0.97,1.79,0.46891146070154843,0.2054641211323239,1274.0218492346412
MDG,Madagascar,2016,3.257,33687674194.0,26099950.0,16.096,0.125,0.097,616.708,0.009,79.88,,,,,,,,,0.92,1.9,0.4778008688669521,0.20234840954274355,1290.7179589999214
MDG,Madagascar,2017,3.804,35012614968.0,26788379.0,14.813,0.142,0.109,552.947,0.011,83.684,,,,,,,,,0.83,1.98,0.42307608310714395,0.2568014581786269,1307.0076008705119
MDG,Madagascar,2018,3.604,36130917975.0,27494930.0,12.727,0.131,0.1,462.902,0.01,87.288,,,,,,,,,1.03,2.38,0.35224679341959064,0.28317749666064274,1314.0938338450035
MDG,Madagascar,2019,4.147,37724649896.0,28219559.0,15.555,0.147,0.11,551.201,0.011,91.435,,,,,,,,,0.95,2.47,0.4123298703336494,0.2666023786563806,1336.826344309633
MDG,Madagascar,2020,3.788,35031864099.0,28953560.0,11.85,0.131,0.108,409.262,0.011,95.223,,,,,,,,,0.88,2.16,0.33826347254921735,0.31966244725738396,1209.9328752319232
MDG,Madagascar,2021,4.246,37042695870.0,29691087.0,15.657,0.143,0.115,527.316,0.012,99.469,,,,,,,,,0.84,2.53,0.42267442021357393,0.2711886057354538,1247.6032241594928
MDG,Madagascar,2022,4.21,38602188321.0,30437261.0,16.568,0.138,0.109,544.343,0.011,103.678,,,,,,,,,0.93,2.64,0.42919846569907627,0.2541042974408498,1268.2543386870454
MWI,Malawi,1990,0.737,8210711250.0,9545860.0,3.279,0.077,0.09,343.471,0.003,19.661,,,,,,,,,,,0.3993563894967077,0.22476364745349192,860.1332148177326
MWI,Malawi,1991,0.787,8902464020.0,9844228.0,3.85,0.08,0.088,391.132,0.003,20.448,,,,,,,,,,,0.43246453918271494,0.2044155844155844,904.3333839890746
MWI,Malawi,1992,0.787,8227066430.0,10135082.0,3.897,0.078,0.096,384.537,0.003,21.235,,,,,,,,,,,0.4736803857313694,0.20195021811649988,811.7414767833156
MWI,Malawi,1993,0.879,9004543312.0,10284027.0,3.777,0.085,0.098,367.309,0.004,22.114,,,,,,,,,,,0.4194549206028629,0.23272438443208895,875.5853433679239
MWI,Malawi,1994,0.902,8059879526.0,10164899.0,4.023,0.089,0.112,395.748,0.004,23.016,,,,,,,,,,,0.49913897435096716,0.22421078796917726,792.9128981999722
MWI,Malawi,1995,0.903,9155587639.0,10150122.0,4.216,0.089,0.099,415.327,0.004,23.919,,,,,,,,,,,0.46048382323829556,0.2141840607210626,902.0174968340282
MWI,Malawi,1996,0.92,10064712785.0,10352227.0,4.267,0.089,0.091,412.159,0.004,24.838,,,,,,,,,,,0.4239564596775526,0.21560815561284274,972.2268247209031
MWI,Malawi,1997,0.918,10717042869.0,10562035.0,4.293,0.087,0.086,406.485,0.004,25.757,,,,,,,,,,,0.4005769177631905,0.2138364779874214,1014.6759472961413
MWI,Malawi,1998,0.902,10822285917.0,10792877.0,4.408,0.084,0.083,408.394,0.004,26.658,,,,,,,,,,,0.4073076643702205,0.2046279491833031,1002.7248450065724
MWI,Malawi,1999,0.893,11194866591.0,11047812.0,4.384,0.081,0.08,396.794,0.004,27.552,,,,,,,,,,,0.39160806110226204,0.20369525547445255,1013.3107434304638
MWI,Malawi,2000,0.854,11274206470.0,11315947.0,4.868,0.075,0.076,430.202,0.003,28.406,,,,,,,,,1.09,1.21,0.4317820516196383,0.17543138866064092,996.3113533493927
MWI,Malawi,2001,0.777,10808318915.0,11593057.0,4.657,0.067,0.072,401.729,0.003,29.183,,,,,,,,,1.11,1.22,0.43087181610980435,0.16684560876100493,932.3096500776284
MWI,Malawi,2002,0.856,10984271331.0,11880443.0,4.506,0.072,0.078,379.282,0.003,30.039,,,,,,,,,1.16,1.28,0.41022293279328315,0.18996893031513537,924.5674871719851
MWI,Malawi,2003,0.915,11581699921.0,12181575.0,4.794,0.075,0.079,393.577,0.003,30.954,,,,,,,,,1.21,1.31,0.4139288733692274,0.19086357947434293,950.7555403139578
MWI,Malawi,2004,0.902,12176822884.0,12500736.0,5.053,0.072,0.074,404.2,0.003,31.856,,,,,,,,,1.33,1.47,0.4149686702464482,0.17850781713833366,974.0884763905101
MWI,Malawi,2005,0.845,12535229211.0,12840034.0,4.723,0.066,0.067,367.86,0.003,32.701,,,,,,,,,1.37,1.53,0.3767781123503861,0.17891170865975015,976.2613721272078
MWI,Malawi,2006,0.851,13079496449.0,13198699.0,4.926,0.065,0.065,373.235,0.003,33.552,,,,,,,,,1.4,1.57,0.37662000362228165,0.1727568006496143,990.9686135732014
MWI,Malawi,2007,0.919,14282894527.0,13576344.0,4.865,0.068,0.064,358.312,0.003,34.472,,,,,,,,,1.43,1.58,0.34061723208858924,0.18890030832476876,1052.0427684360384
MWI,Malawi,2008,0.999,15293785292.0,13976415.0,5.619,0.071,0.065,402.037,0.003,35.47,,,,,,,,,1.58,1.7,0.3674041378715597,0.1777896422851041,1094.2566668204972
MWI,Malawi,2009,1.018,16486871191.0,14395788.0,5.132,0.071,0.062,356.468,0.003,36.488,,,,,,,,,1.55,1.67,0.3112779823743332,0.19836321122369446,1145.2565980410382
MWI,Malawi,2010,0.972,17495879385.0,14826466.0,6.237,0.066,0.056,420.676,0.003,37.46,,,,,,,,,1.8,1.92,0.35648393903236775,0.15584415584415584,1180.0438071351596
MWI,Malawi,2011,1.034,18220347468.0,15265026.0,6.213,0.068,0.057,407.037,0.003,38.494,,,,,,,,,1.85,1.97,0.34099239934429115,0.1664252374054402,1193.6008145678886
MWI,Malawi,2012,1.041,18563980884.0,15709577.0,6.194,0.066,0.056,394.273,0.003,39.535,,,,,,,,,1.92,2.05,0.3336568831170533,0.16806587019696478,1181.6983286055379
MWI,Malawi,2013,1.12,19529310978.0,16161816.0,6.322,0.069,0.057,391.172,0.003,40.655,,,,,,,,,1.92,2.05,0.32371853810520035,0.17715912685858906,1208.3611753778164
MWI,Malawi,2014,1.015,20642483934.0,16621534.0,6.462,0.061,0.049,388.758,0.003,41.67,,,,,,,,,2.05,2.17,0.31304372190192253,0.15707211389662643,1241.9120842877678
MWI,Malawi,2015,1.05,21251437245.0,17085587.0,6.182,0.061,0.049,361.836,0.003,42.72,,,,,,,,,2.04,2.17,0.290897972157365,0.1698479456486574,1243.822482950103
MWI,Malawi,2016,1.172,21733841491.0,17557741.0,6.76,0.067,0.054,385.015,0.003,43.892,,,,,,,,,2.02,2.15,0.31103567230852036,0.17337278106508874,1237.8495326363454
MWI,Malawi,2017,1.193,22603193649.0,18039714.0,7.264,0.066,0.053,402.66,0.003,45.085,,,,,,,,,1.91,1.91,0.3213705157245056,0.16423458149779735,1252.96851430128
MWI,Malawi,2018,1.69,23595927755.0,18528086.0,6.832,0.091,0.072,368.759,0.005,46.775,,,,,,,,,1.48,1.81,0.2895414866047084,0.24736533957845433,1273.5221411968835
MWI,Malawi,2019,1.695,24881432457.0,19025748.0,7.988,0.089,0.068,419.864,0.005,48.471,,,,,,,,,1.73,1.8,0.3210426093354887,0.21219328993490236,1307.776832584979
MWI,Malawi,2020,1.868,25108605204.0,19533885.0,7.862,0.096,0.074,402.502,0.005,50.339,,,,,,,,,1.74,1.75,0.31311974265888415,0.23759857542610022,1285.387172290612
MWI,Malawi,2021,1.682,26255309111.0,20047264.0,7.85,0.084,0.064,391.595,0.005,52.021,,,,,,,,,1.75,1.83,0.29898714834445206,0.21426751592356688,1309.6704423606134
MWI,Malawi,2022,1.801,26465351444.0,20568731.0,8.075,0.088,0.068,392.592,0.005,53.823,,,,,,,,,1.75,1.83,0.3051159179611308,0.2230340557275542,1286.6788643402454
MYS,Malaysia,1990,54.269,143192117242.0,17833179.0,241.548,3.043,0.379,13544.84,0.239,823.751,4.645,95.355,0.0,0.0,6.399,32.843,56.113,4.645,4.027,23.016,1.686880567536933,0.22467170086276847,8029.534007481224
MYS,Malaysia,1991,65.785,157808067102.0,18342474.0,302.51,3.586,0.417,16492.316,0.283,889.536,4.096,95.904,0.0,0.0,6.017,38.978,50.908,4.096,4.449,26.552,1.9169488959298335,0.2174638854913887,8603.423240616288
MYS,Malaysia,1992,72.961,173041788524.0,18834569.0,341.257,3.874,0.422,18118.637,0.324,962.497,3.497,96.503,0.0,0.0,5.598,37.535,53.371,3.497,4.286,31.381,1.9721074482113863,0.2138007425488708,9187.456772915803
MYS,Malaysia,1993,86.612,191754981739.0,19322667.0,343.287,4.482,0.452,17766.031,0.381,1049.109,3.937,96.063,0.0,0.0,4.653,36.654,54.755,3.937,4.853,34.877,1.7902377131836504,0.25230200968868616,9923.836173288088
MYS,Malaysia,1994,87.497,211154262265.0,19820446.0,364.533,4.415,0.414,18391.775,0.381,1136.607,4.956,95.044,0.0,0.0,4.871,35.866,54.307,4.956,6.483,39.754,1.7263823902475086,0.24002490858166475,10653.35574512299
MYS,Malaysia,1995,109.595,233787220224.0,20330602.0,398.829,5.391,0.469,19617.18,0.466,1246.202,4.343,95.657,0.0,0.0,4.877,34.035,56.745,4.343,6.218,46.575,1.7059486811035587,0.27479195344370644,11499.276815511907
MYS,Malaysia,1996,110.108,259190306939.0,20850085.0,445.21,5.281,0.425,21352.889,0.454,1356.31,3.241,96.759,0.0,0.0,4.387,36.677,55.695,3.241,5.184,53.409,1.717695407894939,0.24731699647357427,12431.139102742267
MYS,Malaysia,1997,118.471,280383835444.0,21375225.0,516.446,5.542,0.423,24160.979,0.486,1474.782,2.248,97.752,0.0,0.0,3.655,39.227,54.87,2.248,4.173,59.935,1.8419250139088272,0.22939668426127804,13117.234342281778
MYS,Malaysia,1998,109.782,261784096585.0,21906713.0,496.46,5.011,0.419,22662.439,0.452,1584.563,2.498,97.502,0.0,0.0,4.059,41.237,52.206,2.498,4.457,64.141,1.89644828114607,0.22112959755065867,11949.948702253962
MYS,Malaysia,1999,103.987,279671618438.0,22435532.0,530.459,4.635,0.372,23643.684,0.419,1688.55,3.965,96.035,0.0,0.0,4.261,43.97,47.804,3.965,7.552,68.17,1.8967208863118752,0.19603211558291972,12465.566603813986
MYS,Malaysia,2000,122.881,305803211129.0,22967817.0,612.311,5.35,0.402,26659.512,0.482,1811.431,3.472,96.528,0.0,0.0,4.729,47.059,44.741,3.472,7.56,69.9,2.002304023359986,0.2006839661544542,13314.42213811613
MYS,Malaysia,2001,130.89,309934494308.0,23526535.0,626.892,5.564,0.422,26646.164,0.509,1942.321,2.964,97.036,0.0,0.0,5.518,44.279,47.238,2.964,6.64,75.78,2.0226596636159537,0.20879194502402326,13173.826673073616
MYS,Malaysia,2002,132.035,329700338274.0,24102477.0,660.287,5.478,0.4,27394.982,0.503,2074.356,2.442,97.558,0.0,0.0,6.42,42.605,48.533,2.442,5.81,80.87,2.0026882697683597,0.1999660753581397,13679.106021924634
MYS,Malaysia,2003,153.384,350966698067.0,24679604.0,715.327,6.215,0.437,28984.545,0.555,2227.741,2.124,97.876,0.0,0.0,8.648,42.365,46.863,2.124,5.51,83.31,2.038162036283691,0.21442501121864546,14220.92097049045
MYS,Malaysia,2004,169.674,377079435469.0,25256773.0,772.928,6.718,0.45,30602.789,0.593,2397.415,2.19,97.81,0.0,0.0,9.985,42.354,45.471,2.19,6.15,96.06,2.049775000428373,0.21952109381468907,14929.834285203418
MYS,Malaysia,2005,169.978,399781035415.0,25836075.0,836.425,6.579,0.425,32374.299,0.574,2567.394,2.155,97.845,0.0,0.0,9.585,44.74,43.52,2.155,6.6,98.75,2.092207798530848,0.20321965507965448,15473.752704890352
MYS,Malaysia,2006,170.166,426608936099.0,26417909.0,845.202,6.441,0.399,31993.541,0.556,2737.56,2.242,97.758,0.0,0.0,10.049,46.043,41.666,2.242,6.94,103.99,1.9812102571706567,0.201331752646113,16148.474737307937
MYS,Malaysia,2007,175.454,458125848157.0,26998383.0,901.45,6.499,0.383,33389.027,0.557,2913.014,2.063,97.937,0.0,0.0,11.42,44.871,41.647,2.063,6.72,108.55,1.9676907636328622,0.1946353097786899,16968.64023882467
MYS,Malaysia,2008,192.847,485245105845.0,27570052.0,934.613,6.995,0.397,33899.559,0.602,3105.861,2.527,97.473,0.0,0.0,12.182,46.666,38.625,2.527,8.61,113.83,1.9260637330333834,0.2063388803708059,17600.44216982253
MYS,Malaysia,2009,192.123,483081319364.0,28124779.0,905.238,6.831,0.398,32186.479,0.61,3297.984,2.488,97.512,0.0,0.0,13.658,44.273,39.581,2.488,8.28,116.11,1.8738832650200379,0.21223479350181942,17176.35965651499
MYS,Malaysia,2010,199.346,525056610488.0,28655772.0,935.187,6.957,0.38,32635.191,0.598,3497.331,2.202,97.798,0.0,0.0,18.388,40.709,38.701,2.202,7.62,125.04,1.7811165145236723,0.21316164574571717,18322.89182395784
MYS,Malaysia,2011,203.453,557469657636.0,29162034.0,951.171,6.977,0.365,32616.752,0.59,3700.783,2.703,97.297,0.0,0.0,18.077,40.346,38.873,2.703,9.6,127.07,1.7062291856986904,0.21389739594668045,19116.28172561626
MYS,Malaysia,2012,212.994,587985572583.0,29662835.0,1040.679,7.18,0.362,35083.586,0.609,3913.777,2.877,97.123,0.002,0.0,17.765,40.437,38.922,2.877,10.76,134.08,1.7699056720530297,0.20466829829371014,19822.298596307468
MYS,Malaysia,2013,241.671,615585637854.0,30174269.0,1089.044,8.009,0.393,36091.805,0.685,4155.448,3.328,96.672,0.033,0.0,16.11,41.002,39.561,3.328,13.04,140.97,1.769118597042856,0.2219111440860057,20401.012460450987
MYS,Malaysia,2014,245.053,652563833807.0,30696133.0,1097.616,7.983,0.376,35757.457,0.691,4400.501,3.679,96.321,0.053,0.0,16.295,40.818,39.208,3.679,14.31,147.47,1.6820055650289487,0.22325931837728313,21258.828719793466
MYS,Malaysia,2015,235.942,685237676618.0,31232796.0,1114.575,7.554,0.344,35686.035,0.666,4636.443,3.849,96.151,0.062,0.0,18.188,42.113,35.849,3.849,14.94,150.11,1.626552418280618,0.21168786308682683,21939.684062163375
MYS,Malaysia,2016,237.294,715730748101.0,31789692.0,1172.303,7.464,0.332,36876.836,0.67,4873.737,4.961,95.039,0.067,0.0,18.637,38.491,37.911,4.961,21.09,156.65,1.6379106292560328,0.20241695193136927,22514.554343621825
MYS,Malaysia,2017,244.457,757336192678.0,32355642.0,1188.491,7.555,0.323,36732.113,0.68,5118.194,6.312,93.688,0.07,0.0,20.388,38.042,35.258,6.312,27.94,160.64,1.5693043743194193,0.20568687520561788,23406.61924365463
MYS,Malaysia,2018,262.647,794013962862.0,32910963.0,1210.13,7.981,0.331,36769.809,0.715,5380.841,6.332,93.668,0.13,0.0,21.475,37.053,35.14,6.332,28.31,170.58,1.5240663975707958,0.21704031798236553,24126.123652534872
MYS,Malaysia,2019,277.673,829053844392.0,33440590.0,1241.298,8.303,0.335,37119.496,0.749,5658.515,6.431,93.569,0.292,0.0,19.788,36.559,37.223,6.431,28.8,178.5,1.4972465400125199,0.22369567984480762,24791.842619762392
MYS,Malaysia,2020,262.159,783174020832.0,33889554.0,1196.895,7.736,0.335,35317.523,0.746,5920.673,7.175,92.825,0.426,0.0,24.165,36.583,32.078,7.175,30.59,174.01,1.5282618781563848,0.21903258013443117,23109.599519427138
MYS,Malaysia,2021,273.332,807389756202.0,34282404.0,1251.334,7.973,0.339,36500.762,0.741,6194.005,7.646,92.354,0.423,0.0,21.374,41.208,29.772,7.646,33.73,175.21,1.5498512216532632,0.2184324888479015,23551.141751961153
MYS,Malaysia,2022,281.884,877584198429.0,34695494.0,1355.509,8.125,0.321,39068.727,0.751,6475.889,7.833,92.167,0.508,0.0,20.364,38.476,33.328,7.833,35.76,183.63,1.5445913935398485,0.2079543551536729,25293.89546749212
MLI,Mali,1990,0.422,9628796516.0,9178826.0,2.109,0.046,0.044,229.794,0.002,9.277,,,,,,,,,,,0.2190304880257374,0.20009483167377903,1049.02266542584
MLI,Mali,1991,0.426,10269524230.0,9362885.0,2.11,0.045,0.041,225.411,0.002,9.703,,,,,,,,,,,0.20546229335884236,0.2018957345971564,1096.8333190037044
MLI,Mali,1992,0.463,9995131433.0,9553540.0,2.255,0.048,0.046,236.029,0.002,10.165,,,,,,,,,,,0.22560983966202539,0.20532150776053215,1046.2228067292333
MLI,Mali,1993,0.503,10249532964.0,9754786.0,2.259,0.052,0.049,231.615,0.002,10.668,,,,,,,,,,,0.22040028632859762,0.22266489597166889,1050.7183821357023
MLI,Mali,1994,0.548,10520791586.0,9967035.0,2.261,0.055,0.052,226.884,0.002,11.216,,,,,,,,,,,0.214907783460772,0.24237063246351173,1055.5588082112683
MLI,Mali,1995,0.595,10736646746.0,10185368.0,2.264,0.058,0.055,222.315,0.003,11.812,,,,,,,,,,,0.21086658186304455,0.2628091872791519,1054.1245781202997
MLI,Mali,1996,0.646,11389964147.0,10407274.0,2.387,0.062,0.057,229.342,0.003,12.458,,,,,,,,,,,0.20957045774623542,0.27063259321323835,1094.4233953098574
MLI,Mali,1997,0.723,11793168043.0,10646499.0,2.398,0.068,0.061,225.231,0.003,13.181,,,,,,,,,,,0.203338067536769,0.30150125104253545,1107.7038604897252
MLI,Mali,1998,0.931,12008585843.0,10919577.0,2.457,0.085,0.077,225.019,0.004,14.111,,,,,,,,,,,0.20460360879480452,0.3789173789173789,1099.7299476893656
MLI,Mali,1999,0.971,12634193722.0,11227420.0,2.457,0.086,0.077,218.85,0.004,15.082,,,,,,,,,,,0.19447224366376548,0.3951973951973952,1125.2980401552627
MLI,Mali,2000,1.066,12490372339.0,11559291.0,4.095,0.092,0.085,354.247,0.004,16.148,,,,,,,,,0.28,1.06,0.3278525162307413,0.26031746031746034,1080.5483086289635
MLI,Mali,2001,1.161,14257391001.0,11912162.0,4.138,0.098,0.081,347.357,0.005,17.31,,,,,,,,,0.28,1.07,0.29023542944917236,0.2805703238279362,1196.8768558553854
MLI,Mali,2002,1.209,14544531770.0,12288051.0,4.004,0.098,0.083,325.864,0.005,18.519,,,,,,,,,0.29,1.11,0.2752924647776406,0.30194805194805197,1183.63211301776
MLI,Mali,2003,1.246,15730792757.0,12684951.0,3.811,0.098,0.079,300.458,0.005,19.765,,,,,,,,,0.28,1.11,0.24226369636102124,0.3269483075308318,1240.1145859373048
MLI,Mali,2004,1.414,15828925288.0,13102415.0,4.016,0.108,0.089,306.472,0.005,21.179,,,,,,,,,0.3,1.26,0.2537127396162867,0.3520916334661355,1208.0921943015849
MLI,Mali,2005,1.458,16700213321.0,13538648.0,4.279,0.108,0.087,316.05,0.005,22.637,,,,,,,,,0.5,1.49,0.2562242719749747,0.3407338163122225,1233.5214949823646
MLI,Mali,2006,1.535,17320423242.0,13990143.0,5.093,0.11,0.089,364.025,0.005,24.173,,,,,,,,,0.53,1.57,0.2940459322985867,0.30139407029255844,1238.0447606575572
MLI,Mali,2007,1.784,17779653731.0,14457776.0,6.149,0.123,0.1,425.291,0.006,25.957,,,,,,,,,0.52,1.58,0.3458447556421649,0.2901284761749878,1229.7640889580805
MLI,Mali,2008,1.957,18486110807.0,14940786.0,7.292,0.131,0.106,488.064,0.006,27.914,,,,,,,,,0.62,1.81,0.3944583085177003,0.2683763027975864,1237.2917199269168
MLI,Mali,2009,1.887,19186286887.0,15435536.0,9.295,0.122,0.098,602.175,0.006,29.801,,,,,,,,,0.72,1.56,0.4844605970266184,0.20301237224314148,1242.9945346245183
MLI,Mali,2010,2.088,20054729287.0,15945201.0,9.577,0.131,0.104,600.647,0.006,31.889,,,,,,,,,1.16,2.36,0.4775432200028779,0.21802234520204658,1257.7282209863645
MLI,Mali,2011,2.279,20518694824.0,16469054.0,11.087,0.138,0.111,673.231,0.007,34.168,,,,,,,,,1.22,2.16,0.5403365123902483,0.20555605664291512,1245.8939550504845
MLI,Mali,2012,2.437,20347159384.0,16957039.0,11.098,0.144,0.12,654.481,0.007,36.605,,,,,,,,,1.32,2.31,0.5454324011796418,0.21958911515588395,1199.9240777826838
MLI,Mali,2013,2.743,20814126326.0,17459619.0,12.084,0.157,0.132,692.098,0.008,39.348,,,,,,,,,1.19,2.2,0.580567246048913,0.22699437272426348,1192.12946891911
MLI,Mali,2014,3.139,22288805151.0,18020267.0,12.978,0.174,0.141,720.216,0.009,42.487,,,,,,,,,1.46,2.51,0.5822653979016786,0.24187085837571273,1236.8743010855499
MLI,Mali,2015,3.399,23664472662.0,18593022.0,15.588,0.183,0.144,838.405,0.01,45.886,,,,,,,,,1.21,2.51,0.6587089525570092,0.2180523479599692,1272.7609670983018
MLI,Mali,2016,4.286,25049317347.0,19191298.0,19.424,0.223,0.171,1012.113,0.012,50.173,,,,,,,,,1.57,3.02,0.7754303133664555,0.22065485996705106,1305.2435195889304
MLI,Mali,2017,4.767,26378184458.0,19813016.0,21.441,0.241,0.181,1082.177,0.013,54.939,,,,,,,,,1.57,3.44,0.8128307705990491,0.22233104799216455,1331.3563395900958
MLI,Mali,2018,5.198,27630093375.0,20442031.0,22.246,0.254,0.188,1088.259,0.014,60.137,,,,,,,,,1.45,3.61,0.8051366203535315,0.23365998381731548,1351.6315171912224
MLI,Mali,2019,5.594,28946666484.0,21068405.0,24.191,0.266,0.193,1148.231,0.015,65.731,,,,,,,,,1.46,3.81,0.835709355803417,0.2312430242652226,1373.937252677647
MLI,Mali,2020,6.33,28586570096.0,21713837.0,26.535,0.292,0.221,1222.053,0.018,72.062,,,,,,,,,1.61,3.94,0.9282330797605177,0.2385528547201809,1316.5139858054567
MLI,Mali,2021,7.393,29459890071.0,22388637.0,31.056,0.33,0.251,1387.148,0.02,79.455,,,,,,,,,1.54,3.94,1.054179086383326,0.23805383822771767,1315.8411595578596
MLI,Mali,2022,7.02,30551085997.0,23072641.0,29.284,0.304,0.23,1269.189,0.019,86.474,,,,,,,,,1.86,4.34,0.9585256642881885,0.23972134954241223,1324.1260936275132
MLT,Malta,1990,2.427,4761399641.0,367913.0,8.106,6.598,0.51,22033.674,0.011,32.282,,,,,,,,,0.0,1.11,1.7024405870492232,0.2994078460399704,12941.645554791487
MLT,Malta,1991,2.272,5017928103.0,371335.0,8.54,6.118,0.453,22997.986,0.01,34.554,,,,,,,,,0.0,1.42,1.7018976407601987,0.26604215456674474,13513.210720777734
MLT,Malta,1992,2.294,5251067551.0,374805.0,8.976,6.119,0.437,23947.59,0.01,36.847,,,,,,,,,0.0,1.49,1.7093666978804403,0.2555704099821747,14010.132071343765
MLT,Malta,1993,2.886,5496706096.0,378222.0,9.475,7.629,0.525,25050.432,0.013,39.733,,,,,,,,,0.0,1.5,1.7237596179455617,0.3045910290237467,14533.015255590632
MLT,Malta,1994,2.658,5813472890.0,381467.0,10.143,6.969,0.457,26590.453,0.012,42.391,,,,,,,,,0.0,1.54,1.7447402253216666,0.26205264714581483,15239.779299388938
MLT,Malta,1995,2.452,6198303778.0,384559.0,9.842,6.377,0.396,25594.115,0.01,44.843,,,,,,,,,0.0,1.63,1.5878537665308987,0.2491363543995123,16117.95271466797
MLT,Malta,1996,2.534,6430283255.0,387627.0,10.209,6.537,0.394,26337.684,0.01,47.377,,,,,,,,,0.0,1.66,1.587643902321376,0.2482123616416887,16588.842508390797
MLT,Malta,1997,2.556,6769141339.0,390687.0,10.89,6.543,0.378,27874.633,0.01,49.933,,,,,,,,,0.0,1.69,1.608771253934073,0.23471074380165288,17326.251805153486
MLT,Malta,1998,2.525,7118691053.0,393782.0,11.406,6.412,0.355,28964.922,0.01,52.458,,,,,,,,,0.0,1.72,1.6022608531653044,0.22137471506224793,18077.746197134456
MLT,Malta,1999,2.573,7456060205.0,396897.0,12.646,6.482,0.345,31861.633,0.01,55.031,,,,,,,,,0.0,1.85,1.6960699957223588,0.20346354578522854,18785.881992053353
MLT,Malta,2000,2.468,7963752394.0,399905.0,18.515,6.172,0.31,46297.684,0.01,57.499,,,,,,,,,0.0,1.92,2.324909048396514,0.1332973264920335,19914.110586264236
MLT,Malta,2001,2.737,8019470830.0,402788.0,20.395,6.794,0.341,50635.199,0.011,60.236,,,,,,,,,0.0,1.94,2.5431852590203885,0.13419955871537143,19909.90503689286
MLT,Malta,2002,2.747,8259626928.0,405571.0,19.9,6.774,0.333,49065.758,0.01,62.983,,,,,,,,,0.0,2.05,2.409309787653886,0.13804020100502512,20365.4278239815
MLT,Malta,2003,2.961,8473515195.0,408236.0,23.127,7.253,0.349,56651.102,0.011,65.944,,,,,,,,,0.0,2.24,2.729327730909911,0.12803217019068622,20756.413434875903
MLT,Malta,2004,2.849,8512522890.0,410800.0,24.279,6.935,0.335,59101.789,0.01,68.793,,,,,,,,,0.0,2.22,2.8521509209122375,0.11734420692779768,20721.818135345668
MLT,Malta,2005,2.65,8839849182.0,413324.0,20.713,6.411,0.3,50114.059,0.009,71.443,,,,,,,,,0.0,2.24,2.343139523486047,0.12793897552261865,21387.214829044526
MLT,Malta,2006,2.655,9004655302.0,415463.0,21.168,6.391,0.295,50950.824,0.009,74.098,,,,,,,,,0.0,2.26,2.3507840433712586,0.1254251700680272,21673.783951880192
MLT,Malta,2007,2.728,9368888474.0,417201.0,23.06,6.538,0.291,55272.398,0.009,76.826,,,,,,,,,0.0,2.3,2.4613378699079176,0.11830008673026886,22456.53407829799
MLT,Malta,2008,2.721,9685986656.0,418969.0,23.882,6.495,0.281,57001.211,0.008,79.548,,,,,,,,,0.0,2.31,2.465623879959225,0.11393518130809815,23118.623707243256
MLT,Malta,2009,2.561,9450779381.0,420800.0,25.448,6.086,0.271,60474.445,0.008,82.108,,,,,,,,,0.0,2.17,2.692687975677548,0.10063659226658284,22459.076475760456
MLT,Malta,2010,2.619,9788869399.0,422654.0,30.377,6.197,0.268,71871.523,0.008,84.728,,,,,,,,,0.0,2.11,3.103218437371656,0.08621654541264773,23160.479728099108
MLT,Malta,2011,2.608,9930574943.0,424635.0,28.875,6.142,0.263,67998.922,0.008,87.336,,,,,,,,,0.0,2.17,2.907686631009598,0.09032034632034631,23386.14325950522
MLT,Malta,2012,2.749,10339580228.0,426616.0,27.507,6.444,0.266,64478.266,0.008,90.085,,,,,,,,,0.03,2.3,2.660359453037555,0.09993819754971461,24236.26921634444
MLT,Malta,2013,2.43,10905471410.0,428457.0,26.091,5.671,0.223,60896.258,0.007,92.515,,,,,,,,,0.04,2.26,2.3924687910396347,0.09313556398758192,25452.89587986659
MLT,Malta,2014,2.417,11737898948.0,434494.0,26.636,5.564,0.206,61302.926,0.007,94.932,,,,,,,,,0.08,2.25,2.269230644939098,0.09074185313110077,27015.100203915357
MLT,Malta,2015,1.697,12865695938.0,444978.0,29.116,3.815,0.132,65432.043,0.005,96.629,,,,,,,,,0.1,1.3,2.263072292420906,0.058284104959472456,28913.1056771346
MLT,Malta,2016,1.376,13300698899.0,455276.0,32.33,3.022,0.103,71012.43,0.004,98.005,,,,,,,,,0.14,0.86,2.430699337343145,0.042561088772038354,29214.583898558238
MLT,Malta,2017,1.537,14746505042.0,467902.0,36.796,3.285,0.104,78640.641,0.004,99.542,,,,,,,,,0.17,1.65,2.495235304582348,0.04177084465702794,31516.225709657152
MLT,Malta,2018,1.548,15659758064.0,484560.0,38.336,3.194,0.099,79115.156,0.004,101.09,,,,,,,,,0.2,1.97,2.4480582550077896,0.04037979966611018,32317.47990754499
MLT,Malta,2019,1.649,16757308198.0,504017.0,39.949,3.272,0.098,79261.164,0.004,102.739,,,,,,,,,0.21,2.07,2.3839747725573224,0.041277628976945605,33247.50593333162
MLT,Malta,2020,1.601,15314071319.0,518212.0,37.09,3.089,0.105,71572.867,0.005,104.34,,,,,,,,,0.25,2.15,2.421955548423158,0.0431652736586681,29551.74970668375
MLT,Malta,2021,1.611,17122043843.0,524383.0,35.434,3.073,0.094,67572.727,0.004,105.952,,,,,,,,,0.27,2.22,2.0694959272917917,0.04546480781170627,32651.790471849774
MLT,Malta,2022,1.774,18295132993.0,528194.0,37.953,3.359,0.097,71854.422,0.005,107.726,,,,,,,,,0.3,2.3,2.0744861496509155,0.0467420230284826,34637.14656546648
MRT,Mauritania,1990,0.854,2908675000.0,1951881.0,3.93,0.437,0.293,2013.312,0.004,21.5,,,,,,,,,,,1.3511306694628997,0.2173027989821883,1490.1907442103284
MRT,Mauritania,1991,0.868,3053303240.0,2009739.0,4.113,0.432,0.284,2046.636,0.004,22.368,,,,,,,,,,,1.3470656782848731,0.21103817165086308,1519.253614524075
MRT,Mauritania,1992,0.905,3186885725.0,2088143.0,13.445,0.433,0.284,6438.851,0.004,23.273,,,,,,,,,,,4.218852246419975,0.06731126812941614,1526.1817437790419
MRT,Mauritania,1993,0.927,3536022015.0,2174333.0,13.764,0.426,0.262,6330.098,0.004,24.2,,,,,,,,,,,3.8925097020358908,0.06734960767218831,1626.255966772339
MRT,Mauritania,1994,0.959,3783132604.0,2249462.0,13.722,0.427,0.254,6100.056,0.004,25.16,,,,,,,,,,,3.6271527954085956,0.06988777146188602,1681.7944041730868
MRT,Mauritania,1995,1.015,3768651979.0,2312027.0,13.924,0.439,0.269,6022.333,0.004,26.175,,,,,,,,,,,3.6946897929520914,0.07289571962079862,1630.0207475950756
MRT,Mauritania,1996,1.063,4253698601.0,2358193.0,14.089,0.451,0.25,5974.554,0.004,27.237,,,,,,,,,,,3.312176372037225,0.07544893179075875,1803.795788130997
MRT,Mauritania,1997,1.077,4166595327.0,2411316.0,14.1,0.447,0.259,5847.315,0.004,28.314,,,,,,,,,,,3.3840579402157047,0.07638297872340426,1727.9341766072966
MRT,Mauritania,1998,1.074,4371026651.0,2474650.0,14.159,0.434,0.246,5721.644,0.004,29.388,,,,,,,,,,,3.2392847563079297,0.07585281446429833,1766.3211569312832
MRT,Mauritania,1999,1.096,4762456974.0,2541700.0,14.155,0.431,0.23,5569.167,0.004,30.483,,,,,,,,,,,2.97220532957617,0.07742847050512186,1873.728990046032
MRT,Mauritania,2000,1.114,4838789905.0,2613450.0,4.982,0.426,0.23,1906.441,0.004,31.597,,,,,,,,,0.03,0.42,1.0295962622497865,0.22360497792051384,1851.495113738545
MRT,Mauritania,2001,1.172,5040767611.0,2678766.0,5.198,0.438,0.233,1940.382,0.005,32.77,,,,,,,,,0.03,0.47,1.0311921518970417,0.22547133512889572,1881.749884461726
MRT,Mauritania,2002,1.249,5178324094.0,2738659.0,5.588,0.456,0.241,2040.292,0.005,34.019,,,,,,,,,0.03,0.53,1.0791136086817512,0.2235146743020759,1890.8247043534811
MRT,Mauritania,2003,1.286,5603753283.0,2802050.0,5.842,0.459,0.23,2085.049,0.005,35.305,,,,,,,,,0.04,0.5,1.042515561440359,0.22013009243409792,1999.8762630930926
MRT,Mauritania,2004,1.385,6050710140.0,2868671.0,6.284,0.483,0.229,2190.644,0.005,36.69,,,,,,,,,0.04,0.54,1.0385557818177025,0.22040101845957988,2109.238089693799
MRT,Mauritania,2005,1.434,6728916707.0,2939060.0,6.553,0.488,0.213,2229.57,0.005,38.124,,,,,,,,,0.05,0.53,0.9738566080306811,0.2188310697390508,2289.4791896048396
MRT,Mauritania,2006,1.55,8166141817.0,3013659.0,6.376,0.514,0.19,2115.799,0.005,39.674,,,,,,,,,0.05,0.62,0.7807848728179881,0.243099121706399,2709.7099628723754
MRT,Mauritania,2007,1.758,8570478345.0,3093065.0,7.208,0.568,0.205,2330.352,0.006,41.432,,,,,,,,,0.05,0.64,0.8410265693285525,0.24389567147613764,2770.8691362774466
MRT,Mauritania,2008,1.831,8846256694.0,3183276.0,8.88,0.575,0.207,2789.692,0.006,43.262,,,,,,,,,0.06,0.72,1.0038144163307952,0.2061936936936937,2778.978855116553
MRT,Mauritania,2009,2.012,8935093258.0,3284454.0,8.727,0.613,0.225,2656.944,0.006,45.275,,,,,,,,,0.11,0.77,0.976710566751647,0.23054887131889537,2720.419667317612
MRT,Mauritania,2010,2.094,9559709837.0,3390968.0,8.657,0.617,0.219,2552.857,0.006,47.368,,,,,,,,,0.12,0.85,0.9055714187572783,0.2418851796234261,2819.168401766103
MRT,Mauritania,2011,2.227,10187328000.0,3502813.0,9.311,0.636,0.219,2658.193,0.006,49.595,,,,,,,,,0.13,0.87,0.9139786212832256,0.2391794651487488,2908.327678354511
MRT,Mauritania,2012,2.448,10792467000.0,3619035.0,10.324,0.676,0.227,2852.738,0.007,52.042,,,,,,,,,0.14,0.96,0.9565931496478053,0.23711739635800078,2982.1394377230395
MRT,Mauritania,2013,2.169,11410722000.0,3734324.0,9.237,0.581,0.19,2473.533,0.006,54.211,,,,,,,,,0.21,0.98,0.8095018001490177,0.2348164988632673,3055.6325589316834
MRT,Mauritania,2014,2.563,12165303000.0,3848511.0,11.11,0.666,0.211,2886.787,0.007,56.774,,,,,,,,,0.22,1.03,0.9132530443343664,0.2306930693069307,3161.041504103795
MRT,Mauritania,2015,3.002,12316128000.0,3965959.0,11.108,0.757,0.244,2800.819,0.008,59.776,,,,,,,,,0.32,1.16,0.901906833056623,0.27025567158804464,3105.460243033274
MRT,Mauritania,2016,2.624,12416318727.0,4086655.0,10.39,0.642,0.211,2542.395,0.007,62.4,,,,,,,,,0.29,1.16,0.8368019723435697,0.25255052935514916,3038.259585651346
MRT,Mauritania,2017,3.581,13137043588.0,4210603.0,15.744,0.851,0.273,3739.247,0.01,65.981,,,,,,,,,0.33,1.35,1.1984431576661068,0.22745172764227642,3119.9910293133785
MRT,Mauritania,2018,4.444,13699199188.0,4337685.0,17.335,1.025,0.324,3996.467,0.012,70.426,,,,,,,,,0.44,1.46,1.2654024342667292,0.2563599653879435,3158.1821151143986
MRT,Mauritania,2019,4.613,14424796068.0,4467714.0,18.027,1.033,0.32,4034.871,0.012,75.039,,,,,,,,,0.47,1.57,1.2497230404519297,0.2558939368724691,3228.674903541274
MRT,Mauritania,2020,4.782,14289417678.0,4600136.0,18.518,1.039,0.335,4025.454,0.014,79.821,,,,,,,,,0.47,1.63,1.2959240479414587,0.2582352305864564,3106.3033088586944
MRT,Mauritania,2021,4.5,14638845766.0,4734874.0,17.576,0.95,0.307,3711.977,0.012,84.32,,,,,,,,,0.45,1.58,1.2006411079773651,0.2560309512972235,3091.7075651854725
MRT,Mauritania,2022,5.267,15674544913.0,4875644.0,20.279,1.08,0.336,4159.303,0.014,89.588,,,,,,,,,0.45,1.64,1.293753669567861,0.25972681098673506,3214.866572087708
MUS,Mauritius,1990,1.462,12196699680.0,1089033.0,7.773,1.342,0.12,7137.557,0.006,20.068,,,,,,,,,,,0.6373035496435213,0.18808696770873537,11199.568497924305
MUS,Mauritius,1991,1.521,12478462632.0,1103050.0,7.895,1.379,0.122,7157.837,0.007,21.588,,,,,,,,,,,0.6326901183927831,0.19265357821405954,11312.689934273152
MUS,Mauritius,1992,1.707,13020302423.0,1117676.0,9.392,1.528,0.131,8403.564,0.008,23.296,,,,,,,,,,,0.7213350116514418,0.1817504258943782,11649.44261395968
MUS,Mauritius,1993,1.773,13435064889.0,1132397.0,9.484,1.566,0.132,8374.746,0.008,25.069,,,,,,,,,,,0.7059139705209057,0.18694643610291017,11864.271001247796
MUS,Mauritius,1994,1.623,13759079701.0,1146559.0,9.507,1.416,0.118,8291.994,0.007,26.692,,,,,,,,,,,0.6909619107235085,0.1707163142947302,12000.32418828861
MUS,Mauritius,1995,1.828,14115290935.0,1159824.0,10.073,1.576,0.13,8684.609,0.008,28.521,,,,,,,,,,,0.7136232647549039,0.18147523081505013,12170.200767530247
MUS,Mauritius,1996,1.949,14579957121.0,1172390.0,10.156,1.663,0.134,8662.659,0.008,30.47,,,,,,,,,,,0.6965726933018187,0.19190626230799526,12436.098159315587
MUS,Mauritius,1997,1.997,15156261651.0,1184304.0,10.288,1.686,0.132,8686.618,0.008,32.467,,,,,,,,,,,0.6787953544811761,0.19410964230171074,12797.610791654846
MUS,Mauritius,1998,2.169,15794127997.0,1195111.0,10.555,1.815,0.137,8832.188,0.009,34.636,,,,,,,,,,,0.6682863404681069,0.20549502605400286,13215.615952827813
MUS,Mauritius,1999,2.426,15922518933.0,1205903.0,11.811,2.011,0.152,9794.299,0.01,37.061,,,,,,,,,,,0.7417796172640293,0.2054017441368216,13203.814015720998
MUS,Mauritius,2000,2.689,16933370565.0,1216632.0,15.943,2.211,0.159,13104.263,0.011,39.751,,,,,,,,,0.52,1.77,0.9415136779060974,0.16866336323151226,13918.235394926322
MUS,Mauritius,2001,2.862,17203931989.0,1225807.0,16.344,2.334,0.166,13332.863,0.011,42.612,,,,,,,,,0.55,1.92,0.950015380812373,0.17511013215859028,14034.780343887742
MUS,Mauritius,2002,2.884,17186721600.0,1234090.0,16.009,2.337,0.168,12971.968,0.011,45.496,,,,,,,,,0.54,1.96,0.9314749125860048,0.18014866637516397,13926.635496600735
MUS,Mauritius,2003,3.059,17869390349.0,1242094.0,16.287,2.463,0.171,13112.625,0.011,48.555,,,,,,,,,0.57,2.09,0.9114468754616155,0.1878185055565789,14386.504039951888
MUS,Mauritius,2004,3.089,18313509621.0,1249799.0,16.788,2.471,0.169,13432.692,0.011,51.644,,,,,,,,,0.59,2.16,0.9167003129072154,0.18400047653085538,14653.163925559229
MUS,Mauritius,2005,3.294,18306765429.0,1257215.0,18.029,2.62,0.18,14340.227,0.011,54.938,,,,,,,,,0.56,2.26,0.984827170584707,0.18270564091186423,14561.364149330067
MUS,Mauritius,2006,3.627,18846649433.0,1263785.0,18.908,2.87,0.192,14961.199,0.012,58.565,,,,,,,,,0.53,2.36,1.003255250606645,0.19182356674423526,14912.860520579054
MUS,Mauritius,2007,3.686,19573401107.0,1269522.0,19.62,2.903,0.188,15454.462,0.012,62.251,,,,,,,,,0.55,2.46,1.0023807253908128,0.18786952089704384,15417.929824768693
MUS,Mauritius,2008,3.767,20249055784.0,1274635.0,20.067,2.955,0.186,15743.598,0.012,66.018,,,,,,,,,0.6,2.56,0.9910091716896818,0.18772113420042857,15886.160182326705
MUS,Mauritius,2009,3.708,20448211941.0,1278976.0,19.326,2.899,0.181,15110.805,0.012,69.726,,,,,,,,,0.61,2.57,0.9451193119360284,0.19186588016144054,15987.95594366118
MUS,Mauritius,2010,3.913,20850923367.0,1282710.0,20.876,3.051,0.188,16275.126,0.012,73.639,,,,,,,,,0.65,2.69,1.0012026629496749,0.1874401226288561,16255.368218069556
MUS,Mauritius,2011,3.917,21190874379.0,1286270.0,21.487,3.045,0.185,16704.727,0.011,77.556,,,,,,,,,0.54,2.73,1.0139742049197111,0.18229627216456462,16474.67046498791
MUS,Mauritius,2012,3.964,21931705213.0,1289174.0,21.634,3.075,0.181,16781.137,0.011,81.52,,,,,,,,,0.57,2.79,0.986425806378998,0.18323010076731072,17012.214963224513
MUS,Mauritius,2013,4.067,22668609990.0,1290988.0,21.896,3.15,0.179,16960.322,0.012,85.587,,,,,,,,,0.58,2.86,0.9659171872319993,0.18574168797953963,17559.11750535249
MUS,Mauritius,2014,4.206,23536142578.0,1292006.0,22.541,3.256,0.179,17446.719,0.012,89.794,,,,,,,,,0.6,2.94,0.9577185354523561,0.18659331884122266,18216.744022860574
MUS,Mauritius,2015,4.21,24404852680.0,1292283.0,23.337,3.258,0.173,18058.996,0.012,94.004,,,,,,,,,0.68,2.99,0.9562442480599314,0.18040022282212795,18885.068270649695
MUS,Mauritius,2016,4.342,25347373765.0,1291807.0,24.28,3.361,0.171,18795.404,0.012,98.345,,,,,,,,,0.67,3.05,0.9578901634979697,0.17883031301482702,19621.641441020216
MUS,Mauritius,2017,4.54,26345551590.0,1290654.0,26.671,3.517,0.172,20664.514,0.013,102.885,,,,,,,,,0.62,3.11,1.0123530687481803,0.17022233886993363,20412.559516338228
MUS,Mauritius,2018,4.455,27401224769.0,1288836.0,25.131,3.457,0.163,19499.125,0.012,107.341,,,,,,,,,0.64,3.12,0.9171487848394139,0.17727109943893996,21260.44335276172
MUS,Mauritius,2019,4.525,28193387492.0,1286269.0,25.921,3.518,0.161,20152.344,0.012,111.866,,,,,,,,,0.7,3.23,0.9193999836789815,0.17456888237336524,21918.733555733677
MUS,Mauritius,2020,3.8,24077716198.0,1283231.0,21.876,2.961,0.158,17047.527,0.011,115.665,,,,,,,,,0.7,2.9,0.9085579304991191,0.17370634485280673,18763.352972301946
MUS,Mauritius,2021,3.968,24920195118.0,1279628.0,21.587,3.101,0.159,16870.012,0.011,119.633,,,,,,,,,0.64,2.99,0.8662452239151044,0.18381433270023625,19474.562230585765
MUS,Mauritius,2022,4.317,26988574640.0,1276134.0,21.504,3.383,0.16,16850.51,0.012,123.95,,,,,,,,,0.61,3.12,0.796781611731682,0.20075334821428573,21148.699619318973
MEX,Mexico,1990,316.746,823577476195.0,82820170.0,1319.072,3.825,0.385,15926.936,1.393,7404.857,6.385,92.995,0.0,0.0,2.982,20.378,69.635,7.005,29.607,117.592,1.6016368078619974,0.24012790810509207,9944.165487646307
MEX,Mexico,1991,329.831,865148747123.0,84430565.0,1357.68,3.907,0.381,16080.432,1.421,7734.688,5.984,93.146,0.0,0.0,2.801,20.84,69.505,6.854,28.461,128.571,1.569302393969688,0.24293721642802427,10246.866725610565
MEX,Mexico,1992,332.453,902108311201.0,86044806.0,1384.109,3.864,0.369,16085.911,1.476,8067.142,6.836,92.375,0.001,0.0,2.78,20.453,69.143,7.625,33.183,132.276,1.5343046758512846,0.2401927882847377,10484.169273401581
MEX,Mexico,1993,337.722,925343285645.0,87653817.0,1385.386,3.853,0.365,15805.196,1.485,8404.863,6.828,92.18,0.001,0.0,3.133,20.497,68.55,7.82,33.16,134.643,1.497158969532407,0.2437746591924561,10556.793957358412
MEX,Mexico,1994,351.534,972991932169.0,89259202.0,1464.644,3.938,0.361,16408.885,1.53,8756.397,5.181,94.013,0.001,0.001,3.578,20.586,69.85,5.987,26.5,146.128,1.50529922353519,0.24001327284992122,10900.746481791311
MEX,Mexico,1995,330.905,916478942218.0,90862449.0,1439.337,3.642,0.361,15840.837,1.407,9087.303,6.739,91.627,0.001,0.001,4.059,21.38,66.188,8.373,34.025,150.356,1.5705074428841916,0.22990098913597024,10086.443325096818
MEX,Mexico,1996,341.544,971219776949.0,92452700.0,1476.888,3.694,0.352,15974.521,1.409,9428.847,7.227,91.287,0.001,0.001,4.537,21.243,65.508,8.713,37.533,156.591,1.520652724597013,0.23125924240700715,10505.045033287292
MEX,Mexico,1997,362.466,1045710706219.0,94021204.0,1512.699,3.855,0.347,16088.914,1.487,9791.312,6.075,92.0,0.001,0.002,4.431,20.835,66.734,8.0,32.263,166.748,1.4465750336146985,0.23961541588908303,11122.073125323943
MEX,Mexico,1998,381.102,1105636637948.0,95575242.0,1574.172,3.987,0.345,16470.494,1.569,10172.414,5.574,92.787,0.001,0.003,4.351,21.313,67.123,7.213,30.754,181.059,1.4237697503599154,0.2420967975545239,11568.232680467605
MEX,Mexico,1999,386.036,1156619631372.0,97115710.0,1597.302,3.975,0.334,16447.414,1.554,10558.45,6.9,91.356,0.001,0.003,4.367,21.22,65.768,8.644,38.796,189.979,1.3810088958158662,0.24168003295557133,11909.70679586238
MEX,Mexico,2000,391.435,1241194674661.0,98625553.0,1696.177,3.969,0.315,17198.152,1.534,10949.886,6.665,91.985,0.001,0.003,4.504,21.233,66.248,8.015,39.46,203.62,1.3665680611007025,0.2307748542752319,12584.919799243104
MEX,Mexico,2001,407.485,1251502726420.0,100099101.0,1680.273,4.071,0.326,16786.094,1.586,11357.37,5.91,92.653,0.001,0.003,4.991,21.588,66.074,7.347,34.72,210.22,1.3426043463816684,0.24251118717018008,12502.637025880982
MEX,Mexico,2002,410.301,1275458026881.0,101548627.0,1721.102,4.04,0.322,16948.551,1.562,11767.671,5.125,93.321,0.001,0.003,8.156,23.908,61.256,6.679,30.96,215.73,1.3493991677709505,0.23839435431485176,12560.071608658973
MEX,Mexico,2003,435.969,1306677417369.0,102978517.0,1741.966,4.234,0.334,16915.814,1.577,12203.64,4.41,93.945,0.001,0.003,5.938,25.581,62.427,6.055,26.83,224.9,1.3331262764971137,0.2502741155682717,12688.835064200817
MEX,Mexico,2004,438.588,1373060298988.0,104394131.0,1843.897,4.201,0.319,17662.844,1.533,12642.229,4.989,93.658,0.001,0.003,5.741,26.079,61.837,6.342,32.47,235.39,1.3429104325272716,0.2378592730505012,13152.657968751137
MEX,Mexico,2005,463.436,1427140428046.0,105811504.0,2020.163,4.38,0.325,19092.096,1.566,13105.664,5.005,93.556,0.001,0.003,6.614,26.129,60.812,6.444,35.88,247.97,1.4155320389640629,0.22940525096242234,13487.573412112166
MEX,Mexico,2006,474.523,1510732401129.0,107253666.0,2049.435,4.424,0.314,19108.301,1.551,13580.187,5.178,93.402,0.001,0.006,6.998,28.487,57.918,6.598,38.0,256.25,1.3565837328096075,0.23153844840163265,14085.601522739558
MEX,Mexico,2007,473.595,1572479287017.0,108774356.0,2068.578,4.354,0.301,19017.145,1.504,14053.781,4.846,93.813,0.001,0.032,6.368,27.605,59.841,6.187,35.85,263.26,1.3154882338222091,0.22894713179778572,14456.341961859098
MEX,Mexico,2008,472.981,1607479004533.0,110374286.0,2153.625,4.285,0.294,19512.02,1.476,14526.763,6.043,92.754,0.002,0.031,5.469,27.915,59.369,7.246,47.39,269.29,1.339753112747911,0.2196208717859423,14563.890402271776
MEX,Mexico,2009,460.29,1543820957956.0,111999720.0,2117.244,4.11,0.298,18904.01,1.461,14987.053,4.559,94.138,0.003,0.074,5.662,30.812,57.664,5.862,34.9,267.76,1.37143105169605,0.2174005452371101,13784.150156411106
MEX,Mexico,2010,456.409,1638271507559.0,113623898.0,2125.454,4.017,0.279,18706.043,1.37,15443.462,5.953,93.326,0.004,0.152,6.982,31.131,55.212,6.674,46.47,275.57,1.2973759173574928,0.21473482841783448,14418.370927205824
MEX,Mexico,2011,483.302,1716088331953.0,115243503.0,2221.887,4.194,0.282,19279.93,1.402,15926.764,5.602,93.219,0.005,0.193,7.725,31.925,53.57,6.781,45.93,292.15,1.294739296707049,0.21751871269781045,14890.97682107945
MEX,Mexico,2012,501.492,1774999946047.0,116818208.0,2241.891,4.293,0.283,19191.277,1.435,16428.256,5.194,93.797,0.008,0.425,6.669,32.906,54.222,6.203,43.06,296.39,1.2630372214899421,0.22369151756262906,15194.548661857576
MEX,Mexico,2013,495.412,1803059285337.0,118343572.0,2242.857,4.186,0.275,18952.084,1.404,16923.668,4.834,93.819,0.012,0.478,6.618,34.734,52.466,6.181,40.12,297.12,1.2439175007941017,0.22088434527925765,15235.802459444101
MEX,Mexico,2014,484.045,1854551091374.0,119784265.0,2230.574,4.041,0.261,18621.592,1.365,17407.711,6.426,92.467,0.025,0.735,6.647,35.429,50.391,7.533,53.64,303.33,1.2027568344571258,0.21700468130624673,15482.42660564808
MEX,Mexico,2015,479.434,1916008739051.0,121072310.0,2205.421,3.96,0.25,18215.734,1.354,17887.146,5.862,92.807,0.023,1.006,6.706,36.692,49.409,7.193,48.24,310.36,1.1510495516280088,0.21738887949284966,15825.325700409945
MEX,Mexico,2016,478.828,1961906742138.0,122251344.0,2276.179,3.917,0.244,18618.848,1.353,18365.975,5.731,93.1,0.028,1.148,6.365,37.545,49.19,6.9,48.98,320.35,1.1601871542168818,0.21036482631638373,16048.140478013886
MEX,Mexico,2017,464.407,2007719438156.0,123400052.0,2329.706,3.763,0.231,18879.297,1.291,18830.381,5.77,93.06,0.128,1.142,7.6,38.562,46.898,6.94,50.78,329.09,1.1603742812490425,0.19934146196987945,16270.004798344817
MEX,Mexico,2018,468.421,2051539127317.0,124573713.0,2284.338,3.76,0.228,18337.242,1.275,19298.801,6.343,92.178,0.351,1.357,6.913,40.446,44.819,7.822,55.24,349.29,1.1134752291989936,0.20505765784222826,16468.475394299276
MEX,Mexico,2019,468.236,2047701179708.0,125762978.0,2260.167,3.723,0.229,17971.641,1.263,19767.035,6.641,92.13,1.094,1.836,6.672,42.255,43.204,7.87,57.5,344.57,1.1037582155040304,0.20716876230827191,16282.225598283781
MEX,Mexico,2020,428.937,1880176557054.0,126799053.0,2070.562,3.383,0.228,16329.474,1.22,20195.973,8.668,89.994,1.895,2.358,3.223,46.104,40.667,10.006,69.37,325.73,1.1012593430290982,0.20715969867118203,14828.001570753057
MEX,Mexico,2021,446.838,1973141022977.0,127648151.0,2198.545,3.501,0.226,17223.479,1.212,20642.812,9.538,89.121,2.272,2.371,2.518,42.899,43.703,10.879,82.09,328.59,1.1142361211886007,0.20324259908257505,15457.654556837255
MEX,Mexico,2022,453.799,2033437602787.0,128613116.0,2296.863,3.528,0.223,17858.697,1.209,21096.609,9.243,89.592,2.185,2.205,2.965,40.796,45.83,10.408,83.13,340.15,1.1295468308700267,0.1975733859616355,15810.499473374084
MDA,Moldova,1990,36.505,43214990000.0,4451150.0,,8.201,0.845,,0.161,1116.457,,,,,,,,,,,,,9708.724711591387
MDA,Moldova,1991,29.618,35018363780.0,4456609.0,,6.646,0.846,,0.128,1146.075,,,,,,,,,,,,,7857.625333521518
MDA,Moldova,1992,20.978,24417045830.0,4455714.0,61.751,4.708,0.859,13858.922,0.093,1167.053,,,,,,,,,,,2.5290119218324785,0.33971919483085294,5479.940101631299
MDA,Moldova,1993,15.846,23693282988.0,4448241.0,45.643,3.562,0.669,10260.907,0.07,1182.899,,,,,,,,,,,1.9264109588830274,0.3471726223079114,5326.438695205588
MDA,Moldova,1994,12.427,16084200840.0,4434457.0,31.89,2.802,0.773,7191.396,0.054,1195.326,,,,,,,,,,,1.982690984602254,0.3896832862966447,3627.0959082476165
MDA,Moldova,1995,11.405,15569831884.0,4414216.0,32.543,2.584,0.733,7372.288,0.048,1206.731,,,,,,,,,,,2.090131752382125,0.35045939218879635,3527.202086168869
MDA,Moldova,1996,11.687,14391438093.0,4387653.0,37.217,2.664,0.812,8482.272,0.048,1218.418,,,,,,,,,,,2.586051495305557,0.31402316145847325,3279.9854712758734
MDA,Moldova,1997,7.301,14366532241.0,4355537.0,40.988,1.676,0.508,9410.57,0.03,1225.719,,,,,,,,,,,2.853019734506716,0.1781253049673075,3298.4525768005187
MDA,Moldova,1998,6.444,13191426007.0,4318713.0,38.059,1.492,0.488,8812.478,0.027,1232.163,,,,,,,,,,,2.885131598343051,0.16931606190388607,3054.4808156967133
MDA,Moldova,1999,4.685,12519934662.0,4278220.0,30.986,1.095,0.374,7242.805,0.019,1236.848,,,,,,,,,,,2.47493304370409,0.15119731491641386,2926.435447919929
MDA,Moldova,2000,3.573,12554043876.0,4234969.0,32.155,0.844,0.285,7592.804,0.014,1240.421,,,,,,,,,0.39,5.45,2.5613260808711864,0.11111802208054734,2964.3768055917294
MDA,Moldova,2001,3.787,13087722618.0,4189769.0,32.133,0.904,0.289,7669.354,0.015,1244.207,,,,,,,,,0.36,5.85,2.4552017900964964,0.11785391964646935,3123.7336993996564
MDA,Moldova,2002,4.052,13857813762.0,4142937.0,34.809,0.978,0.292,8401.969,0.015,1248.259,,,,,,,,,0.35,5.64,2.5118680765829735,0.1164066764342555,3344.925052444679
MDA,Moldova,2003,4.404,14513550202.0,4095418.0,38.719,1.075,0.303,9454.323,0.016,1252.663,,,,,,,,,0.36,5.77,2.667782827847623,0.11374260698881686,3543.8507624862714
MDA,Moldova,2004,4.613,15302841155.0,4046672.0,36.128,1.14,0.301,8927.952,0.016,1257.277,,,,,,,,,0.35,5.8,2.3608687846959486,0.12768489813994685,3781.58673472918
MDA,Moldova,2005,4.938,16157452511.0,3988668.0,39.598,1.238,0.306,9927.586,0.017,1262.214,,,,,,,,,0.36,5.97,2.450757628595329,0.1247032678418102,4050.8391550763313
MDA,Moldova,2006,5.03,16628252777.0,3921320.0,41.943,1.283,0.302,10696.137,0.016,1267.244,,,,,,,,,0.37,6.08,2.522393697190787,0.11992465965715375,4240.473304142482
MDA,Moldova,2007,4.979,16819758019.0,3851397.0,36.432,1.293,0.296,9459.463,0.016,1272.223,,,,,,,,,0.35,5.87,2.1660240271498283,0.1366655687307861,4367.183652840775
MDA,Moldova,2008,5.19,17815141666.0,3779503.0,37.597,1.373,0.291,9947.718,0.016,1277.413,,,,,,,,,0.38,6.01,2.1103957916738576,0.13804292895709763,4713.620194507055
MDA,Moldova,2009,4.54,16449234621.0,3706212.0,33.878,1.225,0.276,9140.857,0.014,1281.953,,,,,,,,,0.35,6.19,2.059548713394207,0.13401027215301967,4438.287561801645
MDA,Moldova,2010,4.831,17299250407.0,3631990.0,31.974,1.33,0.279,8803.365,0.014,1286.783,,,,,,,,,0.4,6.11,1.8482881771028636,0.15109151185338088,4763.022587341926
MDA,Moldova,2011,4.945,18145357193.0,3557278.0,32.458,1.39,0.273,9124.393,0.014,1291.728,,,,,,,,,0.35,5.78,1.7887771320655754,0.1523507301743792,5100.910638133989
MDA,Moldova,2012,4.766,18038303680.0,3482629.0,44.792,1.368,0.264,12861.652,0.014,1296.494,,,,,,,,,0.27,5.81,2.4831603234212762,0.10640292909448115,5179.507688013854
MDA,Moldova,2013,4.899,19669685322.0,3408741.0,43.975,1.437,0.249,12900.738,0.014,1301.394,,,,,,,,,0.31,4.51,2.2356737934599886,0.11140420693575895,5770.366631551063
MDA,Moldova,2014,4.755,20653170404.0,3342715.0,42.028,1.423,0.23,12572.957,0.013,1306.149,,,,,,,,,0.33,5.37,2.034941811735608,0.11313885980774721,6178.561559690252
MDA,Moldova,2015,4.785,20583362405.0,3287168.0,37.609,1.456,0.232,11441.152,0.014,1310.934,,,,,,,,,0.27,6.04,1.8271553140833892,0.1272301842644048,6261.731193842237
MDA,Moldova,2016,4.907,21490882450.0,3237798.0,37.653,1.516,0.228,11629.28,0.014,1315.841,,,,,,,,,0.24,5.85,1.7520453191069407,0.13032162111916712,6637.499451787912
MDA,Moldova,2017,5.09,22393497127.0,3193500.0,38.101,1.594,0.227,11930.71,0.014,1320.931,,,,,,,,,0.31,4.96,1.701431437167594,0.13359229416550747,7012.211406607171
MDA,Moldova,2018,5.351,23311634910.0,3153779.0,40.699,1.697,0.23,12904.734,0.015,1326.283,,,,,,,,,0.32,5.38,1.7458663949194457,0.13147743187793312,7391.651383942883
MDA,Moldova,2019,5.378,24150849841.0,3112561.0,41.273,1.728,0.223,13260.26,0.015,1331.661,,,,,,,,,0.37,5.69,1.7089667763960985,0.1303031037239842,7759.157118848434
MDA,Moldova,2020,5.113,22146328756.0,3069135.0,39.901,1.666,0.231,13000.607,0.015,1336.774,,,,,,,,,0.36,6.18,1.8016981703655877,0.12814215182576877,7215.820990604845
MDA,Moldova,2021,5.76,25234640526.0,3023780.0,43.855,1.905,0.228,14503.401,0.016,1342.534,,,,,,,,,0.44,6.66,1.7378888339944802,0.13134192224375785,8345.395672304203
MDA,Moldova,2022,5.173,23827554273.0,3039986.0,38.37,1.702,0.217,12621.712,0.014,1347.708,,,,,,,,,0.51,5.33,1.6103205373234069,0.13481886890800104,7838.047370283942
MNG,Mongolia,1990,9.791,4502883000.0,2164578.0,24.313,4.523,2.174,11231.988,0.043,161.926,,,,,,,,,,,5.3994296542903735,0.4027063710772015,2080.259062043502
MNG,Mongolia,1991,11.96,4287970064.0,2202772.0,24.205,5.429,2.789,10988.608,0.052,173.885,,,,,,,,,,,5.644862169914626,0.4941127866143359,1946.6245548790341
MNG,Mongolia,1992,10.943,4068637517.0,2239130.0,21.814,4.887,2.69,9742.031,0.049,184.828,,,,,,,,,,,5.361499988351015,0.5016503163106262,1817.0617681867511
MNG,Mongolia,1993,9.193,4139237763.0,2273515.0,20.178,4.044,2.221,8875.222,0.04,194.021,,,,,,,,,,,4.874810570286151,0.45559520269600556,1820.633584119744
MNG,Mongolia,1994,7.865,4442844414.0,2305743.0,19.439,3.411,1.77,8430.774,0.034,201.886,,,,,,,,,,,4.375350156027318,0.404599002006276,1926.8601982094276
MNG,Mongolia,1995,7.837,4952892782.0,2335717.0,18.761,3.355,1.582,8032.041,0.033,209.723,,,,,,,,,,,3.787887367193163,0.41772826608389746,2120.5020907926773
MNG,Mongolia,1996,7.935,5318281056.0,2363469.0,19.033,3.358,1.492,8053.048,0.033,217.658,,,,,,,,,,,3.5787879203050528,0.4169074764882047,2250.201316793239
MNG,Mongolia,1997,7.615,5799570113.0,2389133.0,15.437,3.187,1.313,6461.444,0.031,225.273,,,,,,,,,,,2.661749008844166,0.4932953294033815,2427.4789695676213
MNG,Mongolia,1998,7.622,6297035099.0,2412793.0,16.326,3.159,1.21,6766.343,0.031,232.895,,,,,,,,,,,2.592648721712326,0.4668626730368737,2609.8530205450697
MNG,Mongolia,1999,7.488,6816929799.0,2434041.0,16.393,3.076,1.098,6735.087,0.03,240.382,,,,,,,,,,,2.4047482493372234,0.45678033306899285,2800.6635052573065
MNG,Mongolia,2000,7.432,7225650413.0,2455182.0,16.994,3.027,1.029,6921.876,0.029,247.814,,,,,,,,,0.0,2.9,2.3518990026732145,0.4373308226432859,2943.0202783337445
MNG,Mongolia,2001,7.804,7799420655.0,2477704.0,16.86,3.15,1.001,6804.768,0.03,255.618,,,,,,,,,0.0,2.97,2.161699021733301,0.462870699881376,3147.841975877667
MNG,Mongolia,2002,8.197,8569503317.0,2500074.0,17.972,3.279,0.956,7188.687,0.031,263.815,,,,,,,,,0.0,3.09,2.097204392738553,0.45609837525038943,3427.69986688394
MNG,Mongolia,2003,7.935,9616040556.0,2521809.0,17.832,3.146,0.825,7071.168,0.029,271.749,,,,,,,,,0.0,3.11,1.8544014967650684,0.4449865410497981,3813.1518112592985
MNG,Mongolia,2004,8.501,11156311740.0,2542801.0,19.701,3.343,0.762,7747.934,0.03,280.251,,,,,,,,,0.0,3.28,1.7659061936539253,0.43150093903862746,4387.4104737256275
MNG,Mongolia,2005,8.515,12547451302.0,2563466.0,20.354,3.322,0.679,7940.083,0.029,288.766,,,,,,,,,0.0,3.4,1.622162103689988,0.4183452883954014,4894.7211712579765
MNG,Mongolia,2006,9.281,14288905306.0,2584761.0,21.479,3.591,0.65,8309.95,0.03,298.047,,,,,,,,,0.0,3.53,1.5031942293704497,0.4320964663159365,5528.1340541736745
MNG,Mongolia,2007,11.958,16520107221.0,2607976.0,23.825,4.585,0.724,9135.48,0.038,310.005,,,,,,,,,0.0,3.71,1.4421819229910433,0.501909758656873,6334.455233100304
MNG,Mongolia,2008,11.918,18865759800.0,2634431.0,25.123,4.524,0.632,9536.326,0.037,321.922,,,,,,,,,0.01,4.0,1.3316717835027243,0.47438602077777337,7161.227528828806
MNG,Mongolia,2009,13.03,19534582355.0,2665333.0,26.633,4.889,0.667,9992.191,0.041,334.952,,,,,,,,,0.03,4.04,1.363376985286973,0.48924266886944767,7329.133866199833
MNG,Mongolia,2010,13.772,21791068014.0,2701739.0,33.081,5.098,0.632,12244.189,0.041,348.725,,,,,,,,,0.05,4.32,1.5180990660369018,0.41631147788760914,8065.5711058692195
MNG,Mongolia,2011,21.368,26811268000.0,2745183.0,35.164,7.784,0.797,12809.284,0.062,370.093,,,,,,,,,0.06,4.54,1.3115381189729631,0.6076669320896372,9766.659636169974
MNG,Mongolia,2012,34.996,30114910000.0,2795463.0,41.81,12.519,1.162,14956.306,0.1,405.089,,,,,,,,,0.06,4.81,1.3883488278729705,0.8370246352547237,10772.780752240327
MNG,Mongolia,2013,43.478,33619040000.0,2851887.0,47.489,15.245,1.293,16651.838,0.123,448.567,,,,,,,,,0.12,5.02,1.4125626430736868,0.9155383351934132,11788.349257877328
MNG,Mongolia,2014,29.63,36271699000.0,2913041.0,48.975,10.171,0.817,16812.264,0.084,478.197,,,,,,,,,0.21,5.38,1.3502262466392876,0.6050025523226136,12451.489354252137
MNG,Mongolia,2015,23.279,37107214000.0,2976528.0,46.823,7.821,0.627,15730.632,0.066,501.475,,,,,,,,,0.22,5.51,1.2618301120639237,0.49717019413536084,12466.610090682836
MNG,Mongolia,2016,25.629,37322351698.0,3040815.0,47.328,8.428,0.687,15564.2,0.072,527.104,,,,,,,,,0.25,5.67,1.2680872947922028,0.5415187626774848,12273.798865764606
MNG,Mongolia,2017,34.139,39053686549.0,3104371.0,52.029,10.997,0.874,16759.918,0.095,561.243,,,,,,,,,0.25,6.03,1.3322429864519985,0.6561532991216437,12580.225285251021
MNG,Mongolia,2018,45.319,41646694213.0,3167714.0,56.915,14.307,1.088,17967.139,0.123,606.563,,,,,,,,,0.44,6.57,1.3666150717488161,0.796257577088641,13147.239369778963
MNG,Mongolia,2019,47.119,43979841080.0,3232118.0,62.505,14.578,1.071,19338.586,0.127,653.682,,,,,,,,,0.69,6.94,1.4212193237875157,0.7538436925045996,13607.12730166411
MNG,Mongolia,2020,42.478,41975349786.0,3290786.0,62.5,12.908,1.012,18992.549,0.121,696.159,,,,,,,,,0.68,6.64,1.488969128753885,0.679648,12755.417637609982
MNG,Mongolia,2021,35.972,42662390805.0,3339676.0,60.842,10.771,0.843,18217.949,0.098,732.131,,,,,,,,,0.83,7.44,1.4261272950710808,0.5912363170178495,12774.410093973187
MNG,Mongolia,2022,40.443,44809463232.0,3386015.0,52.86,11.944,0.903,15611.406,0.108,772.574,,,,,,,,,0.76,7.75,1.1796615310100576,0.7650964812712826,13233.687160866091
MAR,Morocco,1990,22.298,102154759492.0,24375558.0,82.756,0.915,0.218,3395.03,0.098,401.341,4.106,95.894,0.0,0.0,15.443,0.61,79.841,4.106,1.22,9.628,0.8101042027951799,0.26944269901880225,4190.868553327066
MAR,Morocco,1991,23.688,109740063063.0,24799016.0,83.804,0.955,0.216,3379.32,0.102,425.029,4.074,95.926,0.0,0.0,16.613,0.385,78.927,4.074,1.226,9.205,0.7636591201144971,0.28265953892415635,4425.17812251099
MAR,Morocco,1992,24.737,107664067531.0,25212469.0,93.779,0.981,0.23,3719.561,0.11,449.766,2.861,97.139,0.0,0.0,13.754,0.226,83.159,2.861,0.964,9.719,0.8710334111517565,0.2637797374678766,4270.270695464216
MAR,Morocco,1993,26.782,107072637645.0,25614586.0,94.766,1.046,0.25,3699.685,0.118,476.548,1.3,98.7,0.0,0.0,14.85,0.219,83.632,1.3,0.443,9.91,0.8850627208250652,0.2826119072241099,4180.143206101398
MAR,Morocco,1994,28.124,118651280111.0,26000824.0,104.454,1.082,0.237,4017.35,0.122,504.672,2.237,97.763,0.0,0.0,15.03,0.194,82.539,2.237,0.84,11.47,0.8803444842928096,0.26924770712466733,4563.3661498958645
MAR,Morocco,1995,28.75,112285412713.0,26399431.0,102.452,1.089,0.256,3880.835,0.122,533.422,1.658,98.342,0.0,0.0,18.557,0.125,79.659,1.658,0.611,12.092,0.9124248424135549,0.28061921680396673,4253.327002123644
MAR,Morocco,1996,29.525,126007526018.0,26808109.0,107.114,1.101,0.234,3995.566,0.122,562.946,5.092,94.908,0.0,0.0,22.767,0.152,71.989,5.092,1.957,12.538,0.8500603367508296,0.27564090595066937,4700.351151884678
MAR,Morocco,1997,29.978,123891488018.0,27213340.0,111.354,1.102,0.242,4091.882,0.123,592.924,5.214,94.786,0.0,0.0,20.864,0.27,73.652,5.214,2.083,13.593,0.8988026682173803,0.26921349929055083,4552.601335154009
MAR,Morocco,1998,30.881,132709015459.0,27621638.0,114.212,1.118,0.233,4134.863,0.127,623.805,4.334,95.666,0.0,0.0,24.252,0.289,71.125,4.334,1.777,12.968,0.8606197522073051,0.2703831471298988,4804.530978901396
MAR,Morocco,1999,31.989,134068868267.0,28027188.0,118.492,1.141,0.239,4227.753,0.129,655.795,1.936,98.064,0.0,0.0,22.318,0.324,75.422,1.936,0.825,12.895,0.8838144271048932,0.26996759274887755,4783.529059961349
MAR,Morocco,2000,33.199,136639290851.0,28423439.0,117.463,1.168,0.243,4132.624,0.13,688.994,1.851,98.149,0.0,0.152,26.616,0.377,71.156,1.851,0.77,13.7,0.859657564587985,0.28263368039297476,4807.275110200423
MAR,Morocco,2001,36.809,146692867628.0,28814646.0,126.905,1.277,0.251,4404.2,0.143,725.803,2.328,97.672,0.0,0.449,31.324,0.345,66.003,2.328,1.07,15.6,0.8651068184297803,0.2900516134116071,5090.913406605793
MAR,Morocco,2002,37.31,151385794465.0,29198146.0,130.092,1.278,0.246,4455.488,0.142,763.112,2.185,97.815,0.0,0.409,30.385,0.431,66.999,2.185,1.03,15.1,0.8593408678783064,0.2867970359437936,5184.774213575068
MAR,Morocco,2003,36.57,160559931983.0,29571415.0,130.45,1.237,0.228,4411.36,0.132,799.682,3.443,96.557,0.0,0.425,29.241,0.412,66.905,3.443,1.64,16.34,0.8124692031746249,0.28033729398236873,5429.565409129053
MAR,Morocco,2004,42.226,168466885680.0,29953021.0,148.563,1.41,0.251,4959.868,0.148,841.908,3.273,96.727,0.0,0.364,28.397,0.464,67.866,3.273,1.79,17.47,0.8818528306043059,0.2842295861015192,5624.370432618466
MAR,Morocco,2005,44.661,174390745088.0,30358145.0,161.334,1.471,0.256,5314.354,0.151,886.568,1.954,98.046,0.0,0.344,27.399,2.792,67.855,1.954,1.64,19.26,0.9251293692138801,0.27682323626761873,5744.446674459194
MAR,Morocco,2006,46.249,188101125607.0,30771179.0,164.665,1.503,0.246,5351.266,0.151,932.818,1.895,98.105,0.0,0.298,27.296,3.394,67.414,1.895,1.78,19.87,0.8754067763742938,0.28086721525521513,6112.89952871159
MAR,Morocco,2007,48.913,195286744421.0,31186468.0,163.228,1.568,0.25,5233.948,0.155,981.731,1.927,98.073,0.0,0.455,23.061,3.863,71.15,1.927,1.61,19.69,0.8358375807019056,0.2996605974465165,6261.906427524912
MAR,Morocco,2008,51.372,207385199268.0,31606769.0,180.131,1.625,0.248,5699.121,0.16,1033.103,1.78,98.22,0.0,0.437,23.686,3.457,71.077,1.78,1.67,20.35,0.8685817533546359,0.28519244327739257,6561.417247931922
MAR,Morocco,2009,50.86,216763299753.0,32030779.0,175.79,1.588,0.235,5488.149,0.161,1083.963,4.431,95.569,0.0,0.586,17.953,3.897,73.718,4.431,3.34,20.93,0.8109767668249711,0.289322487058422,6767.343989760599
MAR,Morocco,2010,54.365,225643836837.0,32467009.0,194.956,1.674,0.241,6004.753,0.163,1138.328,5.532,94.468,0.0,0.883,16.688,3.799,73.981,5.532,4.29,22.85,0.8639987811447817,0.27885779355341717,6949.942227108139
MAR,Morocco,2011,54.868,238103276789.0,32912585.0,204.747,1.667,0.23,6220.948,0.159,1193.196,3.421,96.579,0.0,0.878,16.949,4.572,75.058,3.421,2.83,24.36,0.8599083673318813,0.26797950641523444,7234.414336917018
MAR,Morocco,2012,56.954,245270189355.0,33355246.0,208.422,1.707,0.232,6248.547,0.163,1250.149,2.923,97.077,0.0,0.902,16.906,6.005,74.166,2.923,2.55,26.51,0.8497649084387237,0.27326289931005365,7353.271786842765
MAR,Morocco,2013,56.606,256393198875.0,33787573.0,213.979,1.675,0.221,6333.073,0.16,1306.755,4.796,95.204,0.0,1.457,16.362,5.678,73.163,4.796,4.35,26.94,0.8345736194988608,0.26453997822216196,7588.387567079766
MAR,Morocco,2014,57.175,263251716082.0,34204784.0,217.025,1.672,0.217,6344.875,0.161,1363.93,4.187,95.813,0.0,2.262,21.693,5.424,68.696,4.187,3.96,28.08,0.8244010836092673,0.2634489114157355,7696.342011164286
MAR,Morocco,2015,58.499,274689990243.0,34607590.0,220.859,1.69,0.213,6381.802,0.165,1422.429,5.072,94.928,0.007,2.897,23.483,5.347,66.099,5.072,4.81,29.91,0.804030026010852,0.2648703471445583,7937.275905169935
MAR,Morocco,2016,58.457,276121131010.0,35023459.0,223.324,1.669,0.212,6376.418,0.165,1480.887,5.258,94.742,0.453,3.387,22.383,5.381,66.978,5.258,5.09,30.87,0.8087899654152586,0.2617587003635973,7883.890937499919
MAR,Morocco,2017,61.104,290087315215.0,35446395.0,233.801,1.724,0.211,6595.896,0.17,1541.99,4.972,95.028,0.445,3.256,22.219,5.098,67.712,4.972,5.06,31.94,0.805967678478864,0.26135046471144263,8183.831253220532
MAR,Morocco,2018,62.315,298981397583.0,35839760.0,241.814,1.739,0.208,6747.087,0.17,1604.305,6.699,93.301,0.982,3.968,24.873,4.45,63.978,6.699,6.85,34.56,0.8087927943171455,0.25769806545526724,8342.17075066909
MAR,Morocco,2019,68.743,307624970074.0,36210907.0,263.841,1.898,0.223,7286.229,0.185,1673.049,7.11,92.89,1.491,4.429,29.505,3.856,59.53,7.11,7.99,40.38,0.8576709489367276,0.2605470719107341,8495.367709900223
MAR,Morocco,2020,64.542,285515953096.0,36584208.0,242.404,1.764,0.226,6625.93,0.184,1737.591,7.142,92.858,1.555,4.699,33.082,3.26,56.517,7.142,7.44,38.8,0.8490033476990887,0.2662579825415422,7804.349710016956
MAR,Morocco,2021,70.275,308157391278.0,36954443.0,268.88,1.902,0.228,7275.982,0.191,1807.866,7.126,92.874,1.675,4.699,32.115,2.951,57.808,7.126,8.18,41.3,0.872541135180605,0.26136194584944955,8338.845515219915
MAR,Morocco,2022,69.779,311654947615.0,37329068.0,266.764,1.869,0.224,7146.277,0.186,1877.645,6.616,93.384,1.339,4.953,32.505,0.838,60.041,6.616,7.53,41.41,0.85595945786025,0.2615757748421826,8348.854239141465
MOZ,Mozambique,1990,1.025,22495834078.0,13094535.0,4.889,0.078,0.046,373.336,0.005,84.865,,,,,,,,,,,0.21732912783088318,0.20965432603804457,1717.9559318448498
MOZ,Mozambique,1991,0.941,22102096456.0,13352091.0,4.949,0.071,0.043,370.63,0.004,85.807,,,,,,,,,,,0.2239154104612781,0.19013942210547585,1655.3284767157443
MOZ,Mozambique,1992,1.027,19279761969.0,13613314.0,4.88,0.075,0.053,358.488,0.005,86.834,,,,,,,,,,,0.2531151581563387,0.2104508196721311,1416.2430962071396
MOZ,Mozambique,1993,1.14,19284149798.0,14051203.0,5.28,0.081,0.059,375.801,0.005,87.974,,,,,,,,,,,0.2737999888668983,0.2159090909090909,1372.419841774402
MOZ,Mozambique,1994,1.098,18783666165.0,15033852.0,5.041,0.073,0.058,335.322,0.005,89.072,,,,,,,,,,,0.268371464639475,0.21781392580837136,1249.4247093160157
MOZ,Mozambique,1995,1.131,17625138412.0,15960530.0,5.328,0.071,0.064,333.823,0.005,90.203,,,,,,,,,,,0.30229549836456626,0.21227477477477477,1104.295309240984
MOZ,Mozambique,1996,1.092,20572895284.0,16492484.0,5.458,0.066,0.053,330.946,0.005,91.295,,,,,,,,,,,0.2653005289073147,0.20007328691828508,1247.4103527400723
MOZ,Mozambique,1997,1.17,20995038319.0,16949988.0,5.64,0.069,0.056,332.735,0.005,92.465,,,,,,,,,,,0.26863489907974764,0.2074468085106383,1238.64620547224
MOZ,Mozambique,1998,1.112,21637918333.0,17340463.0,6.438,0.064,0.051,371.276,0.005,93.577,,,,,,,,,,,0.297533242381334,0.17272444858651756,1247.8281769639023
MOZ,Mozambique,1999,1.168,21504902826.0,17734499.0,7.608,0.066,0.054,429.019,0.005,94.746,,,,,,,,,,,0.3537797897324942,0.15352260778128285,1212.6027820690058
MOZ,Mozambique,2000,1.322,20141918616.0,18129652.0,10.224,0.073,0.066,563.938,0.005,96.068,,,,,,,,,9.56,9.57,0.5075981188742581,0.12930359937402192,1110.9931186765195
MOZ,Mozambique,2001,1.554,20943673338.0,18537735.0,13.693,0.084,0.074,738.629,0.006,97.621,,,,,,,,,11.72,11.76,0.6538012591685888,0.1134886438326152,1129.7859926253127
MOZ,Mozambique,2002,1.537,21025370393.0,18958338.0,13.028,0.081,0.073,687.184,0.006,99.159,,,,,,,,,12.55,12.58,0.6196323658743927,0.11797666564322996,1109.0302532321134
MOZ,Mozambique,2003,1.856,20673806269.0,19392477.0,17.187,0.096,0.09,886.254,0.007,101.014,,,,,,,,,10.76,10.79,0.8313418330601074,0.10798859603188457,1066.0735226861427
MOZ,Mozambique,2004,1.864,20561725686.0,19840312.0,17.855,0.094,0.091,899.958,0.007,102.878,,,,,,,,,11.55,11.6,0.8683609670056562,0.10439652758331,1036.361005109194
MOZ,Mozambique,2005,1.77,20658231192.0,20304577.0,18.773,0.087,0.086,924.565,0.006,104.648,,,,,,,,,13.13,13.15,0.9087418872178145,0.09428434453736749,1017.4174616885641
MOZ,Mozambique,2006,1.916,20951970966.0,20787088.0,20.317,0.092,0.091,977.409,0.006,106.563,,,,,,,,,14.57,14.59,0.9696939745177002,0.09430526160358321,1007.9319896081645
MOZ,Mozambique,2007,2.189,20803537606.0,21287638.0,23.302,0.103,0.105,1094.61,0.007,108.752,,,,,,,,,15.9,15.91,1.1200979584010469,0.09394043429748519,977.2590836991873
MOZ,Mozambique,2008,2.18,20553356220.0,21819037.0,22.102,0.1,0.106,1012.976,0.007,110.932,,,,,,,,,14.96,14.97,1.0753474889173111,0.09863360781829698,941.9919045923062
MOZ,Mozambique,2009,2.439,20249940482.0,22391751.0,23.234,0.109,0.12,1037.629,0.008,113.371,,,,,,,,,16.78,16.79,1.1473613969706482,0.10497546698803478,904.3482344011418
MOZ,Mozambique,2010,2.638,20039610112.0,22999234.0,23.722,0.115,0.132,1031.445,0.008,116.009,,,,,,,,,16.65,16.67,1.1837555654735485,0.1112047888036422,871.3164147988581
MOZ,Mozambique,2011,3.107,19919625683.0,23649045.0,30.45,0.131,0.156,1287.581,0.009,119.115,,,,,,,,,16.48,16.59,1.5286431825868563,0.10203612479474548,842.3014833368536
MOZ,Mozambique,2012,3.052,21365393250.0,24337849.0,38.986,0.125,0.143,1601.851,0.009,122.167,,,,,,,,,14.86,14.97,1.8247265352815352,0.07828451238906274,877.866949129317
MOZ,Mozambique,2013,3.579,22853277292.0,25051613.0,44.294,0.143,0.157,1768.1,0.01,125.746,,,,,,,,,14.66,14.87,1.9381902837850535,0.08080101142366912,912.2477379799856
MOZ,Mozambique,2014,8.118,24544192952.0,25788473.0,49.134,0.315,0.331,1905.264,0.023,133.864,,,,,,,,,16.18,16.4,2.001858447580216,0.16522163878373428,951.7505341242966
MOZ,Mozambique,2015,6.731,26194296097.0,26547576.0,52.854,0.254,0.257,1990.914,0.019,140.595,,,,,,,,,17.09,18.38,2.0177675248182485,0.12735081545389185,986.6925740037433
MOZ,Mozambique,2016,8.548,27195969056.0,27337107.0,58.414,0.313,0.314,2136.813,0.024,149.143,,,,,,,,,15.6,18.86,2.147891839401569,0.14633478275755812,994.8371294738686
MOZ,Mozambique,2017,6.905,28213368238.0,28166397.0,61.81,0.245,0.245,2194.465,0.019,156.048,,,,,,,,,14.2,17.64,2.190805418147465,0.11171331499757321,1001.6676338830274
MOZ,Mozambique,2018,7.01,29185036688.0,29018647.0,47.17,0.242,0.24,1625.51,0.019,163.058,,,,,,,,,14.02,17.14,1.6162391880560791,0.1486114055543778,1005.7338885579331
MOZ,Mozambique,2019,7.097,29860675429.0,29884378.0,49.31,0.237,0.238,1650.032,0.019,170.155,,,,,,,,,15.07,18.99,1.651335721365206,0.14392618130196716,999.2068574758357
MOZ,Mozambique,2020,6.34,29502646219.0,30783685.0,45.507,0.206,0.215,1478.296,0.018,176.496,,,,,,,,,15.88,19.02,1.5424718061626972,0.13931922561364185,958.3857884135704
MOZ,Mozambique,2021,7.722,30189464161.0,31707798.0,52.496,0.244,0.256,1655.612,0.021,184.218,,,,,,,,,15.65,18.86,1.7388847884162353,0.14709692167022248,952.1148129239375
MOZ,Mozambique,2022,9.296,31441725629.0,32656242.0,56.217,0.285,0.296,1721.49,0.025,193.514,,,,,,,,,16.37,19.56,1.787974383573551,0.1653592329722326,962.809058954181
MMR,Myanmar,1990,4.236,49171474105.0,39817253.0,22.704,0.106,0.086,570.204,0.019,198.965,,,,,,,,,,,0.46173112385278975,0.18657505285412262,1234.9288411483333
MMR,Myanmar,1991,4.137,48063924892.0,40394159.0,22.348,0.102,0.086,553.259,0.018,203.103,,,,,,,,,,,0.4649641087409346,0.18511723644173972,1189.8731421045304
MMR,Myanmar,1992,4.842,51891171124.0,40950342.0,22.962,0.118,0.093,560.732,0.022,207.944,,,,,,,,,,,0.44250302127754304,0.210870133263653,1267.1730830477557
MMR,Myanmar,1993,5.303,54198379043.0,41502423.0,24.387,0.128,0.098,587.599,0.023,213.247,,,,,,,,,,,0.44995810632365596,0.21745192110550704,1305.9087909879381
MMR,Myanmar,1994,6.174,57338246186.0,42055150.0,29.29,0.147,0.108,696.462,0.027,219.421,,,,,,,,,,,0.5108283205068033,0.21078866507340388,1363.4060557624928
MMR,Myanmar,1995,6.893,60452844316.0,42605343.0,31.244,0.162,0.114,733.341,0.029,226.314,,,,,,,,,,,0.5168325883341551,0.22061835872487517,1418.9028900905691
MMR,Myanmar,1996,7.188,63378625652.0,43154858.0,31.53,0.167,0.113,730.628,0.03,233.502,,,,,,,,,,,0.4974863319555909,0.22797335870599428,1468.632468956334
MMR,Myanmar,1997,7.42,65935166316.0,43708802.0,33.795,0.17,0.113,773.189,0.03,240.922,,,,,,,,,,,0.5125489460060589,0.21955910637668294,1508.5100322813698
MMR,Myanmar,1998,8.046,68698886620.0,44257793.0,39.262,0.182,0.117,887.116,0.033,248.968,,,,,,,,,,,0.5715085342965345,0.20493097651673373,1552.2438414405347
MMR,Myanmar,1999,8.934,75075477916.0,44787727.0,39.644,0.199,0.119,885.161,0.036,257.901,,,,,,,,,,,0.5280552465394445,0.2253556654222581,1676.2511282610972
MMR,Myanmar,2000,10.219,84093543935.0,45290850.0,44.323,0.226,0.122,978.62,0.04,268.121,,,,,,,,,1.87,5.1,0.5270678095604986,0.23055749836428038,1856.7446611180847
MMR,Myanmar,2001,8.856,92175090616.0,45771140.0,40.692,0.193,0.096,889.03,0.034,276.977,,,,,,,,,1.8,4.67,0.4414641713727437,0.21763491595399587,2013.825537576735
MMR,Myanmar,2002,9.328,101591501239.0,46232656.0,46.993,0.202,0.092,1016.454,0.036,286.305,,,,,,,,,2.11,5.07,0.46256822103107026,0.1984976485859596,2197.3970355283072
MMR,Myanmar,2003,9.997,113781428684.0,46667191.0,53.485,0.214,0.088,1146.096,0.036,296.302,,,,,,,,,2.08,5.42,0.47006792425274835,0.18691221837898475,2438.1460774872867
MMR,Myanmar,2004,12.565,127115611447.0,47068779.0,56.257,0.267,0.099,1195.207,0.044,308.867,,,,,,,,,2.41,5.61,0.442565624785245,0.22334998311321258,2700.635413699599
MMR,Myanmar,2005,11.548,142039114248.0,47438362.0,72.704,0.243,0.081,1532.599,0.039,320.415,,,,,,,,,3.0,6.02,0.5118590071820567,0.15883582746478872,2994.182519371137
MMR,Myanmar,2006,12.817,158028614076.0,47785141.0,67.762,0.268,0.081,1418.06,0.042,333.232,,,,,,,,,3.33,6.18,0.4287957620599743,0.18914730970160268,3307.0659784387785
MMR,Myanmar,2007,12.845,174123352808.0,48125047.0,73.117,0.267,0.074,1519.31,0.041,346.077,,,,,,,,,3.62,6.4,0.41991495581080196,0.1756773390593159,3618.144057251518
MMR,Myanmar,2008,9.772,177512910900.0,48390790.0,65.763,0.202,0.055,1358.99,0.03,355.849,,,,,,,,,4.07,6.62,0.37046882768457834,0.14859419430378784,3668.3201679493145
MMR,Myanmar,2009,10.211,183291522878.0,48660458.0,57.912,0.21,0.056,1190.134,0.032,366.06,,,,,,,,,5.26,6.97,0.31595569228014214,0.17631924298936316,3766.7447124727023
MMR,Myanmar,2010,13.125,189724140707.0,49024376.0,60.237,0.268,0.069,1228.715,0.039,379.185,,,,,,,,,6.19,8.62,0.3174978143294208,0.21788933711838238,3869.9960343605394
MMR,Myanmar,2011,15.122,197359087812.0,49419825.0,61.274,0.306,0.077,1239.859,0.044,394.307,,,,,,,,,7.52,10.43,0.31046961495063397,0.2467930933185364,3993.520572199517
MMR,Myanmar,2012,11.826,210159799971.0,49837451.0,75.687,0.237,0.056,1518.668,0.034,406.133,,,,,,,,,7.96,11.16,0.3601402361938109,0.15624876134607,4216.905073475768
MMR,Myanmar,2013,12.715,226760324221.0,50262658.0,87.861,0.253,0.056,1748.04,0.036,418.847,,,,,,,,,9.04,12.46,0.38746196144247397,0.14471722379667884,4511.506817267801
MMR,Myanmar,2014,15.849,245354667120.0,50681635.0,105.416,0.313,0.065,2079.958,0.045,434.697,,,,,,,,,9.06,14.39,0.42964742116946286,0.15034719587159445,4841.096131172564
MMR,Myanmar,2015,21.88,263690038660.0,51089060.0,96.812,0.428,0.083,1894.966,0.062,456.577,,,,,,,,,9.64,16.2,0.36714318254861605,0.2260050406974342,5161.37972904571
MMR,Myanmar,2016,21.144,280587266112.0,51495701.0,113.376,0.411,0.075,2201.666,0.06,477.721,,,,,,,,,10.0,18.12,0.40406680449548454,0.18649449618966976,5448.751267838844
MMR,Myanmar,2017,23.633,296721043920.0,51894939.0,148.843,0.455,0.08,2868.16,0.066,501.354,,,,,,,,,11.22,21.04,0.5016260324297392,0.15877804129183098,5717.726037215305
MMR,Myanmar,2018,34.017,315726037240.0,52272250.0,155.306,0.651,0.108,2971.108,0.093,535.371,,,,,,,,,12.59,21.64,0.4919011474557093,0.21903210436171172,6040.031512705116
MMR,Myanmar,2019,33.617,337037542855.0,52640718.0,151.756,0.639,0.1,2882.869,0.091,568.988,,,,,,,,,10.87,19.32,0.45026437919792317,0.22152007169403518,6402.601553706011
MMR,Myanmar,2020,34.588,347785669977.0,53016525.0,157.114,0.652,0.099,2963.495,0.098,603.576,,,,,,,,,9.14,18.78,0.45175524342446416,0.22014588133457236,6559.948430739284
MMR,Myanmar,2021,29.285,285399881185.0,53387103.0,147.305,0.549,0.103,2759.185,0.079,632.861,,,,,,,,,9.86,19.98,0.5161354636462337,0.1988052000950409,5345.858178238291
MMR,Myanmar,2022,31.639,291025085135.0,53756791.0,134.017,0.589,0.109,2493.025,0.084,664.499,,,,,,,,,9.5,23.25,0.4604998223360454,0.23608198959833454,5413.736194465179
NAM,Namibia,1990,,7363138831.0,1369309.0,10.159,,,7418.709,,,,,,,,,,,,,1.37971050569208,,5377.2660743484485
NAM,Namibia,1991,1.044,7919428821.0,1415689.0,5.397,0.738,0.132,3812.35,0.004,1.044,,,,,,,,,,,0.6814885419121062,0.1934408004446915,5594.045599704455
NAM,Namibia,1992,1.14,8581727967.0,1461324.0,5.022,0.78,0.133,3436.283,0.005,2.184,,,,,,,,,,,0.5851968297423893,0.2270011947431302,5872.570331425474
NAM,Namibia,1993,1.374,8429492929.0,1508698.0,6.315,0.911,0.163,4185.706,0.006,3.558,,,,,,,,,,,0.7491553825585989,0.21757719714964371,5587.263275353981
NAM,Namibia,1994,1.557,9059011736.0,1556315.0,6.02,1.001,0.172,3868.406,0.007,5.115,,,,,,,,,,,0.6645316482014104,0.2586378737541528,5820.808599801454
NAM,Namibia,1995,1.619,9444539646.0,1602181.0,7.201,1.011,0.171,4494.408,0.007,6.734,,,,,,,,,,,0.7624511378963615,0.2248298847382308,5894.801926873431
NAM,Namibia,1996,1.718,9761025681.0,1646107.0,7.474,1.044,0.176,4540.366,0.007,8.453,,,,,,,,,,,0.7656982210945583,0.22986352689322986,5929.763788745203
NAM,Namibia,1997,1.814,10187928589.0,1689274.0,7.673,1.074,0.178,4542.339,0.007,10.267,,,,,,,,,,,0.7531462291838803,0.2364133976280464,6030.950922704073
NAM,Namibia,1998,1.865,10539117428.0,1732747.0,7.8,1.076,0.177,4501.538,0.008,12.132,,,,,,,,,,,0.7400999232893262,0.2391025641025641,6082.317515482641
NAM,Namibia,1999,1.74,10909782994.0,1776371.0,10.749,0.98,0.16,6051.055,0.007,13.872,,,,,,,,,,,0.9852624938471806,0.16187552330449345,6141.612869158526
NAM,Namibia,2000,1.718,11306497296.0,1818650.0,10.106,0.945,0.152,5556.684,0.007,15.59,,,,,,,,,1.4,1.44,0.8938223514700073,0.16999802097763705,6216.972642344596
NAM,Namibia,2001,2.231,11455708939.0,1857059.0,11.982,1.202,0.195,6452.129,0.009,17.822,,,,,,,,,1.21,1.21,1.045941378556528,0.18619596060757804,6168.7372016721065
NAM,Namibia,2002,1.971,12021866961.0,1889976.0,10.869,1.043,0.164,5751.055,0.008,19.793,,,,,,,,,1.42,1.43,0.9041025021537834,0.18134142975434722,6360.856942627843
NAM,Namibia,2003,2.092,12213390181.0,1917469.0,11.524,1.091,0.171,6010.251,0.008,21.885,,,,,,,,,1.42,1.43,0.943554560135771,0.18153418951752864,6369.537229024302
NAM,Namibia,2004,2.239,13656396271.0,1942087.0,12.226,1.153,0.164,6295.237,0.008,24.124,,,,,,,,,1.37,1.38,0.8952581455154818,0.1831343039424178,7031.814883164348
NAM,Namibia,2005,2.532,14023333339.0,1966581.0,13.201,1.287,0.181,6712.8,0.009,26.656,,,,,,,,,1.66,1.69,0.9413596383170165,0.19180365123854254,7130.819091102782
NAM,Namibia,2006,2.524,15035738461.0,1991890.0,13.188,1.267,0.168,6620.794,0.008,29.18,,,,,,,,,1.51,1.61,0.8771102286866255,0.1913861085835608,7548.478310047241
NAM,Namibia,2007,2.327,15866803390.0,2018607.0,13.794,1.153,0.147,6833.511,0.007,31.507,,,,,,,,,1.54,1.57,0.8693622565899835,0.16869653472524285,7860.273639197724
NAM,Namibia,2008,2.858,16311345821.0,2047059.0,14.811,1.396,0.175,7235.075,0.009,34.365,,,,,,,,,1.39,1.57,0.9080182691566515,0.19296468840726488,7968.1854900127455
NAM,Namibia,2009,2.66,16383138236.0,2077400.0,15.364,1.28,0.162,7396.02,0.008,37.025,,,,,,,,,1.42,1.5,0.9377934665923428,0.1731319968758136,7886.366725714835
NAM,Namibia,2010,2.788,17398594185.0,2109815.0,16.248,1.322,0.16,7701.005,0.008,39.813,,,,,,,,,1.26,1.31,0.9338685543920572,0.17159034958148695,8246.5022691563
NAM,Namibia,2011,2.786,18309342330.0,2146331.0,16.789,1.298,0.152,7822.107,0.008,42.599,,,,,,,,,1.41,1.45,0.9169635750646867,0.16594198582405145,8530.53062645044
NAM,Namibia,2012,3.194,19236166518.0,2194656.0,17.287,1.455,0.166,7876.92,0.009,45.793,,,,,,,,,1.62,1.67,0.8986717797344865,0.1847631167929658,8765.003042845894
NAM,Namibia,2013,3.004,20316276333.0,2252505.0,18.234,1.334,0.148,8094.935,0.009,48.796,,,,,,,,,1.29,1.35,0.8975069890333333,0.16474717560601074,9019.414533153089
NAM,Namibia,2014,3.099,21554146363.0,2312143.0,19.172,1.34,0.144,8291.814,0.009,51.896,,,,,,,,,1.52,1.53,0.8894808301436976,0.16164197788441478,9322.151079323381
NAM,Namibia,2015,3.394,22473214767.0,2374305.0,20.23,1.429,0.151,8520.548,0.01,55.289,,,,,,,,,1.54,1.58,0.9001827379724076,0.16777063766683145,9465.176027090032
NAM,Namibia,2016,3.582,22480856444.0,2439219.0,20.519,1.469,0.159,8412.105,0.01,58.871,,,,,,,,,1.42,1.48,0.912732130606901,0.17456991081436718,9216.415764226173
NAM,Namibia,2017,3.59,22249978012.0,2506854.0,20.711,1.432,0.161,8261.7,0.01,62.461,,,,,,,,,1.7,1.77,0.9308323805457251,0.17333783979527786,8875.65770164517
NAM,Namibia,2018,3.635,22485828408.0,2577327.0,20.866,1.41,0.162,8095.821,0.01,66.096,,,,,,,,,1.39,1.41,0.9279622534420969,0.1742068436691268,8724.476330710073
NAM,Namibia,2019,3.73,22297166631.0,2650499.0,20.359,1.407,0.167,7681.067,0.01,69.826,,,,,,,,,1.33,1.38,0.9130756538229685,0.18321135615698217,8412.441065248468
NAM,Namibia,2020,3.44,20505368156.0,2728760.0,19.077,1.261,0.168,6990.977,0.01,73.267,,,,,,,,,1.93,2.0,0.9303417453842666,0.18032185354091315,7514.537062988317
NAM,Namibia,2021,3.608,21049990407.0,2810552.0,19.108,1.284,0.171,6798.687,0.01,76.874,,,,,,,,,1.47,1.51,0.907743881614587,0.1888214360477287,7489.628516746888
NAM,Namibia,2022,3.414,21858730428.0,2889668.0,17.98,1.181,0.156,6222.074,0.009,80.288,,,,,,,,,1.3,1.32,0.8225546336839613,0.18987764182424915,7564.443537458283
NPL,Nepal,1990,0.721,24523435000.0,19524579.0,3.748,0.037,0.029,191.964,0.003,12.971,,,,,,,,,,,0.15283340200913942,0.1923692636072572,1256.0288751936725
NPL,Nepal,1991,1.026,26059005352.0,20036507.0,4.468,0.051,0.039,222.974,0.004,13.997,,,,,,,,,,,0.1714570429549064,0.229632945389436,1300.5762607224901
NPL,Nepal,1992,1.233,27087697622.0,20609708.0,4.981,0.06,0.046,241.669,0.005,15.23,,,,,,,,,,,0.18388421450609177,0.2475406544870508,1314.3173897466183
NPL,Nepal,1993,1.397,28089918800.0,21180158.0,5.063,0.066,0.05,239.042,0.006,16.627,,,,,,,,,,,0.18024260006048862,0.27592336559352165,1326.2374529972817
NPL,Nepal,1994,1.619,30349286375.0,21717483.0,5.777,0.075,0.053,265.987,0.007,18.247,,,,,,,,,,,0.19035043950024344,0.2802492643240436,1397.4587375065516
NPL,Nepal,1995,2.309,31356698922.0,22245443.0,6.137,0.104,0.074,275.88,0.01,20.556,,,,,,,,,,,0.1957157548779554,0.37624246374450054,1409.57853354505
NPL,Nepal,1996,2.353,32961840342.0,22741867.0,7.221,0.103,0.071,317.513,0.01,22.909,,,,,,,,,,,0.219071505870957,0.3258551447167982,1449.390251996461
NPL,Nepal,1997,2.641,34660347793.0,23219458.0,8.261,0.114,0.076,355.763,0.011,25.55,,,,,,,,,,,0.23834152067188402,0.3196949521849655,1492.728546592259
NPL,Nepal,1998,2.223,35610081787.0,23680358.0,10.369,0.094,0.062,437.883,0.009,27.773,,,,,,,,,,,0.2911815834072406,0.2143890442665638,1503.781394985667
NPL,Nepal,1999,3.191,37151145536.0,24125201.0,11.444,0.132,0.086,474.374,0.013,30.964,,,,,,,,,,,0.3080389537089939,0.27883607130373994,1539.9310263155942
NPL,Nepal,2000,3.037,39381724035.0,24546509.0,11.497,0.124,0.077,468.388,0.012,34.001,,,,,,,,,1.62,1.65,0.29193744767959345,0.26415586674784725,1604.371686214117
NPL,Nepal,2001,3.236,41523111510.0,24946755.0,11.929,0.13,0.078,478.171,0.013,37.238,,,,,,,,,1.83,1.85,0.2872857925670417,0.27127169083745495,1664.4694474291346
NPL,Nepal,2002,2.596,41501458057.0,25328989.0,12.096,0.103,0.063,477.54,0.01,39.834,,,,,,,,,2.1,2.1,0.29145963940319397,0.21461640211640212,1638.4964301970363
NPL,Nepal,2003,2.81,43073954586.0,25688762.0,12.812,0.109,0.065,498.735,0.01,42.644,,,,,,,,,2.26,2.26,0.29744192570988565,0.21932563221979395,1676.7625697960843
NPL,Nepal,2004,2.582,45033771388.0,26016652.0,12.574,0.099,0.057,483.319,0.009,45.227,,,,,,,,,2.38,2.39,0.2792126800055336,0.2053443613806267,1730.95951731222
NPL,Nepal,2005,2.987,46375899545.0,26309462.0,13.026,0.114,0.064,495.115,0.01,48.213,,,,,,,,,2.49,2.51,0.2808786487766229,0.2293106095501305,1762.708015276025
NPL,Nepal,2006,2.456,48016624917.0,26565430.0,12.433,0.092,0.051,468.016,0.008,50.67,,,,,,,,,2.71,2.72,0.25893115189772886,0.19753880801093862,1807.4853264938681
NPL,Nepal,2007,2.57,49595508764.0,26788498.0,12.218,0.096,0.052,456.079,0.008,53.24,,,,,,,,,2.76,2.77,0.24635295220257336,0.21034539204452446,1851.3732559399186
NPL,Nepal,2008,3.355,52545963062.0,26990036.0,14.072,0.124,0.064,521.395,0.01,56.596,,,,,,,,,2.78,2.79,0.26780363666369905,0.23841671404206935,1946.8652454557675
NPL,Nepal,2009,4.126,54837737569.0,27173035.0,16.384,0.152,0.075,602.942,0.013,60.722,,,,,,,,,3.07,3.08,0.29877235506633926,0.25183105468750006,2018.093951190951
NPL,Nepal,2010,4.828,57388251486.0,27341955.0,17.684,0.177,0.084,646.762,0.014,65.55,,,,,,,,,3.18,3.18,0.30814669452534293,0.27301515494232076,2098.908124382474
NPL,Nepal,2011,5.217,59280309000.0,27464499.0,18.74,0.19,0.088,682.33,0.015,70.766,,,,,,,,,3.46,3.46,0.316125207781896,0.2783884738527215,2158.4340205878143
NPL,Nepal,2012,5.47,62106290000.0,27534916.0,20.153,0.199,0.088,731.917,0.016,76.237,,,,,,,,,3.51,3.53,0.3244920925078603,0.27142360938818044,2255.5467392745995
NPL,Nepal,2013,6.218,64655772000.0,27589997.0,21.681,0.225,0.096,785.825,0.018,82.455,,,,,,,,,3.49,3.5,0.33532969028658416,0.28679488953461557,2343.4497655074047
NPL,Nepal,2014,7.588,68540931000.0,27672373.0,23.47,0.274,0.111,848.153,0.021,90.042,,,,,,,,,3.8,3.8,0.3424231281597269,0.32330634853003837,2476.872185843982
NPL,Nepal,2015,6.905,70404490000.0,27823631.0,21.089,0.248,0.098,757.939,0.02,96.947,,,,,,,,,3.46,3.46,0.29954055487086123,0.3274218787045379,2530.384693500284
NPL,Nepal,2016,10.088,70942615519.0,27955471.0,32.492,0.361,0.142,1162.287,0.029,107.035,,,,,,,,,4.18,4.18,0.4580039763447673,0.3104764249661455,2537.7005996071393
NPL,Nepal,2017,12.422,77349484140.0,28011258.0,37.349,0.443,0.161,1333.339,0.035,119.457,,,,,,,,,4.58,4.58,0.4828603631331212,0.3325925727596455,2761.371307921979
NPL,Nepal,2018,14.039,83234791901.0,28079688.0,41.984,0.5,0.169,1495.165,0.038,133.496,,,,,,,,,4.84,4.84,0.504404456851842,0.3343892911585366,2964.2349267199834
NPL,Nepal,2019,12.75,88775779267.0,28414066.0,36.389,0.449,0.144,1280.682,0.034,146.246,,,,,,,,,6.15,6.15,0.40989783813169667,0.3503806095248564,3124.3602822278235
NPL,Nepal,2020,15.631,86672124340.0,28966580.0,45.608,0.54,0.18,1574.515,0.044,161.877,,,,,,,,,6.18,6.18,0.5262130165529066,0.3427249605332398,2992.142128618567
NPL,Nepal,2021,15.486,90865461899.0,29475016.0,48.149,0.525,0.17,1633.55,0.042,177.363,,,,,,,,,9.63,9.63,0.5298933059243041,0.32162661737523107,3082.796016090373
NPL,Nepal,2022,17.609,95965910597.0,29715435.0,54.094,0.593,0.183,1820.385,0.047,194.972,,,,,,,,,10.7,10.7,0.5636793280393365,0.3255259363330499,3229.4970811297226
NLD,Netherlands,1990,163.033,411390791201.0,15030886.0,910.735,10.847,0.396,60590.891,0.717,6659.264,0.273,98.659,0.0,0.017,11.167,40.425,47.067,1.341,0.82,70.7,2.2137952999415274,0.17901255579284864,27369.696716547514
NLD,Netherlands,1991,171.469,423942311236.0,15155093.0,928.063,11.314,0.404,61237.723,0.739,6830.733,0.31,98.693,0.0,0.026,10.09,44.266,44.337,1.307,0.93,73.22,2.189125679138373,0.1847600863303461,27973.586914709136
NLD,Netherlands,1992,171.277,433663917114.0,15276787.0,939.117,11.212,0.395,61473.492,0.761,7002.01,0.33,98.546,0.0,0.043,9.942,42.599,46.005,1.454,1.0,75.84,2.1655410167619005,0.18238089609707842,28387.115504981513
NLD,Netherlands,1993,171.185,441708287208.0,15389718.0,946.966,11.123,0.388,61532.391,0.752,7173.195,0.363,98.478,0.0,0.051,9.948,43.45,45.081,1.522,1.1,75.88,2.143871934089556,0.18077206573414462,28701.519235635118
NLD,Netherlands,1994,171.952,457377474101.0,15485453.0,936.809,11.104,0.376,60496.051,0.748,7345.147,0.414,98.41,0.0,0.071,10.708,42.418,45.283,1.59,1.26,78.26,2.0482184913923636,0.183550755810416,29535.944095468178
NLD,Netherlands,1995,173.482,474451023067.0,15565034.0,974.962,11.146,0.366,62637.953,0.738,7518.629,0.442,98.413,0.0,0.09,10.631,41.867,45.915,1.587,1.41,79.78,2.05492654162181,0.17793719139822886,30481.84944967033
NLD,Netherlands,1996,182.543,494206817608.0,15640032.0,1017.111,11.671,0.369,65032.52,0.753,7701.172,0.546,98.317,0.001,0.119,9.836,44.478,44.004,1.683,1.82,84.07,2.058067521048976,0.179472053689322,31598.836729234314
NLD,Netherlands,1997,175.466,518458402185.0,15723621.0,998.851,11.159,0.338,63525.477,0.72,7876.638,0.616,98.714,0.001,0.132,9.737,42.433,46.544,1.286,2.01,85.1,1.9265788649396465,0.17566784235086114,32973.21922125953
NLD,Netherlands,1998,176.396,545041076356.0,15827109.0,1005.942,11.145,0.324,63558.168,0.726,8053.035,0.703,98.245,0.001,0.177,9.863,41.611,46.771,1.755,2.32,89.39,1.8456260337761352,0.17535404625714007,34437.18472880928
NLD,Netherlands,1999,171.053,575899135456.0,15940183.0,993.777,10.731,0.297,62344.133,0.689,8224.088,0.77,98.16,0.001,0.18,8.753,41.154,48.253,1.84,2.51,85.16,1.7256094666874644,0.17212412845135278,36128.7656142969
NLD,Netherlands,2000,172.154,603803040978.0,16058757.0,1006.819,10.72,0.285,62695.977,0.675,8396.241,0.895,98.023,0.002,0.229,8.971,40.736,48.315,1.977,2.97,88.06,1.667462618885161,0.17098803260566198,37599.61253402116
NLD,Netherlands,2001,177.464,620170874924.0,16182705.0,1045.557,10.966,0.286,64609.547,0.691,8573.706,0.958,97.992,0.003,0.218,9.197,40.018,48.777,2.008,3.31,92.14,1.6859176112198588,0.1697315402221017,38323.0661946813
NLD,Netherlands,2002,176.738,624424625610.0,16288060.0,1046.061,10.851,0.283,64222.574,0.673,8750.443,1.15,97.824,0.004,0.248,9.247,39.598,48.98,2.176,3.98,94.64,1.6752398241470756,0.16895573011516538,38336.34119778537
NLD,Netherlands,2003,180.169,629811489833.0,16366914.0,1053.076,11.008,0.286,64341.766,0.652,8930.612,1.124,97.835,0.008,0.341,9.502,39.607,48.726,2.165,3.96,95.47,1.672049521165821,0.17108831651276832,38480.77223556011
NLD,Netherlands,2004,182.09,646331449347.0,16425562.0,1088.744,11.086,0.282,66283.531,0.636,9112.703,1.452,97.596,0.008,0.465,9.064,39.227,49.305,2.404,5.3,99.82,1.6844979477634534,0.1672477643964054,39349.122382966256
NLD,Netherlands,2005,178.13,664118269501.0,16465707.0,1112.242,10.818,0.268,67549.0,0.602,9290.833,2.013,97.02,0.008,0.5,8.474,37.305,51.241,2.98,7.46,98.53,1.6747649493752186,0.16015399526362067,40333.41960360402
NLD,Netherlands,2006,173.279,691453801614.0,16493851.0,1089.576,10.506,0.251,66059.516,0.566,9464.112,2.24,96.908,0.009,0.672,8.242,36.57,52.095,3.092,8.06,97.52,1.575775557899455,0.15903342217523148,41921.91390682504
NLD,Netherlands,2007,173.028,721200009128.0,16531360.0,1107.524,10.467,0.24,66995.336,0.549,9637.141,2.341,96.649,0.009,0.826,8.837,35.073,52.739,3.351,7.59,103.68,1.53566831112371,0.1562295715487881,43626.17528914742
NLD,Netherlands,2008,175.904,737705013303.0,16597259.0,1094.389,10.598,0.238,65937.922,0.549,9813.044,2.817,96.177,0.009,1.028,8.463,36.951,50.764,3.823,9.53,106.21,1.4835048973030334,0.16073260970276565,44447.40021849391
NLD,Netherlands,2009,170.433,713986817901.0,16684148.0,1079.291,10.215,0.239,64689.609,0.541,9983.477,3.323,95.642,0.011,1.116,8.092,38.371,49.179,4.358,10.83,112.35,1.5116399532038032,0.1579119996367986,42794.3229645889
NLD,Netherlands,2010,182.479,728193221597.0,16771232.0,1170.651,10.88,0.251,69801.117,0.548,10165.955,3.039,96.077,0.013,0.889,7.507,39.991,48.579,3.923,11.19,118.1,1.6076104051513227,0.1558782250218041,43419.18480389514
NLD,Netherlands,2011,169.346,744614396708.0,16851061.0,1115.092,10.05,0.227,66173.398,0.491,10335.302,3.546,95.491,0.023,1.187,7.776,36.756,50.959,4.509,12.32,112.64,1.4975428959336687,0.15186728987384002,44187.98298267391
NLD,Netherlands,2012,165.752,736942199791.0,16915191.0,1095.699,9.799,0.225,64776.062,0.474,10501.054,3.67,95.408,0.06,1.174,8.695,35.904,50.808,4.592,12.47,102.27,1.4868180982317813,0.1512751220910122,43566.886107936945
NLD,Netherlands,2013,164.925,735982982299.0,16967066.0,1062.885,9.72,0.224,62644.008,0.468,10665.979,3.61,95.693,0.124,1.356,8.97,36.856,49.867,4.307,12.1,100.56,1.4441706201953906,0.1551673040827559,43377.15090511229
NLD,Netherlands,2014,157.503,746458868661.0,17030085.0,1016.331,9.249,0.211,59678.543,0.444,10823.482,3.651,95.323,0.197,1.454,10.378,33.832,51.113,4.677,11.65,102.1,1.3615365061213585,0.15497214982126886,43831.77586377285
NLD,Netherlands,2015,163.958,761083250759.0,17107429.0,1026.468,9.584,0.215,60001.301,0.463,10987.44,4.031,94.961,0.274,1.866,12.559,32.981,49.422,5.039,13.69,108.99,1.3486934563023714,0.15973025949177178,44488.46467572655
NLD,Netherlands,2016,164.812,777764090323.0,17204693.0,1044.043,9.579,0.212,60683.609,0.466,11152.252,4.139,94.906,0.386,1.97,11.448,33.751,49.707,5.094,14.78,113.96,1.3423646231422386,0.15785939851136402,45206.50791751995
NLD,Netherlands,2017,162.296,800404023156.0,17315376.0,1052.102,9.373,0.203,60761.145,0.451,11314.548,4.795,94.395,0.525,2.517,10.192,34.592,49.611,5.605,17.43,116.04,1.3144636578056577,0.1542588076061066,46225.04432800073
NLD,Netherlands,2018,158.264,819300805024.0,17421285.0,1026.139,9.085,0.193,58901.457,0.431,11472.812,5.505,93.641,0.901,2.564,9.389,34.781,49.471,6.359,18.88,113.1,1.2524569653876283,0.15423251625754408,47028.724059333166
NLD,Netherlands,2019,152.727,835323029559.0,17537505.0,1021.537,8.709,0.183,58248.688,0.412,11625.54,6.709,92.341,1.313,2.798,7.336,36.519,48.487,7.659,22.8,120.05,1.2229245020807216,0.1495070663128208,47630.665226267934
NLD,Netherlands,2020,136.974,802861622095.0,17636732.0,989.343,7.766,0.171,56095.609,0.39,11762.513,9.735,89.24,2.148,3.831,4.852,36.689,47.7,10.76,32.73,121.96,1.2322708830176643,0.13844945585100416,45522.130862735794
NLD,Netherlands,2021,139.886,841906706612.0,17730565.0,1015.026,7.89,0.166,57247.258,0.379,11902.398,11.483,87.583,2.758,4.403,6.449,34.527,46.607,12.417,40.44,120.89,1.2056276449972307,0.13781518897052883,47483.3546822676
NLD,Netherlands,2022,127.503,879609110665.0,17904421.0,954.098,7.121,0.145,53288.391,0.34,12029.901,14.417,84.505,4.319,5.592,6.79,29.065,48.651,15.495,48.1,119.96,1.084684081180884,0.1336372154642395,49128.039977668086
NZL,New Zealand,1990,25.49,74483238000.0,3396981.0,186.435,7.504,0.342,54882.578,0.112,878.009,40.273,59.727,0.0,0.0,7.618,24.311,27.798,40.273,26.138,32.614,2.503046390115317,0.1367232547536675,21926.303974028702
NZL,New Zealand,1991,26.17,74961224062.0,3480933.0,190.187,7.518,0.349,54636.867,0.113,904.179,39.293,60.707,0.0,0.0,7.114,25.898,27.696,39.293,26.016,33.639,2.537138398950068,0.13760141334581227,21534.80807070978
NZL,New Zealand,1992,28.154,75624106462.0,3532246.0,190.501,7.971,0.372,53932.098,0.125,932.333,36.402,63.598,0.0,0.001,7.807,27.314,28.478,36.402,24.163,33.211,2.51905125114733,0.14778925045012886,21409.63751165689
NZL,New Zealand,1993,27.746,79461848563.0,3573609.0,196.246,7.764,0.349,54915.422,0.122,960.079,39.094,60.906,0.0,0.001,7.478,25.901,27.528,39.094,26.712,34.616,2.469688329040189,0.1413837734272291,22235.74223229234
NZL,New Zealand,1994,27.885,84890067977.0,3621030.0,207.137,7.701,0.328,57204.023,0.121,987.964,40.072,59.928,0.0,0.001,6.705,23.03,30.192,40.072,28.913,35.196,2.440061657815157,0.1346210479054925,23443.62459769734
NZL,New Zealand,1995,27.989,88724280201.0,3674434.0,214.906,7.617,0.315,58486.742,0.119,1015.954,40.821,59.179,0.0,0.001,6.486,21.199,31.494,40.821,30.56,36.41,2.422178004861152,0.13023833676118862,24146.38015024899
NZL,New Zealand,1996,29.288,92246848029.0,3729383.0,217.988,7.853,0.317,58451.441,0.121,1045.241,38.333,61.667,0.0,0.011,6.293,23.789,31.585,38.333,29.143,36.804,2.363094291649621,0.13435601959740903,24735.15003125182
NZL,New Zealand,1997,31.261,95195281693.0,3776950.0,218.022,8.277,0.328,57724.258,0.128,1076.503,34.585,65.415,0.0,0.018,6.775,25.557,33.083,34.585,26.318,37.443,2.2902605688285056,0.14338461256203502,25204.273737539548
NZL,New Zealand,1998,29.837,96170421359.0,3811376.0,218.023,7.828,0.31,57203.105,0.123,1106.34,37.698,62.302,0.0,0.029,6.186,22.56,33.556,37.698,28.649,37.776,2.2670484013595993,0.1368525339069731,25232.46758099962
NZL,New Zealand,1999,31.443,100616403871.0,3835561.0,219.933,8.198,0.312,57340.453,0.127,1137.783,34.58,65.42,0.0,0.05,6.267,25.505,33.649,34.58,26.515,37.96,2.1858562971697486,0.1429662669994953,26232.51301986854
NZL,New Zealand,2000,32.221,104942102861.0,3857576.0,229.557,8.353,0.307,59508.152,0.126,1170.004,35.364,64.636,0.0,0.148,5.692,26.004,32.94,35.364,27.92,38.91,2.187463313023729,0.14036165309705212,27204.156926785112
NZL,New Zealand,2001,34.356,107226686179.0,3891763.0,227.483,8.828,0.32,58452.426,0.134,1204.36,31.767,68.233,0.0,0.171,7.095,27.617,33.521,31.767,25.0,39.28,2.1215147842977156,0.15102667012480053,27552.213785628777
NZL,New Zealand,2002,34.519,112775904669.0,3951116.0,235.292,8.737,0.306,59550.859,0.131,1238.879,34.139,65.861,0.0,0.184,6.871,25.545,33.444,34.139,28.0,40.21,2.0863676570858614,0.14670707036363329,28542.797697916234
NZL,New Zealand,2003,36.22,118221542739.0,4022585.0,228.071,9.004,0.306,56697.605,0.131,1275.099,33.366,66.634,0.0,0.178,10.22,19.85,36.564,33.366,26.68,40.37,1.9291830804772763,0.15881019507083322,29389.44552793788
NZL,New Zealand,2004,35.806,123732222489.0,4083912.0,234.68,8.768,0.289,57464.543,0.125,1310.905,36.99,63.01,0.0,0.424,10.281,17.635,35.094,36.99,30.6,42.27,1.896676510606309,0.15257371740242032,30297.475187761145
NZL,New Zealand,2005,37.401,127087212440.0,4135002.0,228.759,9.045,0.294,55322.531,0.126,1348.306,33.787,66.213,0.0,0.732,11.709,16.649,37.855,33.787,27.36,42.48,1.8000158757750782,0.1634952067459641,30734.498421040666
NZL,New Zealand,2006,37.304,130823651084.0,4181943.0,230.264,8.92,0.285,55061.594,0.122,1385.61,34.047,65.953,0.0,0.732,11.444,16.78,37.729,34.047,27.88,43.04,1.7601098738037113,0.1620053503804329,31282.98283453409
NZL,New Zealand,2007,36.383,136252900902.0,4223270.0,229.45,8.615,0.267,54329.863,0.116,1421.993,34.701,65.299,0.004,1.091,8.698,18.592,38.009,34.701,28.41,43.38,1.6840008431455862,0.15856613641316192,32262.417724180552
NZL,New Zealand,2008,37.485,135932629621.0,4261819.0,230.105,8.796,0.276,53992.191,0.117,1459.478,33.836,66.164,0.004,1.226,10.742,17.138,38.285,33.836,27.87,43.39,1.6927870860849694,0.16290389170161448,31895.448779265378
NZL,New Zealand,2009,34.594,136500728040.0,4304304.0,229.523,8.037,0.253,53324.062,0.11,1494.073,37.362,62.638,0.004,1.705,8.279,17.659,36.7,37.362,30.79,42.95,1.681478211110646,0.1507212784775382,31712.6132447894
NZL,New Zealand,2010,34.787,139478805582.0,4347766.0,235.133,8.001,0.249,54081.445,0.104,1528.859,38.311,61.689,0.004,1.828,6.89,18.76,36.039,38.311,32.4,44.31,1.685797344039949,0.14794605606188838,32080.568637318567
NZL,New Zealand,2011,34.241,142521900112.0,4382699.0,236.088,7.813,0.24,53868.23,0.099,1563.101,39.187,60.813,0.005,2.163,6.939,17.153,36.721,39.187,33.33,43.86,1.6565033150306838,0.14503490223984278,32519.207938304684
NZL,New Zealand,2012,35.918,146280651356.0,4411682.0,237.851,8.142,0.246,53913.836,0.103,1599.019,36.696,63.304,0.005,2.263,8.559,18.85,35.894,36.696,31.38,43.75,1.6259908456460674,0.15101050657764736,33157.569234591254
NZL,New Zealand,2013,35.219,149512485774.0,4453857.0,239.573,7.908,0.236,53789.949,0.1,1634.238,36.769,63.231,0.007,2.166,7.487,19.711,36.033,36.769,31.68,42.7,1.6023611590682374,0.14700738397064778,33569.21557517451
NZL,New Zealand,2014,35.399,154422989929.0,4522976.0,250.675,7.827,0.229,55422.555,0.1,1669.637,37.452,62.548,0.019,2.248,6.598,20.897,35.053,37.452,33.95,42.92,1.6233010390179232,0.14121472025531065,34141.89903483901
NZL,New Zealand,2015,35.805,160782215776.0,4614035.0,252.217,7.76,0.223,54663.062,0.101,1705.443,38.143,61.857,0.037,2.373,6.61,19.038,36.209,38.143,34.89,43.57,1.5686871758962815,0.14196108906219645,34846.33640100259
NZL,New Zealand,2016,34.135,167418113760.0,4714768.0,255.684,7.24,0.204,54230.543,0.096,1739.578,38.817,61.183,0.056,2.302,5.4,18.776,37.007,38.817,36.39,43.15,1.5272182576763014,0.13350463853819558,35509.300512771784
NZL,New Zealand,2017,35.661,174187918857.0,4812749.0,259.835,7.41,0.205,53988.824,0.099,1775.239,37.085,62.915,0.074,2.01,5.59,19.197,38.128,37.085,35.46,43.66,1.4916935784353227,0.13724478996286107,36193.01959379141
NZL,New Zealand,2018,35.687,181445758308.0,4900840.0,258.445,7.282,0.197,52734.938,0.097,1810.926,38.098,61.902,0.097,1.989,6.059,17.406,38.438,38.098,36.47,43.73,1.424365068712687,0.13808353808353807,37023.39972494511
NZL,New Zealand,2019,36.711,187274507980.0,4989410.0,263.565,7.358,0.196,52824.816,0.099,1847.636,36.9,63.1,0.12,2.116,6.308,18.205,38.586,36.9,36.06,43.75,1.4073725401438377,0.1392863240566843,37534.39945404366
NZL,New Zealand,2020,34.109,184971347287.0,5069895.0,239.303,6.728,0.184,47200.766,0.097,1881.745,39.275,60.725,0.166,2.375,6.566,19.05,35.109,39.275,35.08,43.35,1.2937301020395309,0.14253477808468762,36484.25604218628
NZL,New Zealand,2021,34.597,196312458906.0,5107694.0,235.85,6.773,0.176,46175.445,0.094,1916.342,40.316,59.684,0.219,2.751,7.766,16.488,35.43,40.316,35.59,43.55,1.201401079250562,0.14669069323722705,38434.655424933444
NZL,New Zealand,2022,31.966,200602760076.0,5131731.0,232.71,6.229,0.159,45347.203,0.085,1948.308,43.295,56.705,0.3,3.015,5.459,15.714,35.532,43.295,37.6,43.25,1.1600538293283498,0.13736410124188905,39090.66162587244
NIC,Nicaragua,1990,2.043,8348404000.0,4162566.0,9.187,0.491,0.245,2206.941,0.009,54.917,,,,,,,,,,,1.1004498584400084,0.22237944922172637,2005.5907822242339
NIC,Nicaragua,1991,1.984,8483399893.0,4259636.0,8.696,0.466,0.234,2041.561,0.009,56.901,,,,,,,,,,,1.025060719721043,0.2281508739650414,1991.578598030442
NIC,Nicaragua,1992,2.37,8668809931.0,4357031.0,10.18,0.544,0.273,2336.557,0.011,59.271,,,,,,,,,,,1.1743249743653885,0.23280943025540274,1989.6140126154714
NIC,Nicaragua,1993,2.28,8788659513.0,4453733.0,10.199,0.512,0.259,2289.936,0.01,61.551,,,,,,,,,,,1.160472764352044,0.22355132856162369,1973.324290656849
NIC,Nicaragua,1994,2.514,9239788720.0,4549317.0,10.725,0.553,0.272,2357.605,0.011,64.065,,,,,,,,,,,1.1607408269828923,0.23440559440559441,2031.0276729451916
NIC,Nicaragua,1995,2.751,9966535313.0,4642933.0,11.633,0.592,0.276,2505.537,0.012,66.815,,,,,,,,,,,1.1672060184070507,0.23648242069973352,2146.6033029121895
NIC,Nicaragua,1996,2.842,10785595274.0,4729979.0,12.353,0.601,0.263,2611.584,0.012,69.657,,,,,,,,,,,1.145323896009562,0.23006557111632803,2280.2628244226876
NIC,Nicaragua,1997,3.108,11415412840.0,4809574.0,12.954,0.646,0.272,2693.424,0.013,72.765,,,,,,,,,,,1.1347815608217635,0.2399258916164891,2373.4769108449104
NIC,Nicaragua,1998,3.386,12049925222.0,4883659.0,14.513,0.693,0.281,2971.69,0.014,76.151,,,,,,,,,,,1.2044058143616587,0.2333080686281265,2467.396929638208
NIC,Nicaragua,1999,3.59,13130550582.0,4954021.0,15.463,0.725,0.273,3121.232,0.014,79.741,,,,,,,,,,,1.177635309611269,0.23216710858177586,2650.483431943466
NIC,Nicaragua,2000,3.71,13909591678.0,5022636.0,15.977,0.739,0.267,3181.092,0.015,83.45,,,,,,,,,0.49,2.28,1.1486318484294475,0.23220880015021594,2769.380794865485
NIC,Nicaragua,2001,3.909,14579899402.0,5087827.0,16.666,0.768,0.268,3275.757,0.015,87.36,,,,,,,,,0.49,2.47,1.1430805892744251,0.234549381975279,2865.6437025079667
NIC,Nicaragua,2002,3.976,14954188068.0,5149914.0,16.716,0.772,0.266,3245.818,0.015,91.335,,,,,,,,,0.64,2.55,1.117813947770929,0.23785594639865995,2903.774328658692
NIC,Nicaragua,2003,4.31,15599450900.0,5210970.0,17.734,0.827,0.276,3403.215,0.016,95.646,,,,,,,,,0.74,2.7,1.136834886925411,0.2430359760911244,2993.579103314738
NIC,Nicaragua,2004,4.362,16722815302.0,5272909.0,18.634,0.827,0.261,3533.965,0.015,100.008,,,,,,,,,0.79,2.81,1.1142860614965608,0.234088225823763,3171.4591133660756
NIC,Nicaragua,2005,4.253,17753885555.0,5342108.0,18.797,0.796,0.24,3518.621,0.014,104.261,,,,,,,,,1.02,2.86,1.058754149437796,0.2262595094961962,3323.3857411718373
NIC,Nicaragua,2006,4.407,18819405708.0,5418857.0,19.092,0.813,0.234,3523.339,0.014,108.668,,,,,,,,,0.94,3.13,1.014484744961108,0.2308296668761785,3472.9474699184716
NIC,Nicaragua,2007,4.54,20171035929.0,5497247.0,20.078,0.826,0.225,3652.414,0.014,113.208,,,,,,,,,0.92,3.2,0.9953876474501618,0.2261181392568981,3669.2977282992742
NIC,Nicaragua,2008,4.353,21118480099.0,5576597.0,19.345,0.781,0.206,3468.996,0.014,117.561,,,,,,,,,1.19,3.36,0.9160223609518198,0.22501938485396744,3786.983369786269
NIC,Nicaragua,2009,4.432,20900358446.0,5656602.0,19.654,0.784,0.212,3474.477,0.014,121.993,,,,,,,,,1.06,3.45,0.9403666473366856,0.2255011702452427,3694.8610572212788
NIC,Nicaragua,2010,4.453,21950676457.0,5737451.0,19.882,0.776,0.203,3465.223,0.013,126.446,,,,,,,,,1.34,3.65,0.9057579632658517,0.2239714314455286,3825.858636004037
NIC,Nicaragua,2011,4.789,23734874000.0,5819051.0,21.088,0.823,0.202,3623.915,0.014,131.235,,,,,,,,,1.29,3.81,0.8884816494075343,0.22709597875569043,4078.8221309625915
NIC,Nicaragua,2012,4.534,25065728000.0,5901290.0,20.729,0.768,0.181,3512.634,0.013,135.768,,,,,,,,,1.72,4.03,0.8269857552112589,0.21872738675285833,4247.499783945545
NIC,Nicaragua,2013,4.586,26206803000.0,5983852.0,21.391,0.766,0.175,3574.803,0.013,140.354,,,,,,,,,2.18,4.17,0.8162384400722209,0.21438922911504837,4379.587429635626
NIC,Nicaragua,2014,4.72,27402565000.0,6066493.0,22.446,0.778,0.172,3700.044,0.013,145.074,,,,,,,,,2.4,4.46,0.819120399860378,0.21028245567138912,4517.035625030804
NIC,Nicaragua,2015,5.408,28748328000.0,6149417.0,25.178,0.879,0.188,4094.406,0.015,150.482,,,,,,,,,2.3,4.59,0.8758074556544645,0.2147906902851696,4674.968049816755
NIC,Nicaragua,2016,5.379,29929662026.0,6232664.0,25.213,0.863,0.18,4045.38,0.015,155.861,,,,,,,,,2.4,4.59,0.8424084434397349,0.21334232340459286,4802.065701921361
NIC,Nicaragua,2017,5.441,31179621906.0,6316235.0,25.203,0.861,0.174,3990.252,0.015,161.302,,,,,,,,,2.53,4.52,0.8083164085819174,0.2158869975796532,4936.425244785857
NIC,Nicaragua,2018,5.178,30002714290.0,6400074.0,23.765,0.809,0.173,3713.181,0.014,166.48,,,,,,,,,2.73,4.65,0.7920950008153412,0.21788344203660845,4687.869904316732
NIC,Nicaragua,2019,5.208,29133575354.0,6483660.0,24.726,0.803,0.179,3813.518,0.014,171.688,,,,,,,,,2.61,4.58,0.8487114849295404,0.21062848823101188,4493.384192570245
NIC,Nicaragua,2020,4.641,28619004754.0,6565267.0,22.833,0.707,0.162,3477.782,0.013,176.329,,,,,,,,,2.65,3.79,0.7978264861502109,0.20325844172907634,4359.153215550868
NIC,Nicaragua,2021,5.133,31580275032.0,6644745.0,25.168,0.772,0.163,3787.695,0.014,181.461,,,,,,,,,2.91,4.21,0.7969531606199597,0.2039494596312778,4752.669219360562
NIC,Nicaragua,2022,5.131,32764782125.0,6730662.0,25.711,0.762,0.157,3819.998,0.014,186.592,,,,,,,,,2.77,4.32,0.7847145115114968,0.19956438878301117,4867.988041146621
NER,Niger,1990,0.599,6837988542.0,8286066.0,3.73,0.072,0.088,450.175,0.003,13.961,,,,,,,,,,,0.5454820488641877,0.16058981233243969,825.2394492151041
NER,Niger,1991,0.566,6989575096.0,8546900.0,3.776,0.066,0.081,441.745,0.002,14.527,,,,,,,,,,,0.5402331254958449,0.14989406779661016,817.7906721735366
NER,Niger,1992,0.521,6527731522.0,8817633.0,3.686,0.059,0.08,417.974,0.002,15.048,,,,,,,,,,,0.564667831018679,0.14134563212154097,740.3042882369906
NER,Niger,1993,0.602,6612264624.0,9100789.0,3.882,0.066,0.091,426.555,0.003,15.65,,,,,,,,,,,0.5870908411484047,0.15507470376094795,726.559491050721
NER,Niger,1994,0.577,6867284266.0,9398266.0,3.921,0.061,0.084,417.155,0.003,16.227,,,,,,,,,,,0.5709680636657076,0.147156337668962,730.6969462239098
NER,Niger,1995,0.558,6415921691.0,9714537.0,4.04,0.057,0.087,415.877,0.002,16.785,,,,,,,,,,,0.6296834959296888,0.13811881188118813,660.4454428450888
NER,Niger,1996,0.639,6731376519.0,10044848.0,4.06,0.064,0.095,404.192,0.003,17.424,,,,,,,,,,,0.603145580779835,0.15738916256157637,670.1322428174125
NER,Niger,1997,0.648,6759223607.0,10383977.0,4.081,0.062,0.096,392.973,0.003,18.072,,,,,,,,,,,0.6037675681824799,0.1587846116148003,650.9282144018616
NER,Niger,1998,0.696,7611872294.0,10741416.0,4.236,0.065,0.091,394.338,0.003,18.768,,,,,,,,,,,0.5564990893684586,0.1643059490084986,708.6470065026808
NER,Niger,1999,0.682,7681517627.0,11117414.0,3.943,0.061,0.089,354.678,0.003,19.45,,,,,,,,,,,0.5133100243291285,0.1729647476540705,690.9446411728483
NER,Niger,2000,0.683,7478107136.0,11509634.0,3.317,0.059,0.091,288.233,0.003,20.133,,,,,,,,,0.0,0.21,0.44356144404936215,0.2059089538739825,649.7258849412588
NER,Niger,2001,0.646,8079568499.0,11920648.0,3.249,0.054,0.08,272.511,0.003,20.78,,,,,,,,,0.0,0.18,0.4021254353375586,0.19883040935672514,677.7793035244392
NER,Niger,2002,0.685,8506710068.0,12349150.0,3.455,0.055,0.08,279.741,0.003,21.464,,,,,,,,,0.0,0.19,0.4061499654251529,0.19826338639652677,688.8498453739732
NER,Niger,2003,0.744,9108500707.0,12796979.0,3.799,0.058,0.082,296.841,0.003,22.208,,,,,,,,,0.0,0.2,0.4170829121284933,0.19584101079231378,711.769606482905
NER,Niger,2004,0.795,9044074242.0,13265843.0,4.168,0.06,0.088,314.178,0.003,23.003,,,,,,,,,0.0,0.2,0.4608542442789912,0.19073896353166986,681.7564659856143
NER,Niger,2005,0.691,9809322645.0,13756192.0,3.93,0.05,0.07,285.699,0.002,23.695,,,,,,,,,0.0,0.23,0.400639283896243,0.1758269720101781,713.0841620268167
NER,Niger,2006,0.671,10382568329.0,14268583.0,3.911,0.047,0.065,274.103,0.002,24.366,,,,,,,,,0.0,0.22,0.3766890692234615,0.17156737407312708,727.652376483355
NER,Niger,2007,0.706,10716181753.0,14803604.0,4.255,0.048,0.066,287.419,0.002,25.071,,,,,,,,,0.0,0.22,0.3970630676181664,0.16592244418331376,723.8900576508261
NER,Niger,2008,0.792,11762875984.0,15361921.0,4.73,0.052,0.067,307.89,0.002,25.863,,,,,,,,,0.0,0.22,0.4021125451321429,0.16744186046511628,765.7164741310673
NER,Niger,2009,0.952,11700248745.0,15943673.0,5.568,0.06,0.081,349.234,0.003,26.816,,,,,,,,,0.0,0.26,0.4758873184110241,0.17097701149425287,733.8490161583219
NER,Niger,2010,1.16,12694118605.0,16548833.0,6.891,0.07,0.091,416.404,0.003,27.976,,,,,,,,,0.0,0.29,0.5428498200171024,0.16833551008561892,767.070318795289
NER,Niger,2011,1.313,12994344552.0,17176286.0,6.914,0.076,0.101,402.54,0.004,29.289,,,,,,,,,0.0,0.34,0.5320776259496555,0.18990454150997976,756.528189621435
NER,Niger,2012,1.852,14364207370.0,17836770.0,9.174,0.104,0.129,514.329,0.005,31.14,,,,,,,,,0.0,0.39,0.6386708130627607,0.20187486374536734,805.3143797896143
NER,Niger,2013,2.078,15127089342.0,18519899.0,10.324,0.112,0.137,557.46,0.006,33.219,,,,,,,,,0.0,0.44,0.6824842351750817,0.20127857419604803,816.8019351509422
NER,Niger,2014,2.256,16132130068.0,19215917.0,9.797,0.117,0.14,509.83,0.006,35.475,,,,,,,,,0.01,0.45,0.6072973599086903,0.2302745738491375,839.5191375982733
NER,Niger,2015,2.199,16840818422.0,19939496.0,10.346,0.11,0.131,518.866,0.006,37.674,,,,,,,,,0.01,0.54,0.6143406894337454,0.2125459114633675,844.5959928977142
NER,Niger,2016,2.142,17807651308.0,20685758.0,9.659,0.104,0.12,466.943,0.006,39.815,,,,,,,,,0.01,0.7,0.5424072963322648,0.22176208717258517,860.8653020111711
NER,Niger,2017,2.243,18698209711.0,21435449.0,9.39,0.105,0.12,438.044,0.006,42.058,,,,,,,,,0.01,0.56,0.5021871155117028,0.23887113951011715,872.3031512425982
NER,Niger,2018,1.803,20008393727.0,22188074.0,8.472,0.081,0.09,381.827,0.005,43.861,,,,,,,,,0.01,0.53,0.4234222954423172,0.2128186968838527,901.763430525786
NER,Niger,2019,2.513,21237507069.0,22947765.0,12.289,0.11,0.118,535.503,0.007,46.375,,,,,,,,,0.02,0.67,0.5786460699023394,0.20449182195459353,925.4716992700596
NER,Niger,2020,3.04,21991440513.0,23717615.0,12.398,0.128,0.138,522.743,0.009,49.415,,,,,,,,,0.02,0.67,0.5637647971569237,0.24520083884497498,927.219727320812
NER,Niger,2021,2.588,22299096291.0,24502145.0,11.251,0.106,0.116,459.195,0.007,52.003,,,,,,,,,0.02,0.71,0.504549594888334,0.2300239978668563,910.0875164602936
NER,Niger,2022,3.201,24776754234.0,25311978.0,13.527,0.126,0.129,534.418,0.009,55.204,,,,,,,,,0.02,0.79,0.5459552882611848,0.23663783544023065,978.8549213340814
NGA,Nigeria,1990,38.786,171278462601.0,97120926.0,195.42,0.399,0.226,2012.134,0.171,1296.454,,,,,,,,,,,1.1409490547287238,0.19847507931634428,1763.558788566328
NGA,Nigeria,1991,41.841,174067595995.0,99720161.0,212.529,0.42,0.24,2131.258,0.18,1338.295,,,,,,,,,,,1.2209567138854769,0.19687195629772877,1745.5607196121555
NGA,Nigeria,1992,46.162,181866334418.0,102372779.0,218.113,0.451,0.254,2130.576,0.205,1384.457,,,,,,,,,,,1.1993038772018738,0.21164258893325938,1776.5106720215147
NGA,Nigeria,1993,44.705,188893712697.0,105122075.0,222.645,0.425,0.237,2117.968,0.197,1429.161,,,,,,,,,,,1.1786787226589148,0.2007904960812055,1796.8986313959272
NGA,Nigeria,1994,80.36,193990909901.0,107935717.0,206.853,0.745,0.414,1916.443,0.35,1509.521,,,,,,,,,,,1.0663025401837847,0.38848844348402006,1797.281894194486
NGA,Nigeria,1995,84.23,202397614701.0,110819430.0,231.431,0.76,0.416,2088.36,0.358,1593.752,,,,,,,,,,,1.1434472700772227,0.363952970863886,1826.372998859496
NGA,Nigeria,1996,97.767,215950344813.0,113754783.0,237.369,0.859,0.453,2086.673,0.403,1691.519,,,,,,,,,,,1.09918324143241,0.4118777093891789,1898.3847458352586
NGA,Nigeria,1997,95.649,227883174622.0,116754790.0,237.488,0.819,0.42,2034.072,0.392,1787.168,,,,,,,,,,,1.0421480234068705,0.4027529812032608,1951.810068109411
NGA,Nigeria,1998,86.338,239844515802.0,119846261.0,226.951,0.72,0.36,1893.687,0.355,1873.506,,,,,,,,,,,0.9462421904503998,0.38042573066432844,2001.268239832697
NGA,Nigeria,1999,84.838,247535177447.0,123047324.0,227.026,0.689,0.343,1845.027,0.342,1958.344,,,,,,,,,,,0.9171464126492032,0.37369288099160447,2011.7071172307656
NGA,Nigeria,2000,96.831,268133056679.0,126382490.0,215.365,0.766,0.361,1704.075,0.38,2055.175,,,,,,,,,5.64,14.74,0.8032019724364976,0.44961344693891764,2121.5997301445796
NGA,Nigeria,2001,100.218,293371700731.0,129862594.0,244.256,0.772,0.342,1880.878,0.39,2155.393,,,,,,,,,5.92,15.47,0.8325820090737537,0.41029903052535044,2259.0931822215102
NGA,Nigeria,2002,89.906,344836483316.0,133471995.0,250.952,0.674,0.261,1880.187,0.342,2245.3,,,,,,,,,8.24,21.55,0.7277420230794823,0.35825974688386625,2583.586791491354
NGA,Nigeria,2003,100.03,387284228400.0,137202646.0,267.13,0.729,0.258,1946.971,0.362,2345.329,,,,,,,,,7.46,20.2,0.6897518163949069,0.3744618724965373,2822.7169059115668
NGA,Nigeria,2004,94.962,438814816180.0,141057045.0,276.614,0.673,0.216,1961.007,0.332,2440.291,,,,,,,,,8.12,24.29,0.6303661357836516,0.3433014959474213,3110.9032248619696
NGA,Nigeria,2005,101.666,481797619872.0,145017256.0,304.852,0.701,0.211,2102.179,0.343,2541.957,,,,,,,,,7.78,23.55,0.6327387007038153,0.3334929736396678,3322.3468238290207
NGA,Nigeria,2006,90.097,527631752471.0,149077335.0,274.024,0.604,0.171,1838.13,0.294,2632.054,,,,,,,,,6.27,23.12,0.5193470611211198,0.3287923685516597,3539.315701283498
NGA,Nigeria,2007,82.17,581001445796.0,153267254.0,251.889,0.536,0.141,1643.461,0.261,2714.224,,,,,,,,,6.24,22.99,0.43354281099059905,0.32621511856412944,3790.7735059701663
NGA,Nigeria,2008,86.489,638908028616.0,157595014.0,310.307,0.549,0.135,1969.013,0.27,2800.713,,,,,,,,,5.73,21.12,0.48568336302203896,0.2787207507403958,4054.1132133533106
NGA,Nigeria,2009,77.031,709931188516.0,162049466.0,196.343,0.475,0.109,1211.625,0.244,2877.745,,,,,,,,,4.54,19.79,0.27656624075133857,0.3923287308434729,4380.953581889618
NGA,Nigeria,2010,112.05,809999411809.0,166642888.0,240.845,0.672,0.138,1445.278,0.336,2989.794,,,,,,,,,6.38,26.13,0.297339722089566,0.4652369781394673,4860.68995521129
NGA,Nigeria,2011,126.115,871103799000.0,171379602.0,346.692,0.736,0.145,2022.947,0.366,3115.91,,,,,,,,,5.89,27.04,0.3979916060496942,0.363766686280618,5082.890780665951
NGA,Nigeria,2012,110.125,908380661120.0,176200627.0,350.17,0.625,0.121,1987.339,0.315,3226.034,,,,,,,,,5.69,28.74,0.3854881714107093,0.31449010480623696,5155.377007370127
NGA,Nigeria,2013,117.401,957382666012.0,181049440.0,453.333,0.648,0.123,2503.916,0.333,3343.435,,,,,,,,,5.37,28.93,0.4735128555109205,0.25897298453895923,5287.962591941737
NGA,Nigeria,2014,123.971,1017790765613.0,185896917.0,494.192,0.667,0.122,2658.422,0.35,3467.406,,,,,,,,,5.39,32.28,0.48555362919052975,0.25085594262958527,5475.027676833392
NGA,Nigeria,2015,110.525,1044789628210.0,190671883.0,468.837,0.58,0.106,2458.865,0.312,3577.931,,,,,,,,,6.47,33.17,0.4487381835932286,0.2357429127820543,5479.515971476508
NGA,Nigeria,2016,116.396,1027896680223.0,195443698.0,473.302,0.596,0.113,2421.681,0.329,3694.327,,,,,,,,,8.21,36.54,0.460456784331007,0.2459233216846749,5259.298154617398
NGA,Nigeria,2017,112.54,1036180414988.0,200254580.0,457.563,0.562,0.109,2284.907,0.313,3806.867,,,,,,,,,7.8,32.24,0.4415862270522639,0.24595520179734812,5174.315688500108
NGA,Nigeria,2018,106.786,1056103594567.0,204938752.0,488.559,0.521,0.101,2383.928,0.291,3913.653,,,,,,,,,7.77,36.71,0.4626051861894363,0.21857339645774615,5153.2644961505375
NGA,Nigeria,2019,127.859,1079426893318.0,209485637.0,512.453,0.61,0.118,2446.243,0.345,4041.512,,,,,,,,,8.51,36.46,0.4747454442466174,0.2495038569390754,5152.748936758848
NGA,Nigeria,2020,124.899,1060059201469.0,213996185.0,482.795,0.584,0.118,2256.092,0.355,4166.412,,,,,,,,,7.81,38.0,0.4554415445203026,0.25869986226037966,4953.6359793937445
NGA,Nigeria,2021,147.777,1098721596994.0,218529286.0,521.987,0.676,0.134,2388.635,0.401,4314.188,,,,,,,,,8.1,39.2,0.475085773710199,0.2831047516509032,5027.800241812898
NGA,Nigeria,2022,131.441,1134448580250.0,223150906.0,527.352,0.589,0.116,2363.209,0.35,4445.629,,,,,,,,,9.39,38.0,0.46485315348870787,0.24924718214778743,5083.773131756857
PRK,North Korea,1990,118.383,50223946260.0,21112134.0,255.943,5.607,2.357,12123.009,0.521,3274.056,,,,,,,,,,,5.096035239346404,0.462536580410482,2378.913768736026
PRK,North Korea,1991,112.819,48202054341.0,21428637.0,255.694,5.265,2.341,11932.365,0.486,3386.875,,,,,,,,,,,5.304628682236687,0.44122662244714383,2249.422319347703
PRK,North Korea,1992,97.985,44917408392.0,21750912.0,260.48,4.505,2.181,11975.585,0.435,3484.86,,,,,,,,,,,5.7990879110111955,0.37617091523341517,2065.081610922797
PRK,North Korea,1993,89.585,43046073181.0,22073354.0,283.147,4.059,2.081,12827.559,0.394,3574.445,,,,,,,,,,,6.577766078903976,0.31639042617439,1950.1374000978738
PRK,North Korea,1994,81.584,42085991707.0,22393967.0,274.058,3.643,1.939,12238.045,0.355,3656.03,,,,,,,,,,,6.511857957582998,0.297688810397799,1879.345080172709
PRK,North Korea,1995,76.085,40146511697.0,22669307.0,316.614,3.356,1.895,13966.649,0.324,3732.115,,,,,,,,,,,7.886463521154676,0.24030838813192087,1770.9633425053532
PRK,North Korea,1996,66.292,38689712954.0,22895753.0,304.427,2.895,1.713,13296.237,0.274,3798.406,,,,,,,,,,,7.86842229514464,0.21775992274009862,1689.820507497613
PRK,North Korea,1997,63.679,36018760289.0,23110836.0,297.839,2.755,1.768,12887.396,0.261,3862.085,,,,,,,,,,,8.26899642325999,0.2138034307125662,1558.5226033796441
PRK,North Korea,1998,58.749,35521586609.0,23311570.0,263.367,2.52,1.654,11297.704,0.242,3920.834,,,,,,,,,,,7.414280305071494,0.22306894941279656,1523.7749584862795
PRK,North Korea,1999,64.143,37610923377.0,23497594.0,337.03,2.73,1.705,14343.149,0.258,3984.978,,,,,,,,,,,8.960960533239716,0.19031836928463342,1600.6287016875003
PRK,North Korea,2000,69.165,37758035363.0,23665909.0,304.331,2.923,1.832,12859.471,0.271,4054.143,,,,,,,,,10.1,19.3,8.060032707586826,0.22726899330005815,1595.4610221394835
PRK,North Korea,2001,71.668,39161385107.0,23815364.0,296.248,3.009,1.83,12439.381,0.279,4125.811,,,,,,,,,10.49,20.09,7.564798823906931,0.24191893278604412,1644.3748290809244
PRK,North Korea,2002,68.642,39634147135.0,23943975.0,288.392,2.867,1.732,12044.455,0.261,4194.453,,,,,,,,,10.51,19.66,7.276351854316242,0.23801631113207022,1655.2868575497594
PRK,North Korea,2003,70.143,40352082900.0,24090382.0,285.936,2.912,1.738,11869.311,0.254,4264.595,,,,,,,,,11.6,20.88,7.086028265470281,0.24531013933187845,1675.028768742646
PRK,North Korea,2004,71.722,41171424607.0,24254946.0,297.213,2.957,1.742,12253.705,0.251,4336.317,,,,,,,,,12.38,21.86,7.218914643761625,0.2413151510869309,1697.4444967636705
PRK,North Korea,2005,75.01,42708227011.0,24396434.0,293.427,3.075,1.756,12027.47,0.253,4411.328,,,,,,,,,13.0,22.77,6.870502957765596,0.25563428041727587,1750.59301744673
PRK,North Korea,2006,76.17,42264169568.0,24524508.0,281.193,3.106,1.802,11465.782,0.249,4487.498,,,,,,,,,12.49,22.31,6.653224300257,0.27088156533057367,1723.3442386693343
PRK,North Korea,2007,63.478,41765545354.0,24646384.0,250.531,2.576,1.52,10165.035,0.202,4550.976,,,,,,,,,13.15,21.39,5.998509007281667,0.25337383397663366,1694.5911965828334
PRK,North Korea,2008,70.326,43163303891.0,24764620.0,271.723,2.84,1.629,10972.214,0.219,4621.302,,,,,,,,,13.93,23.06,6.295231724758148,0.258815043260968,1742.9423060398262
PRK,North Korea,2009,67.66,42791212438.0,24878338.0,233.404,2.72,1.581,9381.812,0.215,4688.962,,,,,,,,,12.38,23.38,5.4544843836378325,0.28988363524189814,1720.0189352681036
PRK,North Korea,2010,65.355,42605438930.0,24987257.0,220.27,2.616,1.534,8815.287,0.196,4754.317,,,,,,,,,13.27,23.57,5.169997200636749,0.29670404503563813,1705.0866739794608
PRK,North Korea,2011,47.867,42961431310.0,25097877.0,157.371,1.907,1.114,6270.305,0.139,4802.184,,,,,,,,,13.07,20.87,3.663076280313995,0.30416658723653023,1711.755592315637
PRK,North Korea,2012,46.755,43545173971.0,25211737.0,149.656,1.854,1.074,5935.979,0.134,4848.938,,,,,,,,,13.36,21.36,3.4367987621238387,0.31241647511626663,1727.1786537754222
PRK,North Korea,2013,36.144,44033758330.0,25329456.0,139.662,1.427,0.821,5513.811,0.102,4885.083,,,,,,,,,13.77,21.97,3.171702922865181,0.2587962366284315,1738.4407438517433
PRK,North Korea,2014,39.825,44518471841.0,25451263.0,137.148,1.565,0.895,5388.655,0.112,4924.908,,,,,,,,,12.88,21.48,3.0806987375898953,0.290379735759909,1749.165526323782
PRK,North Korea,2015,31.278,44032955306.0,25575355.0,121.906,1.223,0.71,4766.541,0.088,4956.185,,,,,,,,,9.93,18.93,2.7685173332753545,0.2565747379128181,1721.6947841388712
PRK,North Korea,2016,34.236,45739740287.0,25698325.0,123.943,1.332,0.749,4822.999,0.097,4990.421,,,,,,,,,12.71,23.81,2.7097442884962484,0.2762237480131996,1779.872434759853
PRK,North Korea,2017,69.708,44160501992.0,25817710.0,228.044,2.7,1.579,8832.858,0.194,5060.129,,,,,,,,,11.83,23.43,5.163981153142504,0.3056778516426655,1710.4732368595046
PRK,North Korea,2018,62.608,42349472757.0,25931153.0,207.532,2.414,1.478,8003.173,0.17,5122.738,,,,,,,,,12.73,24.83,4.9004624258444105,0.3016787772488098,1633.150394700922
PRK,North Korea,2019,69.512,42499100315.0,26037633.0,228.829,2.67,1.636,8788.403,0.187,5192.25,,,,,,,,,11.08,23.88,5.38432574581432,0.3037726861542899,1632.2182709541992
PRK,North Korea,2020,65.577,40572892149.0,26136312.0,217.778,2.509,1.616,8332.383,0.187,5257.827,,,,,,,,,12.9,24.1,5.367573975259922,0.3011185702871732,1552.3572013144012
PRK,North Korea,2021,53.97,40550428396.0,26232530.0,184.664,2.057,1.331,7039.498,0.146,5311.797,,,,,,,,,16.23,25.63,4.553934626698438,0.2922605380583113,1545.8069959702705
PRK,North Korea,2022,56.289,40488847458.0,26328843.0,181.91,2.138,1.39,6909.168,0.15,5368.086,,,,,,,,,16.75,26.55,4.492842138534552,0.30943323621571106,1537.81339567409
MKD,North Macedonia,1990,11.098,17074264103.0,2063690.0,29.66,5.378,0.65,14372.104,0.049,267.712,4.612,95.388,0.0,0.0,52.303,0.0,43.085,4.612,0.49,5.75,1.737117325881626,0.374173971679029,8273.657430621848
MKD,North Macedonia,1991,7.789,16091738511.0,2056002.0,29.447,3.788,0.484,14322.663,0.034,275.501,8.041,91.959,0.0,0.0,53.024,0.0,38.935,8.041,0.85,5.77,1.8299452218833039,0.2645091180765443,7826.713452126992
MKD,North Macedonia,1992,8.394,15099004830.0,2032516.0,30.237,4.13,0.556,14876.61,0.037,283.895,7.83,92.17,0.0,0.0,51.33,0.0,40.841,7.83,0.85,6.07,2.0025823119098902,0.2776069054469689,7428.726184689321
MKD,North Macedonia,1993,7.599,14032388036.0,2006853.0,30.279,3.787,0.542,15088.036,0.033,291.494,4.804,95.196,0.0,0.0,51.412,0.0,43.784,4.804,0.52,5.18,2.157793806892984,0.2509660160507282,6992.235124346427
MKD,North Macedonia,1994,7.903,13843334272.0,1992669.0,28.442,3.966,0.571,14273.225,0.034,299.397,6.818,93.182,0.0,0.0,56.929,0.0,36.253,6.818,0.69,5.94,2.0545628272177,0.27786372266366643,6947.131847788067
MKD,North Macedonia,1995,7.925,13754792054.0,1998531.0,28.651,3.966,0.576,14336.097,0.034,307.323,7.805,92.195,0.0,0.0,58.326,0.0,33.869,7.805,0.8,6.13,2.0829831441666955,0.27660465603294826,6882.451187397143
MKD,North Macedonia,1996,9.416,13985282522.0,2012553.0,33.28,4.679,0.673,16536.369,0.039,316.739,7.127,92.873,0.0,0.0,48.562,0.0,44.311,7.127,0.85,6.64,2.3796444546363524,0.2829326923076923,6949.025701186503
MKD,North Macedonia,1997,8.446,14249362170.0,2025764.0,30.014,4.169,0.593,14815.951,0.035,325.184,8.375,91.625,0.0,0.0,50.404,0.0,41.221,8.375,0.9,6.73,2.1063398938087348,0.28140201239421603,7034.06821821298
MKD,North Macedonia,1998,9.647,14789521174.0,2037575.0,33.924,4.735,0.652,16649.197,0.04,334.832,8.919,91.081,0.0,0.0,57.68,0.568,32.834,8.919,1.08,7.05,2.293786228836025,0.2843709468223087,7258.39351876618
MKD,North Macedonia,1999,8.783,15508166039.0,2048088.0,32.504,4.288,0.566,15870.394,0.035,343.614,11.962,88.038,0.0,0.0,52.602,1.098,34.337,11.962,1.39,6.86,2.0959280367684228,0.2702128968742309,7572.0213384385825
MKD,North Macedonia,2000,8.468,16307994486.0,2057254.0,30.848,4.116,0.519,14994.607,0.033,352.082,10.608,89.392,0.0,0.0,50.738,1.875,36.78,10.608,1.17,6.81,1.8915875907661255,0.2745072614107884,7927.069037658937
MKD,North Macedonia,2001,8.292,15872667390.0,2066300.0,29.025,4.013,0.522,14046.638,0.032,360.374,5.981,94.019,0.0,0.0,59.444,2.649,31.927,5.981,0.63,6.37,1.8286151462032243,0.28568475452196385,7681.685810385714
MKD,North Macedonia,2002,7.837,16017432272.0,2074482.0,28.361,3.778,0.489,13671.603,0.03,368.211,7.348,92.652,0.0,0.0,52.939,2.782,36.931,7.348,0.76,6.09,1.7706333648482306,0.2763301717146786,7721.171970641346
MKD,North Macedonia,2003,8.533,16466000239.0,2081417.0,31.976,4.1,0.518,15362.422,0.031,376.744,11.797,88.203,0.0,0.0,54.217,2.203,31.784,11.797,1.37,6.73,1.9419409410832087,0.26685639229422065,7910.956929341886
MKD,North Macedonia,2004,8.229,17324217189.0,2086581.0,31.577,3.944,0.475,15133.405,0.029,384.974,12.822,87.178,0.0,0.0,52.199,2.171,32.808,12.822,1.48,6.66,1.822708619703163,0.2606010703993413,8302.681366790937
MKD,North Macedonia,2005,8.596,18219129334.0,2089809.0,32.584,4.113,0.472,15591.887,0.029,393.569,12.409,87.591,0.0,0.0,52.49,2.249,32.853,12.409,1.49,6.94,1.7884498980526313,0.26381045912104095,8718.083487055515
MKD,North Macedonia,2006,8.651,19227779553.0,2089232.0,33.184,4.141,0.45,15883.402,0.028,402.22,13.409,86.591,0.0,0.0,50.111,2.366,34.114,13.409,1.65,7.01,1.7258363041104499,0.2606979267116683,9203.27639678121
MKD,North Macedonia,2007,9.013,20547244002.0,2081972.0,32.878,4.329,0.439,15791.787,0.029,411.233,8.212,91.788,0.0,0.0,51.723,3.037,37.027,8.212,1.01,6.5,1.6001172710461689,0.27413467972504413,9869.126002655175
MKD,North Macedonia,2008,8.936,21752220835.0,2070837.0,31.796,4.315,0.411,15354.295,0.028,420.17,7.049,92.951,0.0,0.0,54.776,3.569,34.606,7.049,0.84,6.31,1.4617358034927288,0.28104164045791924,10504.071945305208
MKD,North Macedonia,2009,8.248,21758909955.0,2060601.0,31.139,4.002,0.379,15111.765,0.026,428.417,10.849,89.151,0.0,0.0,50.282,2.42,36.449,10.849,1.27,6.82,1.431091909677421,0.2648768425447188,10559.496940455721
MKD,North Macedonia,2010,8.182,22583127369.0,2051510.0,33.899,3.988,0.362,16523.738,0.025,436.599,18.923,81.077,0.0,0.0,44.971,3.311,32.794,18.923,2.43,7.26,1.5010764207322929,0.24136405203693323,11008.051322684267
MKD,North Macedonia,2011,8.823,23201482935.0,2040445.0,33.791,4.324,0.38,16560.482,0.026,445.422,11.084,88.916,0.009,0.0,51.257,3.823,33.836,11.084,1.43,6.76,1.4564155271741468,0.26110502796602647,11370.795554401124
MKD,North Macedonia,2012,8.457,23095684802.0,2027288.0,31.354,4.171,0.366,15466.217,0.024,453.879,8.636,91.364,0.023,0.0,51.91,4.268,35.186,8.636,1.04,6.26,1.3575696182554786,0.26972635070485423,11392.404434890355
MKD,North Macedonia,2013,7.452,23771197646.0,2013280.0,30.12,3.702,0.314,14960.775,0.021,461.331,13.683,86.317,0.078,0.0,45.357,5.047,35.913,13.683,1.59,6.09,1.2670796166245464,0.24741035856573707,11807.199021497257
MKD,North Macedonia,2014,7.167,24633991465.0,1997842.0,27.963,3.587,0.291,13996.478,0.02,468.498,11.857,88.143,0.132,0.648,45.148,4.658,38.337,11.857,1.29,5.38,1.1351388198591308,0.25630297178414335,12330.300126336317
MKD,North Macedonia,2015,6.72,25583815729.0,1980366.0,29.477,3.393,0.263,14884.378,0.019,475.218,17.673,82.327,0.196,1.049,38.752,4.466,39.109,17.673,2.03,5.65,1.1521737145169852,0.2279743528853004,12918.731047190267
MKD,North Macedonia,2016,6.606,26312536822.0,1961268.0,30.592,3.368,0.251,15598.139,0.019,481.824,17.241,82.759,0.197,0.909,33.674,6.767,42.319,17.241,2.07,5.63,1.1626397031555669,0.21593880753138076,13416.084299544988
MKD,North Macedonia,2017,7.09,26597107306.0,1940877.0,29.433,3.653,0.267,15164.854,0.02,488.914,11.201,88.799,0.203,0.945,38.099,9.007,41.693,11.201,1.29,5.6,1.1066241024399017,0.24088608025005945,13703.654227444604
MKD,North Macedonia,2018,6.654,27363281668.0,1919730.0,30.426,3.466,0.243,15849.292,0.018,495.568,16.351,83.649,0.188,0.804,33.363,8.063,42.224,16.351,1.96,5.61,1.1119280344061107,0.2186945375665549,14253.713630562632
MKD,North Macedonia,2019,7.625,28433274864.0,1897643.0,31.058,4.018,0.268,16366.357,0.021,503.192,10.903,89.097,0.186,0.817,38.609,9.203,41.286,10.903,1.34,5.87,1.092311742089309,0.24550840363191448,14983.468894834275
MKD,North Macedonia,2020,6.98,27100243788.0,1872021.0,27.708,3.729,0.258,14801.113,0.02,510.172,13.396,86.604,0.217,1.05,32.049,11.824,42.731,13.396,1.48,5.34,1.0224262267437283,0.25191280496607477,14476.463558902384
MKD,North Macedonia,2021,6.518,28165634846.0,1851109.0,28.998,3.521,0.231,15665.124,0.018,516.69,14.348,85.652,0.437,0.885,26.957,14.351,44.343,14.348,1.65,5.53,1.0295525081735628,0.22477412235326574,15215.54638111532
MKD,North Macedonia,2022,7.352,28770256385.0,1840236.0,30.734,3.995,0.256,16701.213,0.02,524.043,13.053,86.947,0.813,0.867,32.377,9.113,45.457,13.053,1.61,5.94,1.0682560345907741,0.23921389991540315,15634.003673985293
NOR,Norway,1990,35.009,124859200464.0,4241440.0,492.923,8.254,0.28,116215.914,0.154,1357.396,71.558,28.442,0.0,0.0,2.003,4.736,21.703,71.558,121.35,121.6,3.9478308219835343,0.07102326326829951,29437.926851258064
NOR,Norway,1991,33.466,132697585836.0,4261618.0,456.607,7.853,0.252,107144.062,0.144,1390.862,70.179,29.821,0.0,0.0,1.923,5.756,22.143,70.179,110.34,110.56,3.4409593597604506,0.07329278788980458,31137.841504330045
NOR,Norway,1992,34.402,141648316012.0,4286255.0,478.213,8.026,0.243,111569.008,0.153,1425.264,71.026,28.974,0.0,0.0,1.845,5.918,21.21,71.026,116.9,117.11,3.3760584909423654,0.07193865495082735,33047.10429314168
NOR,Norway,1993,35.948,150177267961.0,4311864.0,490.582,8.337,0.239,113774.93,0.158,1461.212,70.755,29.245,0.0,0.004,1.945,6.068,21.232,70.755,119.48,119.72,3.2666861413899255,0.07327623108878842,34828.85080814237
NOR,Norway,1994,37.863,162645039026.0,4336467.0,475.377,8.731,0.233,109623.219,0.165,1499.075,68.297,31.703,0.0,0.005,2.259,6.712,22.732,68.297,111.92,112.32,2.922788194750948,0.07964836329902372,37506.347684878034
NOR,Norway,1995,38.469,174592147085.0,4358991.0,509.372,8.825,0.22,116855.484,0.164,1537.544,69.429,30.571,0.0,0.006,2.304,6.328,21.939,69.429,121.83,122.25,2.9174966257331882,0.07552240798473414,40053.33965704449
NOR,Norway,1996,41.54,189011166346.0,4381137.0,467.217,9.482,0.22,106642.828,0.171,1579.084,64.532,35.468,0.0,0.006,2.49,7.467,25.511,64.532,104.17,104.69,2.4719015761466814,0.08890943608644378,43142.03512604148
NOR,Norway,1997,41.644,205129717023.0,4404988.0,490.0,9.454,0.203,111237.547,0.171,1620.728,65.003,34.997,0.0,0.006,2.357,8.225,24.416,65.003,110.03,110.5,2.3887323938786458,0.08498775510204082,46567.5995083301
NOR,Norway,1998,41.838,216978667712.0,4431308.0,509.797,9.441,0.193,115044.422,0.172,1662.566,65.899,34.101,0.0,0.006,2.46,8.078,23.563,65.899,115.98,116.42,2.349525902134598,0.08206796038423136,48964.925866583864
NOR,Norway,1999,42.609,228192617125.0,4461789.0,525.608,9.55,0.187,117802.125,0.172,1705.175,67.145,32.855,0.0,0.014,2.237,7.491,23.127,67.145,121.75,122.29,2.303352346023013,0.08106611771510328,51143.749093693135
NOR,Norway,2000,42.131,242751277829.0,4490864.0,583.177,9.381,0.174,129858.625,0.165,1747.306,70.793,29.207,0.003,0.015,2.07,7.596,19.541,70.793,142.11,142.52,2.402364285022649,0.07224393280256251,54054.470994668285
NOR,Norway,2001,43.519,255455331302.0,4513650.0,519.16,9.642,0.17,115019.922,0.169,1790.825,66.998,33.002,0.003,0.015,2.066,7.884,23.053,66.998,120.74,121.32,2.0322926805009507,0.08382579551583327,56596.17633223666
NOR,Norway,2002,42.571,267081351259.0,4538016.0,543.437,9.381,0.159,119752.211,0.162,1833.396,68.324,31.676,0.003,0.039,1.715,8.055,21.906,68.324,129.7,130.24,2.0347246164446964,0.07833658731370886,58854.21101622383
NOR,Norway,2003,43.919,277856282106.0,4564666.0,479.93,9.622,0.158,105140.305,0.159,1877.315,62.65,37.35,0.004,0.129,1.888,9.785,25.676,62.65,106.03,106.67,1.7272598494530724,0.09151126205905027,60871.10910327284
NOR,Norway,2004,44.257,297743119876.0,4591739.0,486.499,9.638,0.149,105950.953,0.155,1921.572,63.413,36.587,0.004,0.146,2.103,10.206,24.278,63.413,109.39,110.1,1.6339554720949068,0.09097038226183404,64843.215147028175
NOR,Norway,2005,43.279,314940774381.0,4623120.0,558.437,9.361,0.137,120792.133,0.146,1964.851,68.685,31.315,0.003,0.251,1.571,8.22,21.524,68.685,136.52,137.25,1.773149256705739,0.07750023726937864,68122.99364520064
NOR,Norway,2006,43.859,332457531096.0,4660487.0,511.197,9.411,0.132,109687.391,0.143,2008.71,65.662,34.338,0.004,0.347,1.469,8.852,24.018,65.662,120.4,121.22,1.5376309819625877,0.08579666938577496,71335.36282710369
NOR,Norway,2007,45.605,352692911227.0,4709017.0,552.72,9.685,0.129,117374.898,0.145,2054.315,67.798,32.202,0.004,0.448,1.495,7.854,22.853,67.798,134.94,136.11,1.5671423564401006,0.08251013171225938,74897.35357230606
NOR,Norway,2008,44.692,364943654963.0,4768097.0,559.907,9.373,0.122,117427.766,0.139,2099.007,69.317,30.683,0.004,0.45,1.524,7.839,21.319,69.317,140.35,141.19,1.5342286196392878,0.07982039874479155,76538.63899224365
NOR,Norway,2009,43.098,370113292846.0,4828625.0,513.943,8.926,0.116,106436.703,0.137,2142.105,67.628,32.372,0.004,0.52,1.319,8.062,22.991,67.628,126.48,130.97,1.3886099471002948,0.08385754840517333,76649.83154541925
NOR,Norway,2010,45.659,383760934305.0,4889160.0,497.932,9.339,0.119,101844.125,0.137,2187.764,64.629,35.371,0.004,0.479,1.855,8.444,25.071,64.629,117.96,123.14,1.297505700786784,0.09169725986680913,78492.2019948212
NOR,Norway,2011,44.775,399420041611.0,4952969.0,504.038,9.04,0.112,101764.828,0.13,2232.539,65.624,34.376,0.005,0.687,2.033,8.322,24.021,65.624,121.91,125.93,1.2619246594813804,0.08883258801915729,80642.54825963982
NOR,Norway,2012,44.258,410276121127.0,5018453.0,560.942,8.819,0.108,111775.836,0.127,2276.797,69.202,30.798,0.004,0.742,1.773,7.42,21.605,69.202,143.59,146.18,1.3672304360759073,0.07889942275671995,81753.50474080359
NOR,Norway,2013,44.539,414445317738.0,5080126.0,523.236,8.767,0.107,102996.664,0.126,2321.336,66.873,33.127,0.005,0.959,1.801,7.878,23.448,66.873,130.42,133.14,1.2624970716420887,0.08512220107179169,81581.70048105106
NOR,Norway,2014,44.975,422933730082.0,5137397.0,541.939,8.754,0.106,105489.086,0.127,2366.311,67.914,32.086,0.006,1.086,1.904,8.175,22.006,67.914,137.94,140.88,1.2813804183812125,0.08298904489250636,82324.5176656583
NOR,Norway,2015,45.523,430788988142.0,5189777.0,549.27,8.772,0.106,105836.883,0.129,2411.834,67.676,32.324,0.006,1.209,1.683,8.562,22.08,67.676,140.07,143.0,1.2750325916384506,0.08287909407031151,83007.22519329829
NOR,Norway,2016,44.708,435806553454.0,5235974.0,557.634,8.539,0.103,106500.5,0.126,2456.542,69.046,30.954,0.011,0.996,1.705,8.143,21.106,69.046,145.15,148.03,1.2795447787107659,0.08017445134263693,83233.13932689505
NOR,Norway,2017,44.197,446543702505.0,5276807.0,560.158,8.376,0.099,106154.727,0.123,2500.739,68.894,31.106,0.019,1.329,1.773,8.466,20.867,68.894,145.48,148.27,1.2544304104114599,0.07890095294541898,84623.84591761646
NOR,Norway,2018,44.472,450245217440.0,5311751.0,551.629,8.372,0.099,103850.727,0.121,2545.211,68.132,31.868,0.029,1.823,1.756,8.29,21.822,68.132,143.05,145.94,1.2251745907184688,0.08061940180809929,84763.99165548234
NOR,Norway,2019,42.866,455304831150.0,5347733.0,515.945,8.016,0.094,96479.188,0.116,2588.077,66.741,33.259,0.053,2.763,1.834,9.148,22.276,66.741,131.07,133.83,1.1331858673601953,0.08308249910358662,85139.78374574796
NOR,Norway,2020,41.275,449485260525.0,5379275.0,556.381,7.673,0.092,103430.57,0.117,2629.352,70.963,29.037,0.062,4.594,1.685,8.18,19.172,70.963,152.03,154.32,1.2378181196645814,0.07418477625943373,83558.70642884032
NOR,Norway,2021,41.058,467007972731.0,5408082.0,569.2,7.592,0.088,105249.945,0.111,2670.41,71.305,28.695,0.049,5.317,1.796,7.649,19.25,71.305,156.06,157.13,1.2188228750601295,0.07213281799016164,86353.71518608631
NOR,Norway,2022,40.833,482328451592.0,5456796.0,533.568,7.483,0.085,97780.367,0.109,2711.243,69.648,30.352,0.083,7.106,1.829,7.579,20.943,69.648,143.45,145.42,1.1062337256673869,0.07652820259086002,88390.41290750103
OMN,Oman,1990,11.285,18309502487.0,1763957.0,46.62,6.398,0.616,26429.148,0.05,142.236,0.0,100.0,0.0,0.0,0.0,52.503,47.497,0.0,0.0,4.501,2.5462188299819095,0.24206349206349206,10379.789579337817
OMN,Oman,1991,11.658,20523449762.0,1851476.0,60.838,6.297,0.568,32859.074,0.05,153.894,0.0,100.0,0.0,0.0,0.0,40.79,59.21,0.0,0.0,4.625,2.964316462656489,0.19162365626746442,11084.91266535456
OMN,Oman,1992,11.956,23477627483.0,1938240.0,60.325,6.168,0.509,31123.568,0.053,165.85,0.0,100.0,0.0,0.0,0.0,44.965,55.035,0.0,0.0,5.113,2.5694674661518055,0.1981931205967675,12112.858821920918
OMN,Oman,1993,13.291,26328163578.0,2021677.0,58.186,6.574,0.505,28780.873,0.058,179.142,0.0,100.0,0.0,0.0,0.0,44.739,55.261,0.0,0.0,5.833,2.210028809173027,0.22842264462241776,13022.932732577954
OMN,Oman,1994,17.466,28891343065.0,2081839.0,54.529,8.39,0.605,26192.926,0.076,196.608,0.0,100.0,0.0,0.0,0.0,49.986,50.014,0.0,0.0,6.198,1.8873819703473174,0.32030662583212605,13877.798938822838
OMN,Oman,1995,18.816,32313285852.0,2120531.0,63.868,8.873,0.582,30118.717,0.08,215.424,0.0,100.0,0.0,0.0,0.0,52.208,47.792,0.0,0.0,6.5,1.9765244640401358,0.29460762823323106,15238.299205246232
OMN,Oman,1996,18.197,35842067925.0,2156925.0,65.517,8.437,0.508,30375.232,0.075,233.621,0.0,100.0,0.0,0.0,0.0,55.606,44.394,0.0,0.0,6.802,1.8279358249388729,0.2777447074805013,16617.206404951492
OMN,Oman,1997,18.145,41346951900.0,2190726.0,67.491,8.282,0.439,30807.531,0.074,251.766,0.0,100.0,0.0,0.0,0.001,62.407,37.593,0.0,0.0,7.318,1.6323089586683657,0.2688506615696908,18873.62997472071
OMN,Oman,1998,18.543,46306004470.0,2222492.0,69.236,8.343,0.4,31152.215,0.076,270.309,0.0,100.0,0.0,0.0,0.001,63.434,36.565,0.0,0.0,8.2,1.4951840650569521,0.26782309781038766,20835.172621543745
OMN,Oman,1999,22.076,50522589652.0,2252910.0,78.674,9.799,0.437,34921.227,0.089,292.385,0.0,100.0,0.0,0.0,0.0,59.781,40.219,0.0,0.0,8.413,1.557204421663797,0.2806009609273712,22425.480668113683
OMN,Oman,2000,23.984,58124187550.0,2282139.0,110.96,10.51,0.413,48620.898,0.094,316.369,0.0,100.0,0.0,0.0,0.003,69.171,30.827,0.0,0.0,9.11,1.9090159308385894,0.21614996395097333,25469.170611430767
OMN,Oman,2001,22.512,64949142360.0,2310223.0,123.192,9.744,0.347,53324.789,0.088,338.881,0.0,100.0,0.0,0.0,0.001,68.41,31.588,0.0,0.0,9.74,1.896745600075388,0.18273913890512372,28113.79782817503
OMN,Oman,2002,26.979,68131998222.0,2337144.0,131.161,11.544,0.396,56120.254,0.103,365.86,0.0,100.0,0.0,0.0,0.003,65.871,34.126,0.0,0.0,10.33,1.9251013242357504,0.20569376567729736,29151.818724905268
OMN,Oman,2003,34.563,69978417960.0,2363801.0,136.129,14.622,0.494,57588.852,0.125,400.423,0.0,100.0,0.0,0.0,0.0,68.583,31.417,0.0,0.0,10.71,1.94529976481909,0.25389887533148703,29604.19170649306
OMN,Oman,2004,29.247,74745449481.0,2404822.0,141.451,12.162,0.391,58819.918,0.102,429.671,0.0,100.0,0.0,0.0,0.007,70.463,29.531,0.0,0.0,11.5,1.8924362751468407,0.20676417982198783,31081.48939131462
OMN,Oman,2005,31.835,80936605625.0,2459808.0,156.123,12.942,0.393,63469.539,0.108,461.506,0.0,100.0,0.0,0.0,0.002,69.575,30.423,0.0,0.0,12.65,1.9289541338483824,0.20390973783491223,32903.6272851377
OMN,Oman,2006,40.45,90553430362.0,2514794.0,170.587,16.085,0.447,67833.375,0.132,501.956,0.0,100.0,0.0,0.0,0.021,70.656,29.323,0.0,0.0,13.29,1.883827032482973,0.23712240674846266,36008.2894909086
OMN,Oman,2007,45.308,100681198254.0,2570175.0,172.055,17.629,0.45,66942.758,0.144,547.264,0.0,100.0,0.0,0.0,0.005,70.297,29.699,0.0,0.0,14.17,1.7089089421238028,0.2633343988840778,39172.896107852575
OMN,Oman,2008,47.436,115217924982.0,2626536.0,201.005,18.06,0.412,76528.727,0.148,594.7,0.0,100.0,0.0,0.0,0.007,66.567,33.426,0.0,0.0,16.05,1.7445636174354133,0.23599412949926618,43866.874462029074
OMN,Oman,2009,44.504,127016653137.0,2684665.0,199.422,16.577,0.35,74281.891,0.141,639.204,0.0,100.0,0.0,0.0,0.008,67.933,32.058,0.0,0.0,18.45,1.5700460929710034,0.2231649466959513,47311.9190427856
OMN,Oman,2010,51.429,135198273857.0,2757450.0,237.083,18.651,0.38,85979.016,0.154,690.633,0.0,100.0,0.0,0.0,0.145,69.093,30.761,0.0,0.0,19.81,1.753594873931335,0.2169240308246479,49030.18145641807
OMN,Oman,2011,57.305,132756531310.0,3076762.0,259.864,18.625,0.432,84460.266,0.166,747.938,0.0,100.0,0.0,0.0,0.046,69.584,30.37,0.0,0.0,21.87,1.9574479495339563,0.22051919465566608,43148.131480433
OMN,Oman,2012,63.105,144522749866.0,3547104.0,283.45,17.791,0.437,79910.391,0.181,811.043,0.0,100.0,0.0,0.0,0.127,69.556,30.318,0.0,0.0,25.02,1.961282914024345,0.22263185747045333,40743.87158256426
OMN,Oman,2013,65.587,152076951430.0,3833915.0,317.62,17.107,0.431,82844.789,0.186,876.63,0.001,99.999,0.001,0.0,0.164,68.407,31.427,0.001,0.0,26.24,2.0885479161265166,0.20649518292298974,39666.229279991865
OMN,Oman,2014,66.19,154041791696.0,4002444.0,315.968,16.537,0.43,78943.883,0.187,942.82,0.001,99.999,0.001,0.0,0.132,67.457,32.411,0.001,0.0,29.13,2.0511836205044913,0.2094832388089933,38486.93240829853
OMN,Oman,2015,67.883,161770059399.0,4184898.0,337.424,16.221,0.42,80629.07,0.192,1010.703,0.003,99.997,0.003,0.0,0.17,68.438,31.39,0.003,0.0,32.75,2.0858247889231216,0.20118011759685145,38655.6755741717
OMN,Oman,2016,66.24,169932976616.0,4390880.0,338.644,15.086,0.39,77124.477,0.187,1076.943,0.003,99.997,0.003,0.0,0.189,67.719,32.089,0.003,0.0,34.23,1.9928092048033663,0.195603642763492,38701.34838938891
OMN,Oman,2017,66.344,170449577065.0,4537397.0,351.916,14.622,0.389,77558.961,0.184,1143.287,0.011,99.989,0.011,0.0,0.251,66.354,33.384,0.011,0.02,36.15,2.064634046383106,0.18852226099410085,37565.49780964725
OMN,Oman,2018,70.678,172643265345.0,4597878.0,376.007,15.372,0.409,81778.438,0.192,1213.965,0.01,99.99,0.01,0.0,0.23,66.479,33.28,0.01,0.05,37.76,2.1779418921937674,0.18796990481560183,37548.46591079624
OMN,Oman,2019,72.035,170692383655.0,4591248.0,373.409,15.69,0.422,81330.617,0.194,1286.0,0.017,99.983,0.011,0.006,0.261,66.942,32.78,0.017,0.06,38.89,2.187613717755133,0.19291179377036977,37177.77468239572
OMN,Oman,2020,71.845,165230251016.0,4522502.0,361.553,15.886,0.435,79945.422,0.204,1357.845,0.109,99.891,0.038,0.071,0.31,71.918,27.663,0.109,0.1,38.2,2.188176788310932,0.19871222199788136,36535.141613204374
OMN,Oman,2021,75.041,170025212745.0,4500429.0,398.343,16.674,0.441,88512.25,0.204,1432.886,0.496,99.504,0.423,0.074,0.246,71.455,27.803,0.496,0.7,41.0,2.342846649440315,0.1883828760640955,37779.77893774127
OMN,Oman,2022,77.994,177355008173.0,4730229.0,424.561,16.488,0.44,89754.836,0.208,1510.88,1.136,98.864,1.069,0.067,0.332,68.741,29.791,1.136,1.9,42.4,2.3938483856394077,0.18370505062876713,37493.95815149753
PAK,Pakistan,1990,67.827,290069526062.0,116155584.0,305.498,0.584,0.234,2630.075,0.298,989.752,15.694,83.921,0.0,0.0,7.957,33.769,42.195,16.079,17.085,45.985,1.0531888824981301,0.2220210934277802,2497.249947639194
PAK,Pakistan,1991,67.477,311483364597.0,120060409.0,323.701,0.562,0.217,2696.148,0.291,1057.229,15.851,83.785,0.0,0.0,7.434,34.427,41.924,16.215,18.283,50.22,1.0392240382365436,0.208454715926117,2594.388668099573
PAK,Pakistan,1992,72.015,327814343506.0,123546855.0,340.029,0.583,0.22,2752.224,0.32,1129.244,16.468,83.076,0.0,0.0,7.27,32.167,43.639,16.924,19.945,53.575,1.0372608970167787,0.21179075902349506,2653.3604882617205
PAK,Pakistan,1993,77.176,338978430026.0,127020117.0,376.314,0.608,0.228,2962.63,0.339,1206.42,16.362,83.334,0.0,0.0,6.896,33.458,42.981,16.666,21.933,57.012,1.1101414328077934,0.2050840521479403,2668.698770179845
PAK,Pakistan,1994,84.018,356454516834.0,130748076.0,389.382,0.643,0.236,2978.108,0.366,1290.438,15.512,84.064,0.0,0.0,6.613,32.946,44.505,15.936,21.527,57.923,1.0923749920704027,0.21577268594850302,2726.2696916014274
PAK,Pakistan,1995,83.614,376967615526.0,134582255.0,410.68,0.621,0.222,3051.513,0.356,1374.053,15.541,84.103,0.0,0.0,6.322,32.039,45.742,15.897,22.747,63.75,1.089430452605218,0.20359890912632705,2801.02020527149
PAK,Pakistan,1996,93.542,391435181933.0,138557089.0,437.427,0.675,0.239,3157.013,0.386,1467.595,15.909,83.881,0.0,0.0,6.017,32.689,45.175,16.119,24.797,67.565,1.117495361147359,0.2138459674414245,2825.0823163079012
PAK,Pakistan,1997,93.788,402359547116.0,142531801.0,422.885,0.658,0.233,2966.948,0.385,1561.383,12.213,87.488,0.0,0.0,5.805,33.635,48.049,12.512,18.447,62.481,1.0510127149489075,0.2217813353512184,2822.9457867862066
PAK,Pakistan,1998,96.741,419024845538.0,146522354.0,453.849,0.66,0.231,3097.472,0.398,1658.124,14.898,84.859,0.0,0.0,5.423,33.065,46.371,15.141,24.108,66.396,1.083107612431163,0.21315679884719366,2859.8014848846888
PAK,Pakistan,1999,99.389,440333180316.0,150565381.0,473.722,0.66,0.226,3146.288,0.4,1757.513,12.713,87.24,0.0,0.0,5.19,36.075,45.974,12.76,21.505,65.302,1.0758262633309597,0.20980448448668207,2924.531372294671
PAK,Pakistan,2000,103.94,459798536606.0,154879124.0,483.754,0.671,0.226,3123.431,0.407,1861.453,10.753,88.7,0.0,0.0,4.909,37.363,46.428,11.3,17.19,66.49,1.0520999122155261,0.21486127246493053,2968.757342700363
PAK,Pakistan,2001,105.401,477964444881.0,159270910.0,495.15,0.662,0.221,3108.855,0.41,1966.854,10.829,87.999,0.0,0.0,4.978,38.544,44.477,12.001,18.94,72.11,1.0359557186796158,0.21286680803796829,3000.9525586373557
PAK,Pakistan,2002,110.566,504824722487.0,163222552.0,514.109,0.677,0.219,3149.744,0.421,2077.42,11.551,87.431,0.0,0.0,5.379,40.271,41.781,12.569,22.35,75.77,1.0183910912034209,0.21506334259855397,3092.8613497416704
PAK,Pakistan,2003,113.142,543920300431.0,167110250.0,554.231,0.677,0.208,3316.559,0.409,2190.562,12.784,86.272,0.0,0.0,5.371,46.477,34.424,13.728,28.14,82.08,1.0189562690725642,0.20414231611006964,3254.8589953698233
PAK,Pakistan,2004,124.637,592025705114.0,171285999.0,618.905,0.728,0.211,3613.283,0.436,2315.199,12.115,86.82,0.0,0.0,5.718,49.946,31.155,13.18,26.87,85.96,1.0454022429327188,0.20138308787293688,3456.3578375953543
PAK,Pakistan,2005,129.947,641139042718.0,175453212.0,641.339,0.741,0.203,3655.326,0.439,2445.146,12.98,85.947,0.0,0.0,6.049,51.289,28.608,14.053,31.86,94.56,1.0003118781865978,0.2026182720838745,3654.188118927113
PAK,Pakistan,2006,137.912,685965623310.0,179682690.0,679.627,0.768,0.201,3782.373,0.451,2583.058,11.995,87.0,0.0,0.0,6.6,49.414,30.986,13.0,33.01,99.53,0.9907595612744934,0.20292307398028625,3817.6500101929687
PAK,Pakistan,2007,148.349,719253757580.0,184493231.0,717.055,0.804,0.206,3886.621,0.471,2731.407,11.84,87.294,0.0,0.0,7.851,47.498,31.944,12.706,29.96,96.15,0.9969430016085034,0.20688650103548542,3898.5373809188695
PAK,Pakistan,2008,147.901,746912719652.0,189499112.0,718.677,0.78,0.198,3792.511,0.461,2879.308,10.105,89.249,0.001,0.0,8.454,48.478,32.317,10.751,29.06,93.01,0.9621967615370702,0.20579620608423535,3941.5103942650667
PAK,Pakistan,2009,148.355,774880575078.0,194376535.0,745.362,0.763,0.191,3834.629,0.471,3027.663,10.194,88.904,0.003,0.0,8.786,46.869,33.249,11.096,29.1,96.11,0.9619056458151263,0.19903751465730746,3986.49237716888
PAK,Pakistan,2010,147.504,805491514683.0,199239048.0,749.47,0.74,0.183,3761.661,0.443,3175.167,10.436,88.675,0.005,0.0,8.406,47.498,32.77,11.325,32.82,94.54,0.9304505216233753,0.19681107982974635,4042.8396078413302
PAK,Pakistan,2011,149.488,845096928750.0,203746069.0,753.328,0.734,0.177,3697.388,0.434,3324.655,10.606,88.029,0.009,0.0,7.954,47.248,32.827,11.971,29.68,94.83,0.8914101736403927,0.19843680309241127,4147.7950121825415
PAK,Pakistan,2012,150.555,878485024934.0,207667129.0,701.794,0.725,0.171,3379.42,0.431,3475.21,3.989,95.011,0.024,0.007,8.723,52.292,33.997,4.989,31.11,98.1,0.7988684839024152,0.21452876485122416,4230.255549658993
PAK,Pakistan,2013,148.183,918328534363.0,211073979.0,775.379,0.702,0.161,3673.495,0.42,3623.394,10.559,88.025,0.048,0.05,7.917,46.227,33.881,11.975,33.76,104.88,0.8443372616509655,0.1911104118115141,4350.742515556595
PAK,Pakistan,2014,150.81,961516822345.0,214264649.0,786.308,0.704,0.157,3669.797,0.425,3774.203,10.733,87.745,0.078,0.102,8.374,44.818,34.552,12.255,35.43,107.91,0.8177787239148961,0.19179507266872522,4487.5196483998625
PAK,Pakistan,2015,144.896,1010825281718.0,217290884.0,829.312,0.667,0.143,3816.599,0.409,3919.099,10.407,88.27,0.117,0.184,8.222,44.357,35.691,11.73,37.95,112.79,0.8204306075432741,0.1747183207285075,4651.945185689428
PAK,Pakistan,2016,176.741,1061146810870.0,220138863.0,900.437,0.803,0.167,4090.315,0.499,4095.84,10.286,88.228,0.126,0.258,8.228,43.224,36.776,11.772,35.85,122.9,0.8485508232944325,0.19628358230503634,4820.352010585246
PAK,Pakistan,2017,211.981,1117267177186.0,223273974.0,951.993,0.949,0.19,4263.787,0.589,4307.82,8.975,88.88,0.174,0.466,9.946,43.055,35.879,11.12,32.64,130.36,0.85207282504954,0.22267075493202157,5004.018861535559
PAK,Pakistan,2018,203.5,1165406508457.0,226928893.0,967.48,0.897,0.175,4263.363,0.554,4511.32,8.879,88.728,0.187,0.732,13.788,45.323,29.618,11.272,33.13,129.02,0.8301652624893481,0.21034026543184356,5135.558073061238
PAK,Pakistan,2019,190.826,1172330212219.0,230800908.0,973.635,0.827,0.163,4218.508,0.515,4702.146,10.438,87.21,0.179,0.806,14.758,46.006,26.446,12.79,40.78,134.97,0.8305125892448788,0.19599336507007245,5079.40034715548
PAK,Pakistan,2020,215.51,1202026422230.0,235001745.0,959.67,0.917,0.179,4083.671,0.613,4917.656,11.468,86.056,0.184,0.708,16.577,43.223,26.255,13.944,42.3,146.16,0.7983767929324047,0.22456677816332699,5114.968070683901
PAK,Pakistan,2021,243.552,1278204948031.0,239477805.0,1066.011,1.017,0.191,4451.399,0.661,5161.208,9.927,86.422,0.167,0.798,16.707,42.398,27.316,13.578,45.77,163.21,0.8339906692132022,0.22847043792231037,5337.467278151309
PAK,Pakistan,2022,211.97,1318834969356.0,243700667.0,979.101,0.87,0.161,4017.639,0.565,5373.177,10.571,83.805,0.214,1.173,15.533,39.263,29.009,16.195,50.55,175.97,0.7423984219027076,0.21649451895156885,5411.70028622039
PSE,Palestine,1990,0.861,10144810000.0,2139065.0,,0.403,0.085,,0.004,0.861,,,,,,,,,,,,,4742.637554258519
PSE,Palestine,1991,0.883,9454877455.0,2228955.0,,0.396,0.093,,0.004,1.744,,,,,,,,,,,,,4241.843130525291
PSE,Palestine,1992,0.912,11394776250.0,2324698.0,,0.392,0.08,,0.004,2.656,,,,,,,,,,,,,4901.6157152455935
PSE,Palestine,1993,0.934,12261093169.0,2425066.0,,0.385,0.076,,0.004,3.591,,,,,,,,,,,,,5055.983288289885
PSE,Palestine,1994,0.964,13843761534.0,2529164.0,,0.381,0.07,,0.004,4.554,,,,,,,,,,,,,5473.651188297793
PSE,Palestine,1995,0.945,14426654108.0,2636554.0,,0.359,0.066,,0.004,5.5,,,,,,,,,,,,,5471.784043869384
PSE,Palestine,1996,1.037,14210402096.0,2746830.0,,0.377,0.073,,0.004,6.537,,,,,,,,,,,,,5173.382443034334
PSE,Palestine,1997,0.865,15853595460.0,2859581.0,2.722,0.302,0.055,951.804,0.004,7.401,,,,,,,,,,,0.1716960677385671,0.3177810433504776,5544.027415205234
PSE,Palestine,1998,1.458,17641238398.0,2962895.0,4.314,0.492,0.083,1455.842,0.006,8.86,,,,,,,,,,,0.24454065540484285,0.3379694019471488,5954.054530450792
PSE,Palestine,1999,1.367,18589120867.0,3056256.0,4.391,0.447,0.074,1436.686,0.006,10.226,,,,,,,,,,,0.23621342996349243,0.31131860624003643,6082.317995285735
PSE,Palestine,2000,1.66,16535485180.0,3151800.0,5.764,0.527,0.1,1828.898,0.007,11.886,,,,,,,,,0.0,0.03,0.34858366339148444,0.2879944482997918,5246.3624532013455
PSE,Palestine,2001,1.345,14595986667.0,3242286.0,7.821,0.415,0.092,2412.219,0.005,13.231,,,,,,,,,0.0,0.04,0.5358322241882053,0.17197289349188083,4501.757916173959
PSE,Palestine,2002,1.154,12429343876.0,3322369.0,7.242,0.347,0.093,2179.74,0.004,14.385,,,,,,,,,0.0,0.15,0.5826534427117817,0.15934824634078984,3741.108791949359
PSE,Palestine,2003,1.275,13784762233.0,3398071.0,7.768,0.375,0.092,2286.105,0.005,15.66,,,,,,,,,0.0,0.34,0.5635207824915408,0.16413491246138,4056.643381789256
PSE,Palestine,2004,2.191,14801525695.0,3475178.0,11.815,0.63,0.148,3399.856,0.008,17.851,,,,,,,,,0.0,0.4,0.798228523427902,0.18544223444773592,4259.213684881753
PSE,Palestine,2005,2.737,15962719146.0,3557406.0,14.48,0.769,0.171,4070.336,0.009,20.588,,,,,,,,,0.0,0.5,0.9071136231591505,0.18901933701657458,4487.179463350542
PSE,Palestine,2006,2.268,14923434404.0,3645096.0,12.785,0.622,0.152,3507.5,0.007,22.856,,,,,,,,,0.0,0.35,0.8567062818042189,0.17739538521705123,4094.112858481642
PSE,Palestine,2007,2.327,15482101098.0,3736694.0,13.168,0.623,0.15,3523.865,0.007,25.183,,,,,,,,,0.0,0.42,0.8505305524520222,0.17671628189550426,4143.2616901464235
PSE,Palestine,2008,2.052,15978427884.0,3829039.0,12.63,0.536,0.128,3298.361,0.006,27.235,,,,,,,,,0.0,0.43,0.7904407174279675,0.16247030878859858,4172.960339134702
PSE,Palestine,2009,2.088,16895251586.0,3921245.0,12.954,0.533,0.124,3303.481,0.007,29.323,,,,,,,,,0.0,0.5,0.766724303219855,0.16118573413617415,4308.644725335958
PSE,Palestine,2010,2.034,17771111593.0,4016918.0,12.947,0.506,0.114,3223.226,0.006,31.357,,,,,,,,,0.0,0.47,0.7285419334770141,0.1571020313586159,4424.066309792732
PSE,Palestine,2011,2.246,19437411000.0,4115912.0,14.396,0.546,0.116,3497.762,0.007,33.603,,,,,,,,,0.0,0.57,0.7406336162773941,0.15601555987774382,4722.504028268826
PSE,Palestine,2012,2.195,20660752000.0,4215318.0,14.403,0.521,0.106,3416.787,0.006,35.797,,,,,,,,,0.0,0.46,0.6971188657605493,0.1523988058043463,4901.350740323743
PSE,Palestine,2013,2.437,21115612000.0,4315263.0,15.296,0.565,0.115,3544.621,0.007,38.234,,,,,,,,,0.0,0.53,0.7243929278488352,0.15932269874476987,4893.238720328286
PSE,Palestine,2014,2.836,21084591000.0,4415887.0,16.499,0.642,0.135,3736.321,0.008,41.07,,,,,,,,,0.0,0.34,0.7825145861259533,0.17188920540638827,4774.712532272678
PSE,Palestine,2015,3.001,21808077000.0,4521564.0,18.307,0.664,0.138,4048.837,0.008,44.071,,,,,,,,,0.01,0.52,0.8394596185624252,0.1639263669634566,4823.1269091845215
PSE,Palestine,2016,3.235,23665914839.0,4632743.0,19.166,0.698,0.137,4137.109,0.009,47.306,,,,,,,,,0.04,0.53,0.8098567129302598,0.16878847959929041,5108.402266000941
PSE,Palestine,2017,3.265,23886477912.0,4742747.0,19.236,0.688,0.137,4055.846,0.009,50.571,,,,,,,,,0.05,0.55,0.8053091824951008,0.16973383239758785,5036.422544150047
PSE,Palestine,2018,2.957,24082206405.0,4850593.0,18.46,0.61,0.123,3805.813,0.008,53.527,,,,,,,,,0.06,0.42,0.7665410589690526,0.16018418201516793,4964.796346549793
PSE,Palestine,2019,3.265,24410373377.0,4957773.0,20.572,0.658,0.134,4149.399,0.009,56.792,,,,,,,,,0.12,0.81,0.8427564659614506,0.15871086914252383,4923.656927616492
PSE,Palestine,2020,3.327,21647493143.0,5069692.0,21.139,0.656,0.154,4169.636,0.009,60.119,,,,,,,,,0.18,0.84,0.9765102989227911,0.15738682056861725,4269.981912707912
PSE,Palestine,2021,3.635,23165411997.0,5185341.0,22.642,0.701,0.157,4366.51,0.01,63.754,,,,,,,,,0.22,0.91,0.9774054527038939,0.1605423549156435,4467.480923048262
PSE,Palestine,2022,4.702,24076501614.0,5305274.0,27.152,0.886,0.195,5117.871,0.013,68.456,,,,,,,,,0.34,1.02,1.1277385907349455,0.17317324690630526,4538.220196355551
PAN,Panama,1990,2.618,17035767000.0,2455588.0,48.283,1.066,0.154,19662.305,0.012,100.072,,,,,,,,,,,2.834213452203238,0.05422198289252946,6937.551006113404
PAN,Panama,1991,3.089,18696766794.0,2508273.0,48.021,1.231,0.165,19145.158,0.013,103.161,,,,,,,,,,,2.5684119895751425,0.06432602403115303,7454.0398090638455
PAN,Panama,1992,4.098,20281943424.0,2561342.0,49.289,1.6,0.202,19243.258,0.018,107.259,,,,,,,,,,,2.4301911789022848,0.08314228326807198,7918.483132670295
PAN,Panama,1993,3.749,21447805218.0,2615099.0,48.714,1.434,0.175,18627.982,0.016,111.008,,,,,,,,,,,2.2712813504627007,0.0769593956562795,8201.527061881787
PAN,Panama,1994,4.136,22126487628.0,2669545.0,54.591,1.549,0.187,20449.391,0.018,115.143,,,,,,,,,,,2.467223940726938,0.0757634042241395,8288.486475410604
PAN,Panama,1995,3.608,22570156089.0,2724555.0,57.679,1.324,0.16,21170.059,0.015,118.752,,,,,,,,,,,2.5555428049569833,0.06255309558071395,8283.978884258164
PAN,Panama,1996,4.397,23274084902.0,2780228.0,50.225,1.581,0.189,18064.951,0.018,123.148,,,,,,,,,,,2.1579795816455083,0.08754604280736684,8371.286420394299
PAN,Panama,1997,4.572,24846156289.0,2836702.0,52.108,1.612,0.184,18369.316,0.019,127.721,,,,,,,,,,,2.0972257999950474,0.087740845935365,8758.817912138815
PAN,Panama,1998,5.835,26740256885.0,2893918.0,56.713,2.016,0.218,19597.389,0.024,133.556,,,,,,,,,,,2.120884636370613,0.10288646342108511,9240.157075977964
PAN,Panama,1999,5.552,27866809468.0,2951820.0,36.277,1.881,0.199,12289.545,0.022,139.108,,,,,,,,,,,1.301799549089306,0.15304462882818315,9440.551750445487
PAN,Panama,2000,5.636,28706485449.0,3010376.0,60.304,1.872,0.196,20032.027,0.022,144.744,,,,,,,,,3.44,4.89,2.1007099635075916,0.09345980366144865,9535.847166267602
PAN,Panama,2001,6.909,28943056968.0,3069545.0,63.17,2.251,0.239,20579.553,0.027,151.653,,,,,,,,,2.52,5.12,2.1825614367494754,0.10937153712205161,9429.103325737202
PAN,Panama,2002,5.71,29668000666.0,3129343.0,60.706,1.825,0.192,19399.074,0.022,157.363,,,,,,,,,3.42,5.29,2.0461776539451826,0.09405989523276118,9480.58447603858
PAN,Panama,2003,5.929,31009621095.0,3189813.0,62.443,1.859,0.191,19575.773,0.021,163.292,,,,,,,,,2.84,5.57,2.013665365619973,0.09495059494258765,9721.45423415103
PAN,Panama,2004,5.505,33428600750.0,3251158.0,61.974,1.693,0.165,19062.01,0.019,168.796,,,,,,,,,3.8,5.76,1.853921450780437,0.08882757285313196,10282.059730717487
PAN,Panama,2005,6.742,35933065263.0,3313024.0,62.053,2.035,0.188,18729.881,0.023,175.538,,,,,,,,,3.74,5.82,1.726905276402776,0.1086490580632685,10846.002100497913
PAN,Panama,2006,7.282,39099565107.0,3375024.0,68.232,2.158,0.186,20216.604,0.024,182.82,,,,,,,,,3.6,5.98,1.7450833484535206,0.10672411771602767,11584.973945963051
PAN,Panama,2007,7.134,43958183203.0,3437490.0,63.93,2.075,0.162,18597.801,0.023,189.954,,,,,,,,,3.73,6.46,1.454336720532094,0.11159080244016893,12787.872314683098
PAN,Panama,2008,6.809,47885663330.0,3500646.0,75.67,1.945,0.142,21616.078,0.021,196.763,,,,,,,,,3.99,6.43,1.580222445255203,0.08998282014008194,13679.093324489251
PAN,Panama,2009,8.051,48772972500.0,3564383.0,73.326,2.259,0.165,20571.918,0.026,204.814,,,,,,,,,3.92,6.91,1.503414621694423,0.10979734337070071,13683.426416297014
PAN,Panama,2010,9.06,51741885375.0,3628537.0,83.608,2.497,0.175,23041.707,0.027,213.874,,,,,,,,,4.21,7.38,1.6158669015257159,0.10836283609223998,14259.710008468977
PAN,Panama,2011,9.899,57996520000.0,3693509.0,84.624,2.68,0.171,22911.555,0.029,223.774,,,,,,,,,4.12,7.82,1.4591220300804255,0.11697627150690111,15702.282030448552
PAN,Panama,2012,9.54,63359010000.0,3759261.0,92.73,2.538,0.151,24667.205,0.027,233.314,,,,,,,,,5.42,8.61,1.463564534862524,0.10287932707861533,16854.113082331874
PAN,Panama,2013,10.274,67546261000.0,3825333.0,91.481,2.686,0.152,23914.467,0.029,243.587,,,,,,,,,5.18,8.95,1.3543458756362547,0.11230747368305986,17657.61595134332
PAN,Panama,2014,10.689,71636840000.0,3892100.0,93.806,2.746,0.149,24101.709,0.03,254.276,,,,,,,,,5.19,9.3,1.3094659116733793,0.1139479351001002,18405.70386166851
PAN,Panama,2015,10.652,75784011000.0,3960034.0,100.956,2.69,0.141,25493.6,0.03,264.928,,,,,,,,,6.73,10.3,1.3321543511335128,0.10551131185863148,19137.21220575379
PAN,Panama,2016,10.334,79454188125.0,4029085.0,106.607,2.565,0.13,26459.42,0.029,275.262,,,,,,,,,7.25,10.88,1.3417417321322607,0.09693547328036621,19720.15684082118
PAN,Panama,2017,9.568,83812229677.0,4098704.0,114.446,2.334,0.114,27922.566,0.027,284.83,,,,,,,,,7.93,11.04,1.3655047770600788,0.08360274714712615,20448.470950085684
PAN,Panama,2018,9.121,86820962356.0,4167860.0,111.64,2.188,0.105,26785.832,0.025,293.951,,,,,,,,,8.71,11.2,1.2858645766011232,0.08170010748835543,20831.06494843877
PAN,Panama,2019,12.449,89670319909.0,4234698.0,125.025,2.94,0.139,29523.986,0.034,306.4,,,,,,,,,6.14,11.64,1.39427404883666,0.09957208558288343,21175.139268254785
PAN,Panama,2020,6.557,73827064971.0,4293258.0,85.134,1.527,0.089,19829.697,0.019,312.957,,,,,,,,,8.28,10.94,1.1531543348423978,0.07701975708882468,17196.04667853644
PAN,Panama,2021,10.145,85518149482.0,4345410.0,92.745,2.335,0.119,21343.16,0.028,323.102,,,,,,,,,9.49,12.11,1.0845066288474954,0.10938595072510647,19680.110618330607
PAN,Panama,2022,11.707,94762119668.0,4400775.0,102.472,2.66,0.124,23285.066,0.031,334.809,,,,,,,,,9.46,12.25,1.0813603617037233,0.11424584276680459,21533.052625503464
PRY,Paraguay,1990,2.13,22196120000.0,4035752.0,11.982,0.528,0.096,2968.974,0.009,34.706,,,,,,,,,,,0.5398240773612686,0.17776664997496244,5499.872142787763
PRY,Paraguay,1991,2.098,22815091205.0,4144370.0,11.316,0.506,0.092,2730.433,0.009,36.804,,,,,,,,,,,0.49598749785054824,0.18540120183810535,5505.0806769183255
PRY,Paraguay,1992,2.571,23297733832.0,4253608.0,12.531,0.604,0.11,2945.856,0.011,39.375,,,,,,,,,,,0.5378634716303767,0.2051711754847977,5477.169930092288
PRY,Paraguay,1993,2.905,24342699255.0,4362706.0,13.54,0.666,0.119,3103.677,0.013,42.28,,,,,,,,,,,0.5562242649495363,0.21454948301329393,5579.724889781709
PRY,Paraguay,1994,3.393,25180861240.0,4471423.0,15.341,0.759,0.135,3430.861,0.015,45.674,,,,,,,,,,,0.6092325379098114,0.22117202268431002,5631.5095306348785
PRY,Paraguay,1995,3.925,26637512671.0,4579803.0,17.499,0.857,0.147,3821.002,0.017,49.599,,,,,,,,,,,0.656930705810644,0.22429853134464828,5816.30097866655
PRY,Paraguay,1996,3.706,26835505969.0,4687540.0,15.477,0.791,0.138,3301.701,0.015,53.305,,,,,,,,,,,0.5767359116641517,0.23945209019835886,5724.859087922449
PRY,Paraguay,1997,4.092,27717303684.0,4794415.0,16.989,0.853,0.148,3543.463,0.017,57.397,,,,,,,,,,,0.6129384082120157,0.24086173406321734,5781.164893735732
PRY,Paraguay,1998,4.374,27958225603.0,4900028.0,19.361,0.893,0.156,3951.213,0.018,61.771,,,,,,,,,,,0.6924974522675899,0.22591808274365993,5705.72772298444
PRY,Paraguay,1999,4.362,27635393000.0,5003139.0,22.33,0.872,0.158,4463.182,0.018,66.133,,,,,,,,,,,0.8080218001603958,0.19534258844603672,5523.610877091362
PRY,Paraguay,2000,3.592,26799187738.0,5100875.0,19.864,0.704,0.134,3894.232,0.014,69.726,,,,,,,,,53.49,53.49,0.7412164948504679,0.18082964156262585,5253.84129938491
PRY,Paraguay,2001,3.687,27438613750.0,5187690.0,20.341,0.711,0.134,3921.103,0.014,73.413,,,,,,,,,45.32,45.32,0.7413275388229116,0.18125952509709453,5289.177601205932
PRY,Paraguay,2002,3.853,31664872141.0,5261334.0,21.452,0.732,0.122,4077.271,0.015,77.266,,,,,,,,,48.21,48.21,0.677469970650023,0.17961029274659707,6018.411327051276
PRY,Paraguay,2003,4.026,33135448282.0,5326437.0,22.178,0.756,0.121,4163.81,0.015,81.292,,,,,,,,,51.77,51.77,0.6693134135761079,0.18153124718189195,6220.940617902736
PRY,Paraguay,2004,4.058,34591080511.0,5388181.0,22.61,0.753,0.117,4196.23,0.014,85.35,,,,,,,,,51.93,51.93,0.6536367082493996,0.1794781070322866,6419.806704897255
PRY,Paraguay,2005,3.772,35443580706.0,5448100.0,21.862,0.692,0.106,4012.839,0.013,89.122,,,,,,,,,51.17,51.17,0.6168112691926505,0.17253682188271888,6505.677338154586
PRY,Paraguay,2006,3.901,37261533412.0,5505145.0,23.718,0.709,0.105,4308.261,0.013,93.023,,,,,,,,,53.77,53.77,0.6365277493481164,0.16447423897461844,6768.492639521756
PRY,Paraguay,2007,4.041,39406021841.0,5559385.0,24.914,0.727,0.103,4481.345,0.013,97.064,,,,,,,,,53.71,53.71,0.6322383949469933,0.16219796098579115,7088.198036473459
PRY,Paraguay,2008,4.27,42050621581.0,5613577.0,26.084,0.761,0.102,4646.667,0.013,101.333,,,,,,,,,55.46,55.46,0.6202999865235215,0.16370188621377088,7490.878201367862
PRY,Paraguay,2009,4.525,40509009629.0,5671243.0,27.355,0.798,0.112,4823.377,0.014,105.858,,,,,,,,,54.94,54.94,0.6752818755760651,0.16541765673551453,7142.880252001192
PRY,Paraguay,2010,5.011,45961696292.0,5737973.0,30.518,0.873,0.109,5318.618,0.015,110.869,,,,,,,,,54.06,54.06,0.6639876780464237,0.1641981781243856,8010.092813612055
PRY,Paraguay,2011,5.192,48113309093.0,5814632.0,31.609,0.893,0.108,5436.107,0.015,116.061,,,,,,,,,57.62,57.62,0.6569699859741883,0.16425701540700433,8274.523494006156
PRY,Paraguay,2012,5.159,47772664940.0,5897011.0,33.952,0.875,0.108,5757.479,0.015,121.22,,,,,,,,,60.23,60.23,0.7106993097965533,0.15194981149858625,8101.1659873111985
PRY,Paraguay,2013,5.169,51734453611.0,5982447.0,34.457,0.864,0.1,5759.684,0.015,126.389,,,,,,,,,60.51,60.51,0.6660358348246594,0.15001305975563747,8647.707804348287
PRY,Paraguay,2014,5.451,54476893712.0,6069819.0,36.415,0.898,0.1,5999.334,0.015,131.84,,,,,,,,,55.42,55.43,0.6684485387972593,0.14969106137580668,8975.044183689826
PRY,Paraguay,2015,6.045,56087783311.0,6159106.0,42.121,0.982,0.108,6838.798,0.017,137.886,,,,,,,,,55.89,55.89,0.7509835032424821,0.14351511122717883,9106.481250850367
PRY,Paraguay,2016,7.187,58481604773.0,6249129.0,47.862,1.15,0.123,7659.005,0.02,145.072,,,,,,,,,63.94,63.94,0.8184111941828434,0.15016087919435042,9358.360944861275
PRY,Paraguay,2017,7.939,61294571103.0,6338658.0,49.088,1.253,0.13,7744.288,0.022,153.012,,,,,,,,,59.82,59.82,0.8008539600923553,0.16172995436766624,9669.960282286882
PRY,Paraguay,2018,8.504,63258456042.0,6427382.0,51.83,1.323,0.134,8063.859,0.023,161.515,,,,,,,,,59.34,59.34,0.8193371012025308,0.16407486011962183,9842.025266585992
PRY,Paraguay,2019,8.268,63004153609.0,6515059.0,51.456,1.269,0.131,7898.018,0.022,169.784,,,,,,,,,49.59,49.59,0.8167080589532691,0.16068097014925375,9670.542294244764
PRY,Paraguay,2020,7.444,62487519891.0,6603741.0,49.929,1.127,0.119,7560.656,0.021,177.227,,,,,,,,,46.63,46.63,0.7990235504160441,0.1490917102285245,9462.442559603716
PRY,Paraguay,2021,8.187,64997640183.0,6684184.0,54.57,1.225,0.126,8164.098,0.022,185.414,,,,,,,,,40.84,40.84,0.8395689419855688,0.15002748763056623,9724.094995439982
PRY,Paraguay,2022,7.533,65127634644.0,6760460.0,52.276,1.114,0.116,7732.66,0.02,192.948,,,,,,,,,44.11,44.11,0.8026700230363122,0.1441005432703344,9633.609938376974
PER,Peru,1990,21.401,103572000000.0,22014772.0,107.017,0.972,0.207,4861.144,0.094,833.6,28.065,71.935,0.0,0.0,1.603,4.079,66.253,28.065,10.605,13.808,1.0332618854516664,0.19997757365652186,4704.659217002111
PER,Peru,1991,20.758,108468600578.0,22483784.0,106.149,0.923,0.191,4721.149,0.089,854.358,31.07,68.93,0.0,0.0,3.138,3.866,61.927,31.07,11.625,14.482,0.9786150041058935,0.19555530433635737,4824.303621579001
PER,Peru,1992,20.986,110495351335.0,22946345.0,103.355,0.915,0.19,4504.196,0.093,875.344,26.897,73.103,0.0,0.0,3.145,3.571,66.387,26.897,9.822,13.122,0.9353787173059266,0.20304774805282763,4815.379152322515
PER,Peru,1993,23.885,92121419172.0,23413783.0,112.954,1.02,0.259,4824.25,0.105,899.229,29.879,70.121,0.0,0.0,3.031,3.448,63.643,29.879,11.908,14.808,1.2261426388699403,0.21145776156665544,3934.4953001400927
PER,Peru,1994,24.177,103509723878.0,23881497.0,122.811,1.012,0.234,5142.526,0.105,923.405,29.688,70.312,0.0,0.0,3.433,3.306,63.572,29.688,12.866,15.866,1.1864682408461367,0.1968634731416567,4334.3063409299675
PER,Peru,1995,25.143,111333590886.0,24348922.0,133.322,1.033,0.226,5475.475,0.107,948.548,27.773,72.227,0.0,0.0,3.318,2.946,65.962,27.773,13.08,16.88,1.19750022377806,0.18858853002505213,4572.423817612952
PER,Peru,1996,24.717,114659592873.0,24811174.0,137.438,0.996,0.216,5539.343,0.102,973.265,27.724,72.276,0.0,0.001,3.374,2.901,66.001,27.724,13.461,17.28,1.198661154782138,0.1798410919832943,4621.288491749725
PER,Peru,1997,27.747,122417899136.0,25274149.0,134.768,1.098,0.227,5332.26,0.114,1001.012,28.091,71.909,0.0,0.001,3.582,1.752,66.575,28.091,13.369,17.953,1.1008847640023594,0.20588715422058648,4843.601228116523
PER,Peru,1998,28.066,122316689368.0,25738101.0,139.044,1.09,0.229,5402.268,0.116,1029.078,28.377,71.623,0.0,0.001,3.807,2.883,64.934,28.377,13.935,18.583,1.1367541152268639,0.20184977417220448,4752.358745037172
PER,Peru,1999,29.562,124629013218.0,26186499.0,142.633,1.129,0.237,5446.822,0.119,1058.641,29.158,70.842,0.0,0.001,3.367,2.825,64.649,29.158,14.68,19.05,1.144460638154196,0.20725918966859003,4759.2850505903825
PER,Peru,2000,28.678,128561599053.0,26598328.0,147.359,1.078,0.223,5540.167,0.112,1087.318,31.45,68.55,0.0,0.002,5.07,2.302,61.177,31.45,16.33,19.92,1.1462131856282427,0.1946131556267347,4833.4466381871825
PER,Peru,2001,25.26,130005019162.0,26964610.0,146.076,0.937,0.194,5417.318,0.098,1112.578,34.392,65.608,0.0,0.002,4.648,2.491,58.469,34.392,17.77,20.77,1.12361815675727,0.17292368356198143,4821.3202105278
PER,Peru,2002,25.592,137911092694.0,27288211.0,149.577,0.938,0.186,5481.374,0.097,1138.17,34.293,65.707,0.0,0.002,6.219,2.907,56.581,34.293,18.23,21.99,1.0845900578272158,0.17109582355576058,5053.870797686224
PER,Peru,2003,24.914,144583674826.0,27580485.0,147.672,0.903,0.172,5354.208,0.09,1163.084,35.519,64.481,0.0,0.002,6.762,3.486,54.233,35.519,18.73,22.93,1.0213601236634542,0.16871173953085217,5242.245552462185
PER,Peru,2004,28.504,152840586065.0,27852190.0,157.396,1.023,0.186,5651.12,0.1,1191.588,31.152,68.848,0.0,0.002,6.84,5.362,56.646,31.152,17.67,24.25,1.0298050017490947,0.18109735952629039,5487.560800963945
PER,Peru,2005,30.321,163489485317.0,28101175.0,163.73,1.079,0.185,5826.442,0.102,1221.909,30.827,69.173,0.0,0.002,6.675,9.093,53.405,30.827,18.43,25.5,1.001471132425022,0.18518903072130946,5817.887875400228
PER,Peru,2006,28.299,176775277493.0,28324488.0,165.593,0.999,0.16,5846.282,0.092,1250.208,33.532,66.468,0.0,0.002,5.621,10.534,50.313,33.532,20.05,27.36,0.9367429787038926,0.1708949049778674,6241.075831379547
PER,Peru,2007,34.567,192942634714.0,28530704.0,180.285,1.212,0.179,6318.965,0.11,1284.775,30.645,69.355,0.0,0.002,6.803,14.552,48.0,30.645,19.97,29.93,0.9343969012719118,0.19173530798457997,6762.631399281279
PER,Peru,2008,35.572,211009673563.0,28719038.0,194.644,1.239,0.169,6777.529,0.111,1320.348,27.606,72.394,0.0,0.002,5.61,17.086,49.697,27.606,19.5,32.43,0.9224411218374129,0.18275415630587122,7347.37958712266
PER,Peru,2009,39.424,212830474173.0,28896819.0,198.44,1.364,0.185,6867.194,0.125,1359.771,28.469,71.531,0.0,0.002,4.944,17.141,49.445,28.469,19.95,32.92,0.9323852741064579,0.19866962305986696,7365.186949227872
PER,Peru,2010,42.505,230353256282.0,29086021.0,225.286,1.461,0.185,7745.521,0.128,1402.276,25.513,74.487,0.0,0.001,4.264,24.453,45.769,25.513,20.71,35.89,0.9780022372429733,0.18867128893939258,7919.723921054722
PER,Peru,2011,42.327,244711917914.0,29304083.0,248.556,1.444,0.173,8481.961,0.123,1444.603,24.656,75.344,0.0,0.001,3.884,25.697,45.763,24.656,22.27,39.23,1.0157086018481165,0.1702916043064742,8350.778897056769
PER,Peru,2012,45.509,259737230567.0,29550367.0,256.725,1.54,0.175,8687.723,0.13,1490.112,24.827,75.173,0.061,0.001,4.012,27.117,44.044,24.827,22.08,39.96,0.9884027770665593,0.17726750413866976,8789.644831382297
PER,Peru,2013,42.718,274939626306.0,29817908.0,262.581,1.433,0.155,8806.167,0.121,1532.83,24.991,75.009,0.195,0.001,3.957,25.905,45.147,24.991,23.47,43.51,0.9550496722787963,0.16268503814061183,9220.620920354306
PER,Peru,2014,49.388,281488723310.0,30115825.0,268.829,1.64,0.175,8926.504,0.139,1582.218,24.772,75.228,0.191,0.247,3.815,28.043,43.37,24.772,23.95,45.73,0.9550258242634537,0.18371529857269864,9346.870733576117
PER,Peru,2015,49.204,290642734598.0,30457598.0,281.669,1.615,0.169,9247.921,0.139,1631.422,24.89,75.11,0.21,0.542,3.394,27.528,44.188,24.89,25.45,48.27,0.9691245177333886,0.1746873102826367,9542.536302370265
PER,Peru,2016,52.698,302131843581.0,30866497.0,298.938,1.707,0.174,9684.865,0.149,1684.12,23.56,76.44,0.205,0.907,3.409,28.817,44.214,23.56,26.02,51.63,0.9894289739765754,0.17628404552114485,9788.342473102795
PER,Peru,2017,54.726,309742529723.0,31324639.0,303.59,1.747,0.177,9691.741,0.152,1738.846,27.624,72.376,0.276,0.899,2.918,25.086,44.372,27.624,30.89,52.71,0.9801366324201518,0.18026285450772422,9888.143634249065
PER,Peru,2018,56.014,322061010919.0,31897590.0,318.425,1.756,0.174,9982.715,0.152,1794.859,28.247,71.753,0.633,1.193,2.512,25.626,43.615,28.247,33.39,54.62,0.9887101797618263,0.17590955484022924,10096.719248037234
PER,Peru,2019,58.668,329252610797.0,32449302.0,326.585,1.808,0.178,10064.474,0.158,1853.528,28.051,71.949,0.642,1.276,2.549,25.572,43.827,28.051,34.43,56.87,0.9918979813385757,0.17964082857449057,10146.677755872839
PER,Peru,2020,47.237,292988745490.0,32838577.0,287.882,1.438,0.161,8766.572,0.134,1900.764,31.113,68.887,0.747,1.585,2.103,28.906,37.877,31.113,33.64,52.99,0.982570165002552,0.16408459021404603,8922.090183444916
PER,Peru,2021,59.962,332691638600.0,33155883.0,327.493,1.808,0.18,9877.367,0.163,1960.726,28.608,71.392,0.679,1.394,2.419,27.757,41.216,28.608,35.09,56.99,0.9843740028397576,0.18309398979520172,10034.166141797521
PER,Peru,2022,64.785,341677633395.0,33475436.0,338.069,1.935,0.19,10099.025,0.173,2025.511,26.155,73.845,0.675,1.425,2.516,29.494,41.835,26.155,33.09,59.9,0.9894384851617484,0.19163247739366815,10206.81652645241
PHL,Philippines,1990,40.774,227937191062.0,62854668.0,187.489,0.649,0.179,2982.894,0.179,901.817,18.763,81.237,0.0,0.0,7.766,0.0,73.472,18.763,11.958,26.327,0.8225467688114227,0.2174740918133864,3626.4162760671966
PHL,Philippines,1991,42.874,228436344826.0,64382249.0,184.339,0.666,0.188,2863.199,0.185,944.692,17.445,82.555,0.0,0.0,9.671,0.0,72.884,17.445,10.903,25.649,0.8069600314276217,0.23258236184421094,3548.1262051905023
PHL,Philippines,1992,47.772,230909837938.0,65926130.0,198.103,0.725,0.207,3004.926,0.212,992.464,15.153,84.847,0.0,0.0,7.915,0.0,76.932,15.153,10.14,25.87,0.8579236024287162,0.24114728196948051,3502.5541153105755
PHL,Philippines,1993,48.342,237664033762.0,67530621.0,217.218,0.716,0.203,3216.592,0.212,1040.806,14.536,85.464,0.0,0.0,8.02,0.0,77.443,14.536,10.697,26.579,0.9139708544100748,0.22255061735215315,3519.3521137914604
PHL,Philippines,1994,53.479,250065486564.0,69019297.0,226.294,0.775,0.214,3278.71,0.233,1094.284,15.869,84.131,0.0,0.0,7.832,0.023,76.276,15.869,12.182,30.459,0.9049389546289264,0.23632531132067133,3623.1242193614344
PHL,Philippines,1995,59.22,263742284726.0,70546245.0,258.461,0.839,0.225,3663.711,0.252,1153.504,14.08,85.92,0.0,0.0,7.379,0.02,78.521,14.08,12.367,33.554,0.9799755858963356,0.22912547734474448,3738.572970481987
PHL,Philippines,1996,60.437,281422828353.0,72190237.0,277.04,0.837,0.215,3837.642,0.249,1213.941,14.387,85.613,0.0,0.0,9.278,0.031,76.304,14.387,13.564,36.707,0.9844261804251984,0.21815261334103378,3898.35024856616
PHL,Philippines,1997,69.147,298360005981.0,73908813.0,302.241,0.936,0.232,4089.382,0.284,1283.088,13.018,86.982,0.0,0.0,10.505,0.017,76.46,13.018,13.306,39.797,1.013007755534256,0.22878100588603134,4036.8664286490434
PHL,Philippines,1998,67.379,299105469124.0,75791031.0,300.067,0.889,0.225,3959.139,0.277,1350.467,13.896,86.104,0.0,0.0,11.444,0.03,74.63,13.896,13.98,41.578,1.0032146883800421,0.22454651794432576,3946.449404072627
PHL,Philippines,1999,67.295,310804334612.0,77753256.0,305.197,0.865,0.217,3925.195,0.271,1417.762,17.887,82.113,0.0,0.0,12.838,0.022,69.253,17.887,18.434,41.432,0.9819586344604877,0.2204969249370079,3997.316004515618
PHL,Philippines,2000,71.467,327247671365.0,79625401.0,307.714,0.898,0.218,3864.514,0.28,1489.228,18.729,81.271,0.0,0.0,17.367,0.033,63.872,18.729,19.43,45.3,0.9403092120303803,0.2322513762779724,4109.840167272752
PHL,Philippines,2001,69.799,339580401272.0,81401488.0,300.852,0.857,0.206,3695.904,0.272,1559.027,17.257,82.743,0.0,0.0,17.322,0.443,64.977,17.257,17.54,47.05,0.8859521894463545,0.23200444072168375,4171.673142780879
PHL,Philippines,2002,69.492,354896572700.0,83068889.0,302.286,0.837,0.196,3638.974,0.265,1628.519,16.848,83.152,0.0,0.0,16.153,5.542,61.458,16.848,17.27,48.46,0.8517580141736883,0.22988825152339176,4272.316350589449
PHL,Philippines,2003,69.501,375676507230.0,84731836.0,311.884,0.82,0.185,3680.832,0.251,1698.02,16.612,83.388,0.0,0.0,15.944,8.19,59.254,16.612,17.69,52.94,0.8301929825200798,0.22284246707109054,4433.711400163688
PHL,Philippines,2004,71.999,404092179609.0,86394510.0,319.261,0.833,0.178,3695.391,0.252,1770.018,17.238,82.762,0.0,0.0,16.395,7.384,58.983,17.238,18.87,55.94,0.7900697318837431,0.22551767989200058,4677.290022352115
PHL,Philippines,2005,72.334,426864086040.0,88015959.0,319.341,0.822,0.169,3628.22,0.244,1842.352,16.653,83.347,0.001,0.015,19.228,9.777,54.342,16.653,18.31,56.57,0.7481093173298154,0.22651021948324832,4849.848719366905
PHL,Philippines,2006,65.646,452834616353.0,89508992.0,305.31,0.733,0.145,3410.94,0.215,1907.998,19.318,80.682,0.001,0.046,19.044,9.569,52.068,19.318,20.46,56.78,0.6742196576288251,0.21501424781369755,5059.096368250913
PHL,Philippines,2007,70.01,486739179739.0,91075180.0,316.799,0.769,0.144,3478.436,0.222,1978.008,17.341,82.659,0.001,0.048,19.62,11.048,51.991,17.341,18.84,59.62,0.6508598715432656,0.2209918591914747,5344.366925643189
PHL,Philippines,2008,76.605,511142140299.0,92699091.0,327.548,0.826,0.15,3533.459,0.239,2054.613,18.352,81.648,0.001,0.049,22.37,11.247,48.031,18.352,20.62,60.82,0.6408158791376427,0.2338741192130619,5513.993015303678
PHL,Philippines,2009,75.581,521163648845.0,94384256.0,331.402,0.801,0.145,3511.202,0.24,2130.194,17.917,82.083,0.001,0.051,21.104,11.194,49.785,17.917,20.17,61.92,0.635888555800949,0.22806440516351742,5521.7222758528715
PHL,Philippines,2010,82.246,565514808274.0,96337127.0,341.031,0.854,0.145,3539.975,0.247,2212.439,15.667,84.333,0.001,0.047,23.752,10.239,50.342,15.667,17.81,67.73,0.6030452165184782,0.24116869140928537,5870.164762895618
PHL,Philippines,2011,82.98,590943092007.0,98248614.0,347.837,0.845,0.14,3540.375,0.241,2295.42,16.874,83.126,0.001,0.065,25.604,10.845,46.677,16.874,19.82,69.15,0.58861336176831,0.23856001517952374,6014.772808978252
PHL,Philippines,2012,87.476,631700459807.0,100175511.0,359.886,0.873,0.138,3592.559,0.25,2382.896,17.177,82.823,0.001,0.053,25.886,10.044,46.892,17.177,20.74,72.89,0.5697098908396457,0.24306585974447464,6305.936985008242
PHL,Philippines,2013,94.825,674346563689.0,102076334.0,385.732,0.929,0.141,3778.861,0.269,2477.721,15.493,84.507,0.001,0.043,29.912,8.641,45.954,15.493,19.87,75.23,0.5720085498617513,0.24583130256240085,6606.2968492677255
PHL,Philippines,2014,100.074,717154029846.0,103767127.0,405.675,0.964,0.14,3909.477,0.282,2577.795,14.804,85.196,0.01,0.094,30.22,8.63,46.346,14.804,19.78,77.23,0.5656734580256263,0.2466851543723424,6911.187103079379
PHL,Philippines,2015,111.046,762678999551.0,105312988.0,444.452,1.054,0.146,4220.296,0.314,2688.842,14.375,85.625,0.078,0.422,30.095,7.402,48.129,14.375,20.94,82.4,0.5827510659945472,0.24984925256270643,7242.022223802063
PHL,Philippines,2016,120.216,817202925336.0,106735721.0,485.422,1.126,0.147,4547.887,0.34,2809.057,13.798,86.202,0.563,0.5,31.068,7.778,47.356,13.798,21.98,90.79,0.5940042368306679,0.24765255798047883,7656.320842541551
PHL,Philippines,2017,133.576,873843247356.0,108119691.0,532.517,1.235,0.153,4925.253,0.371,2942.633,13.161,86.839,0.56,0.51,33.553,7.037,46.25,13.161,23.17,94.36,0.6093964811323362,0.2508389403530779,8082.184098694844
PHL,Philippines,2018,139.857,929253628653.0,109465284.0,550.443,1.278,0.151,5028.468,0.381,3082.49,12.831,87.169,0.56,0.517,34.283,7.372,45.514,12.831,23.31,99.74,0.5923495836092616,0.2540808040069544,8489.025878314078
PHL,Philippines,2019,142.601,986114678778.0,110804685.0,566.121,1.287,0.145,5109.184,0.385,3225.091,11.974,88.026,0.54,0.452,35.621,7.387,45.018,11.974,22.04,106.03,0.5740924581931394,0.25189138011131895,8899.57567027062
PHL,Philippines,2020,131.457,892256290776.0,112081270.0,513.758,1.173,0.147,4583.8,0.374,3356.548,12.827,87.173,0.653,0.489,39.344,7.409,40.42,12.827,21.6,101.75,0.5757964447111737,0.25587338785965374,7960.797471120733
PHL,Philippines,2021,140.27,943141651518.0,113100947.0,545.557,1.24,0.149,4823.633,0.38,3496.818,12.948,87.052,0.661,0.579,40.01,5.972,41.07,12.948,23.41,105.76,0.5784465134393314,0.25711337220492086,8338.936821793366
PHL,Philippines,2022,150.963,1014811024029.0,113964343.0,570.979,1.325,0.149,5010.157,0.402,3647.781,13.032,86.968,0.781,0.45,38.553,5.353,43.062,13.032,24.72,111.55,0.562645641878328,0.2643932613984052,8904.636286360199
POL,Poland,1990,376.342,310673160937.0,38055448.0,1210.33,9.889,1.211,31804.375,1.656,17833.85,0.339,99.661,0.0,0.0,75.389,8.59,15.681,0.339,1.49,134.43,3.8958305775420277,0.31094164401444235,8163.697374867325
POL,Poland,1991,373.366,291288814472.0,38152947.0,1184.164,9.786,1.282,31037.289,1.609,18207.215,0.356,99.644,0.0,0.0,76.32,8.187,15.136,0.356,1.5,132.72,4.0652573705806585,0.31529923220094513,7634.765788131648
POL,Poland,1992,364.283,301270050123.0,38233636.0,1132.397,9.528,1.209,29617.811,1.618,18571.498,0.4,99.6,0.0,0.0,77.16,7.974,14.466,0.4,1.62,130.68,3.758744022307144,0.32169195079110946,7879.712254492353
POL,Poland,1993,364.958,315272045792.0,38294882.0,1131.848,9.53,1.158,29556.105,1.604,18936.455,0.382,99.618,0.0,0.0,76.308,8.38,14.929,0.382,1.55,131.78,3.590067737076614,0.3224443564860299,8232.746239876127
POL,Poland,1994,359.991,334402893305.0,38344312.0,1083.18,9.388,1.077,28248.781,1.567,19296.447,0.459,99.541,0.0,0.0,74.265,8.824,16.452,0.459,1.78,133.29,3.239146615313703,0.3323464244169944,8721.0560279449
POL,Poland,1995,362.483,360934041475.0,38364668.0,1108.723,9.448,1.004,28899.574,1.541,19658.93,0.492,99.508,0.0,0.0,73.789,9.438,16.281,0.492,1.96,137.05,3.071816100994717,0.3269373865248579,9407.980318635886
POL,Poland,1996,377.119,386314591617.0,38359164.0,1163.95,9.831,0.976,30343.461,1.556,20036.049,0.497,99.503,0.0,0.0,71.945,9.44,18.117,0.497,2.06,141.19,3.0129589336194766,0.3239993126852528,10070.985687201108
POL,Poland,1997,367.199,414942244343.0,38348307.0,1152.541,9.575,0.885,30054.537,1.506,20403.246,0.519,99.481,0.0,0.0,70.905,9.506,19.07,0.519,2.13,140.94,2.7775937873592,0.31859951186118324,10820.353668885566
POL,Poland,1998,338.98,437955026714.0,38326431.0,1104.199,8.845,0.774,28810.391,1.395,20742.229,0.644,99.356,0.0,0.001,66.692,10.025,22.639,0.644,2.53,140.77,2.5212611630122486,0.30699176507133225,11426.971290752326
POL,Poland,1999,329.204,462542429541.0,38287717.0,1082.722,8.598,0.712,28278.568,1.325,21071.432,0.61,99.39,0.0,0.001,65.252,9.954,24.185,0.61,2.34,139.99,2.3408057960745996,0.30405219437676523,12080.700177056782
POL,Poland,2000,317.306,488207682001.0,38258077.0,1017.525,8.294,0.65,26596.332,1.244,21388.738,0.644,99.356,0.0,0.001,64.31,11.388,23.658,0.644,2.33,143.18,2.0842052214940687,0.3118409867079433,12760.904893390225
POL,Poland,2001,313.267,499086644170.0,38247359.0,1010.456,8.191,0.628,26418.986,1.219,21702.004,0.777,99.223,0.0,0.004,64.0,11.948,23.275,0.777,2.78,143.72,2.024610379386983,0.31002537468232166,13048.917813384187
POL,Poland,2002,305.852,514089670231.0,38229407.0,999.579,8.0,0.595,26146.867,1.164,22007.857,0.775,99.225,0.0,0.017,63.472,11.772,23.981,0.775,2.77,142.49,1.944367019766904,0.30598081792434617,13447.492665292977
POL,Poland,2003,318.733,537330337680.0,38203527.0,1034.207,8.343,0.593,27070.973,1.153,22326.59,0.642,99.358,0.0,0.033,63.151,12.667,23.539,0.642,2.25,150.01,1.924713583947885,0.3081907200396052,14064.940592526968
POL,Poland,2004,323.621,570430122148.0,38167568.0,1041.219,8.479,0.567,27280.193,1.131,22650.211,0.849,99.151,0.0,0.037,60.888,13.276,24.987,0.849,3.2,152.54,1.8253226110837328,0.31080973359110814,14945.41444579335
POL,Poland,2005,322.577,595958527688.0,38124377.0,1061.937,8.461,0.541,27854.531,1.09,22972.789,1.088,98.912,0.0,0.034,60.393,13.405,25.114,1.088,3.85,155.29,1.7818974822287499,0.303762840921825,15631.954528411048
POL,Poland,2006,336.387,638713864539.0,38071169.0,1110.359,8.836,0.527,29165.352,1.1,23309.174,1.203,98.797,0.0,0.062,60.152,12.966,25.679,1.203,4.29,160.7,1.7384294621526901,0.30295336913556786,16776.838781572482
POL,Poland,2007,335.735,690249985288.0,38020420.0,1104.644,8.83,0.486,29053.967,1.066,23644.91,1.515,98.485,0.0,0.126,58.938,13.038,26.509,1.515,5.43,158.52,1.600353529220429,0.3039304970651178,18154.71752516148
POL,Poland,2008,329.428,726319216200.0,37995902.0,1124.428,8.67,0.454,29593.398,1.028,23974.338,2.154,97.846,0.0,0.197,57.15,13.922,26.774,2.154,6.61,154.5,1.5481182032920031,0.2929738498151949,19115.725064245085
POL,Poland,2009,315.886,760579624624.0,38002153.0,1085.191,8.312,0.415,28556.041,1.002,24290.225,2.923,97.077,0.0,0.261,55.602,13.922,27.553,2.923,8.69,150.86,1.4267947297910786,0.29108792830017943,20014.119321713166
POL,Poland,2010,334.028,795619859853.0,38095356.0,1157.25,8.768,0.42,30377.729,1.003,24624.25,3.379,96.621,0.0,0.375,55.407,14.042,27.172,3.379,10.88,156.77,1.4545262862264592,0.2886394469647872,20884.956682200318
POL,Poland,2011,333.406,843236863910.0,38208644.0,1162.666,8.726,0.395,30429.385,0.967,24957.656,3.959,96.041,0.0,0.715,55.047,14.168,26.826,3.959,13.13,162.87,1.3788130592498542,0.28675991213297714,22069.269558741733
POL,Poland,2012,325.778,856266755052.0,38247867.0,1127.927,8.518,0.38,29489.93,0.932,25283.436,5.13,94.87,0.0,1.086,52.907,15.468,26.495,5.13,16.88,161.48,1.3172612312053413,0.2888289756340614,22387.307377219233
POL,Poland,2013,321.757,863601156195.0,38259267.0,1131.318,8.41,0.373,29569.779,0.912,25605.193,5.052,94.948,0.0,1.36,54.973,15.417,24.559,5.052,17.06,163.78,1.3100005620471284,0.28440898138277654,22572.339302658358
POL,Poland,2014,309.415,896737189458.0,38265113.0,1089.354,8.086,0.345,28468.607,0.872,25914.607,5.922,94.078,0.002,1.797,52.899,15.651,25.527,5.922,19.85,158.35,1.2147973930449123,0.2840353089996457,23434.850158628826
POL,Poland,2015,312.549,936043804062.0,38266314.0,1103.013,8.168,0.334,28824.648,0.883,26227.156,6.387,93.613,0.013,2.498,51.445,15.54,26.628,6.387,22.69,164.3,1.178377545167684,0.2833593076418864,24461.300455068653
POL,Poland,2016,323.3,963689941627.0,38263260.0,1150.245,8.449,0.335,30061.346,0.913,26550.459,5.878,94.122,0.027,2.757,50.177,15.914,28.031,5.878,22.81,166.0,1.1935841086584744,0.28107055453403407,25185.77720839782
POL,Poland,2017,336.505,1013223736654.0,38254964.0,1208.289,8.796,0.332,31585.154,0.935,26886.963,5.924,94.076,0.034,3.093,48.039,15.917,30.12,5.924,24.13,169.91,1.1925194370102008,0.2784971145148222,26486.072151420663
POL,Poland,2018,335.719,1073462064151.0,38241070.0,1222.083,8.779,0.313,31957.33,0.914,27222.682,5.621,94.379,0.061,2.611,47.502,16.343,30.534,5.621,21.62,169.43,1.1384501053295666,0.27471047383852,28070.921241246648
POL,Poland,2019,317.444,1121231497071.0,38225884.0,1187.268,8.304,0.283,31059.262,0.856,27540.125,6.71,93.29,0.149,3.158,43.592,17.644,32.054,6.71,25.46,163.22,1.0588964037324207,0.26737349949632266,29331.734933088796
POL,Poland,2020,302.102,1098581305284.0,38171005.0,1139.234,7.914,0.275,29845.539,0.859,27842.229,7.663,92.337,0.426,3.436,42.13,18.55,31.656,7.663,28.23,157.15,1.0370047210165212,0.2651799366943051,28780.518230630816
POL,Poland,2021,330.694,1173809548862.0,38040303.0,1224.758,8.693,0.282,32196.334,0.897,28172.92,7.599,92.401,0.794,3.275,43.346,18.328,30.727,7.599,30.56,178.79,1.043404359069488,0.2700076259963193,30856.99787570041
POL,Poland,2022,314.892,1231021338216.0,38385734.0,1186.868,8.203,0.256,30919.512,0.839,28487.812,9.37,90.63,1.728,4.112,41.937,15.742,32.951,9.37,37.69,178.6,0.96413275964819,0.26531341311754975,32069.76159986937
PRT,Portugal,1990,45.311,171225929203.0,9989526.0,202.652,4.536,0.265,20286.498,0.199,933.668,13.736,86.264,0.0,0.001,16.482,0.0,69.783,13.736,9.83,28.33,1.1835357001318547,0.22359019402719935,17140.545928105097
PRT,Portugal,1991,46.879,177606537211.0,9969181.0,210.487,4.702,0.264,21113.816,0.202,980.547,13.248,86.752,0.0,0.001,16.62,0.0,70.133,13.248,9.84,29.72,1.185130926515038,0.22271684237031267,17815.559493904264
PRT,Portugal,1992,50.957,183951331948.0,9960345.0,214.65,5.116,0.277,21550.443,0.226,1031.504,7.339,92.661,0.0,0.005,16.436,0.0,76.224,7.339,5.49,29.48,1.1668847282969281,0.23739576054041464,18468.369514108195
PRT,Portugal,1993,49.469,183378088561.0,9972341.0,220.117,4.961,0.27,22072.75,0.217,1080.973,12.161,87.839,0.0,0.013,17.509,0.0,70.33,12.161,9.43,30.84,1.2003451542509613,0.22473957031942104,18388.670078670595
PRT,Portugal,1994,50.243,186788072120.0,9998487.0,229.924,5.025,0.269,22995.904,0.219,1131.215,14.334,85.666,0.0,0.021,17.484,0.0,68.182,14.334,11.63,31.12,1.2309351308700685,0.21852003270645953,18681.633743185343
PRT,Portugal,1995,54.503,191728089193.0,10031756.0,244.811,5.433,0.284,24403.65,0.232,1185.718,10.868,89.132,0.0,0.018,20.089,0.0,69.042,10.868,9.38,32.91,1.2768655914239302,0.2226329699237371,19112.11648219913
PRT,Portugal,1996,51.8,199215852007.0,10067655.0,252.361,5.145,0.26,25066.492,0.214,1237.518,17.71,82.29,0.001,0.023,18.261,0.0,64.03,17.71,15.78,34.2,1.2667716823615653,0.20526151029675743,19787.71143895972
PRT,Portugal,1997,54.669,208848444082.0,10110548.0,256.375,5.407,0.262,25357.215,0.224,1292.187,15.714,84.286,0.001,0.042,16.33,0.396,67.56,15.714,14.23,33.89,1.22756480723093,0.2132384202827889,20656.491031148857
PRT,Portugal,1998,59.211,219709918106.0,10159524.0,279.492,5.828,0.269,27510.383,0.244,1351.398,14.322,85.678,0.001,0.089,14.963,2.901,67.814,14.322,14.15,38.75,1.2720955085202748,0.2118522175947791,21626.005126421278
PRT,Portugal,1999,66.878,229149917332.0,10214877.0,285.076,6.547,0.292,27907.893,0.269,1418.276,8.619,91.381,0.001,0.12,15.177,7.923,68.28,8.619,8.62,42.74,1.244058925786006,0.234597089898834,22432.95903925226
PRT,Portugal,2000,65.504,238756377443.0,10283196.0,294.029,6.37,0.274,28593.107,0.257,1483.78,12.409,87.591,0.001,0.16,14.79,7.91,64.89,12.409,12.87,43.21,1.2315021828901538,0.22278074611687965,23218.110152038334
PRT,Portugal,2001,65.187,244348167969.0,10354329.0,298.777,6.296,0.267,28855.318,0.254,1548.967,14.858,85.142,0.001,0.239,12.464,8.693,63.986,14.858,15.74,46.06,1.2227511361489123,0.2181794448702544,23598.648253208874
PRT,Portugal,2002,69.583,247190712485.0,10413045.0,296.891,6.682,0.281,28511.492,0.265,1618.55,9.233,90.767,0.002,0.336,13.781,10.605,66.382,9.233,9.73,45.55,1.2010604970363354,0.23437221067664563,23738.56182173418
PRT,Portugal,2003,64.482,245847246169.0,10454246.0,305.177,6.168,0.262,29191.654,0.233,1683.032,16.157,83.843,0.002,0.447,12.892,9.992,60.959,16.157,17.7,46.39,1.2413277136739438,0.21129377377718506,23516.497140874628
PRT,Portugal,2004,67.302,251279602163.0,10481386.0,298.751,6.421,0.268,28503.047,0.235,1750.334,11.475,88.525,0.003,0.745,12.988,12.745,62.792,11.475,12.31,44.68,1.188918628604825,0.2252779070195581,23973.890682300986
PRT,Portugal,2005,69.64,254196923131.0,10502993.0,298.263,6.63,0.274,28397.916,0.235,1819.974,7.701,92.299,0.003,1.605,13.061,14.435,64.803,7.701,8.25,46.01,1.1733540922770753,0.2334852127149529,24202.33195728113
PRT,Portugal,2006,64.856,259159946424.0,10524123.0,295.874,6.163,0.25,28113.924,0.212,1884.83,14.808,85.192,0.005,2.665,13.092,14.036,58.064,14.808,15.72,48.4,1.1416656164758336,0.2192014168193217,24625.32473480213
PRT,Portugal,2007,62.38,266663287450.0,10546822.0,297.491,5.915,0.234,28206.701,0.198,1947.21,15.435,84.565,0.022,3.639,11.332,14.875,58.358,15.435,16.21,46.71,1.1156053870211897,0.2096870157416527,25283.757273043957
PRT,Portugal,2008,60.01,268239264717.0,10564086.0,285.505,5.681,0.224,27025.984,0.187,2007.22,14.553,85.447,0.038,5.362,10.329,16.951,58.167,14.553,14.64,45.34,1.0643669199631003,0.210188963415702,25391.62069648051
PRT,Portugal,2009,57.147,261270596745.0,10576265.0,288.234,5.403,0.219,27252.889,0.181,2064.367,18.133,81.867,0.147,6.966,11.635,16.706,53.525,18.133,18.29,49.38,1.1032010627713928,0.19826599221465893,24703.484334498047
PRT,Portugal,2010,52.89,267277408809.0,10578659.0,304.105,5.0,0.198,28746.99,0.159,2117.257,26.402,73.598,0.187,7.98,6.395,17.317,49.887,26.402,28.35,53.48,1.1377878936910732,0.1739201920389339,25265.717404162475
PRT,Portugal,2011,51.784,263425010810.0,10557050.0,289.831,4.905,0.197,27453.758,0.15,2169.041,23.66,76.34,0.255,8.293,9.024,18.356,48.96,23.66,24.11,51.78,1.1002410101789681,0.17866963851347856,24952.52090404043
PRT,Portugal,2012,49.932,252737143203.0,10513155.0,264.467,4.749,0.198,25155.795,0.143,2218.972,20.965,79.035,0.387,10.106,12.937,17.41,48.688,20.965,19.37,45.44,1.0464112898023006,0.18880238366223387,24040.085321960916
PRT,Portugal,2013,48.146,250405237435.0,10458287.0,289.661,4.604,0.192,27696.83,0.136,2267.119,28.202,71.798,0.43,10.776,10.807,15.144,45.847,28.202,29.47,50.35,1.156768935694446,0.1662149892460497,23943.23634788374
PRT,Portugal,2014,47.942,252388910611.0,10406203.0,291.774,4.607,0.19,28038.432,0.135,2315.061,29.761,70.239,0.556,10.737,10.856,14.375,45.008,29.761,31.57,51.8,1.1560492071290056,0.16431210457408815,24253.69854989375
PRT,Portugal,2015,52.233,256911888409.0,10370264.0,289.522,5.037,0.203,27918.504,0.148,2367.294,23.685,76.315,0.705,10.274,13.255,16.851,46.208,23.685,24.36,51.14,1.1269311116466716,0.18041116046448974,24773.9004917329
PRT,Portugal,2016,50.311,262100101273.0,10346377.0,309.867,4.863,0.192,29949.295,0.142,2417.605,28.268,71.732,0.677,10.277,10.853,16.636,44.243,28.268,32.3,59.05,1.1822467770710499,0.1623632074406116,25332.548898324505
PRT,Portugal,2017,55.165,271290329012.0,10330838.0,301.878,5.34,0.203,29221.047,0.153,2472.77,20.606,79.394,0.83,10.251,12.642,21.224,45.528,20.606,22.58,57.59,1.1127488440129651,0.18273938478458185,26260.244233042857
PRT,Portugal,2018,51.34,279020275961.0,10325355.0,304.09,4.972,0.184,29450.785,0.14,2524.11,26.2,73.8,0.834,10.465,10.56,19.338,43.902,26.2,29.41,58.35,1.0898491120498501,0.16883159590910585,27022.826426887987
PRT,Portugal,2019,47.583,286505655767.0,10343218.0,293.057,4.6,0.166,28333.217,0.128,2571.694,25.366,74.634,1.149,11.7,5.021,21.219,48.393,25.366,27.41,51.6,1.0228663696549427,0.1623677305097643,27699.856637170367
PRT,Portugal,2020,41.738,262724232089.0,10370519.0,265.248,4.025,0.159,25577.088,0.119,2613.432,30.635,69.365,1.623,11.634,2.521,23.127,43.718,30.635,30.11,51.39,1.0096061482069345,0.15735462661358426,25333.75929295342
PRT,Portugal,2021,40.3,277181288542.0,10390957.0,266.49,3.878,0.145,25646.334,0.109,2653.732,32.197,67.803,2.102,12.418,0.868,22.169,44.767,32.197,31.54,49.22,0.9614285343782144,0.1512251866861796,26675.24161075828
PRT,Portugal,2022,40.722,295712910456.0,10417074.0,262.58,3.909,0.138,25206.664,0.109,2694.454,28.753,71.247,3.339,12.568,0.031,21.585,49.63,28.753,27.61,46.33,0.8879558203769058,0.15508416482595783,28387.32934564927
QAT,Qatar,1990,11.428,5221963495.0,440184.0,78.838,25.962,2.188,179101.609,0.05,293.352,0.0,100.0,0.0,0.0,0.0,82.708,17.292,0.0,0.0,4.842,15.097386275389885,0.1449554783226363,11863.137903694818
QAT,Qatar,1991,17.414,5733970758.0,454860.0,90.813,38.285,3.037,199650.047,0.075,310.766,0.0,100.0,0.0,0.0,0.0,86.96,13.04,0.0,0.0,4.669,15.837715927186805,0.1917566868179666,12606.012307083498
QAT,Qatar,1992,26.816,7176897674.0,469657.0,144.293,57.097,3.736,307229.719,0.119,337.582,0.0,100.0,0.0,0.0,0.0,90.522,9.478,0.0,0.0,5.183,20.105205139364788,0.18584408114045725,15281.147037093027
QAT,Qatar,1993,30.721,7997299870.0,484553.0,154.359,63.4,3.841,318559.688,0.135,368.302,0.0,100.0,0.0,0.0,0.0,90.519,9.481,0.0,0.0,5.56,19.301389532614838,0.19902305664068826,16504.48943665605
QAT,Qatar,1994,32.375,9138716419.0,499469.0,156.668,64.819,3.543,313668.375,0.141,400.678,0.0,100.0,0.0,0.0,0.0,89.186,10.814,0.0,0.0,5.85,17.14332656983171,0.20664717747083003,18296.86410768236
QAT,Qatar,1995,33.17,10472257097.0,514334.0,156.148,64.491,3.167,303592.562,0.141,433.848,0.0,100.0,0.0,0.0,0.0,89.482,10.518,0.0,0.0,6.013,14.910634694475931,0.2124266721315675,20360.810479182786
QAT,Qatar,1996,34.472,12098817027.0,529024.0,115.159,65.162,2.849,217682.234,0.142,468.32,0.0,100.0,0.0,0.0,0.0,84.265,15.735,0.0,0.0,6.615,9.518203287396489,0.2993426479910385,22870.072108259737
QAT,Qatar,1997,42.232,17467653871.0,550511.0,125.891,76.715,2.418,228679.562,0.173,510.553,0.0,100.0,0.0,0.0,0.0,82.419,17.581,0.0,0.0,6.91,7.207092659936758,0.33546480685672525,31729.890721529635
QAT,Qatar,1998,36.96,21692788085.0,580543.0,135.556,63.665,1.704,233498.297,0.152,547.513,0.0,100.0,0.0,0.0,0.0,82.661,17.339,0.0,0.0,8.166,6.248897074402966,0.27265484375461063,37366.376108229706
QAT,Qatar,1999,36.325,25157531177.0,612510.0,150.898,59.305,1.444,246359.906,0.146,583.837,0.0,100.0,0.0,0.0,0.0,85.191,14.809,0.0,0.0,8.939,5.998124336538908,0.24072552320110274,41072.84971184144
QAT,Qatar,2000,40.406,30159719266.0,644993.0,134.844,62.646,1.34,209063.484,0.158,624.244,0.0,100.0,0.0,0.0,0.0,83.78,16.22,0.0,0.0,9.13,4.470996523897153,0.2996499658865059,46759.76214625585
QAT,Qatar,2001,45.914,34920337897.0,677934.0,129.628,67.727,1.315,191210.297,0.179,670.158,0.0,100.0,0.0,0.0,0.0,80.784,19.216,0.0,0.0,9.95,3.7121061194295115,0.3541981670626717,51509.937393610584
QAT,Qatar,2002,45.175,41661485450.0,711215.0,161.899,63.518,1.084,227637.844,0.172,715.333,0.0,100.0,0.0,0.0,0.0,82.606,17.394,0.0,0.0,10.94,3.8860592283561988,0.27903198907961135,58577.906048100784
QAT,Qatar,2003,46.631,47126236240.0,744690.0,163.62,62.618,0.989,219715.359,0.169,761.964,0.0,100.0,0.0,0.0,0.0,79.9,20.1,0.0,0.0,12.01,3.4719513598907343,0.28499572179440164,63283.02547368704
QAT,Qatar,2004,47.44,63193934807.0,773341.0,197.57,61.344,0.751,255475.859,0.166,809.403,0.0,100.0,0.0,0.0,0.0,79.528,20.472,0.0,0.0,13.23,3.1264076307860345,0.24011742673482817,81715.4848986411
QAT,Qatar,2005,47.682,76893678098.0,825419.0,223.673,57.767,0.62,270980.625,0.161,857.085,0.0,100.0,0.0,0.0,0.0,79.994,20.006,0.0,0.0,14.4,2.9088607221380625,0.21317727217858212,93157.14576233404
QAT,Qatar,2006,59.753,103895902583.0,972841.0,245.365,61.421,0.575,252214.672,0.195,916.838,0.0,100.0,0.0,0.0,0.0,76.539,23.461,0.0,0.0,17.08,2.361642701010116,0.24352699040205408,106796.38562005508
QAT,Qatar,2007,59.53,127834802409.0,1208601.0,279.86,49.255,0.466,231557.078,0.189,976.368,0.0,100.0,0.0,0.0,0.0,77.244,22.756,0.0,0.0,19.46,2.1892316859426453,0.21271349960694633,105770.88915944964
QAT,Qatar,2008,61.871,156781224399.0,1426942.0,288.557,43.359,0.395,202220.734,0.193,1038.239,0.0,100.0,0.0,0.0,0.0,73.259,26.741,0.0,0.0,21.62,1.8405073764804742,0.21441517620435477,109872.17728471094
QAT,Qatar,2009,65.305,186164264424.0,1586052.0,288.362,41.175,0.351,181811.375,0.207,1103.544,0.0,100.0,0.0,0.0,0.0,73.827,26.173,0.0,0.0,24.16,1.5489653768525558,0.2264688135052469,117375.88958243487
QAT,Qatar,2010,73.651,238648100494.0,1709238.0,335.396,43.09,0.309,196225.344,0.221,1177.195,0.0,100.0,0.0,0.0,0.0,75.825,24.175,0.0,0.0,28.14,1.4053998305694975,0.21959415139119132,139622.51043681454
QAT,Qatar,2011,81.809,296148824653.0,1810960.0,393.154,45.175,0.276,217097.234,0.237,1259.005,0.008,99.992,0.001,0.0,0.0,73.909,26.083,0.008,0.0,30.73,1.32755549666848,0.2080838551814302,163531.4002810664
QAT,Qatar,2012,93.738,310156648715.0,1907122.0,448.449,49.152,0.302,235144.422,0.268,1352.743,0.007,99.993,0.001,0.0,0.012,75.863,24.118,0.007,0.01,34.8,1.4458790480808796,0.20902711345102787,162630.73296569387
QAT,Qatar,2013,91.433,327388964338.0,2032650.0,483.727,44.982,0.279,237978.625,0.259,1444.176,0.051,99.949,0.002,0.0,0.016,73.219,26.714,0.051,0.08,34.75,1.4775299496674386,0.18901777242122106,161065.0945012668
QAT,Qatar,2014,91.642,344851898869.0,2218378.0,517.172,41.31,0.266,233130.469,0.258,1535.818,0.065,99.935,0.003,0.0,0.093,73.483,26.36,0.065,0.11,38.8,1.4996930615610726,0.17719830153217886,155452.27137530214
QAT,Qatar,2015,93.31,361242719905.0,2427340.0,595.414,38.441,0.258,245295.047,0.264,1629.128,0.065,99.935,0.003,0.0,0.048,73.121,26.766,0.065,0.13,41.63,1.6482380604281315,0.15671448773458468,148822.4640573632
QAT,Qatar,2016,91.378,372311173588.0,2599382.0,586.515,35.154,0.245,225636.406,0.258,1720.506,0.069,99.931,0.004,0.0,0.051,71.078,28.801,0.069,0.13,42.44,1.5753354763642904,0.15579823192927716,143230.65004989647
QAT,Qatar,2017,105.657,366733973367.0,2706716.0,564.071,39.035,0.288,208396.75,0.294,1826.163,0.075,99.925,0.004,0.0,0.058,72.94,26.927,0.075,0.14,45.7,1.5380931164387102,0.18731152638586276,135490.37777402578
QAT,Qatar,2018,102.621,371263146890.0,2761144.0,573.353,37.166,0.276,207650.469,0.279,1928.784,0.077,99.923,0.004,0.0,0.081,72.81,27.032,0.077,0.15,48.06,1.5443304965840747,0.17898397671242672,134459.90027684177
QAT,Qatar,2019,101.43,373817411294.0,2797927.0,585.209,36.252,0.271,209158.016,0.273,2030.214,0.066,99.934,0.004,0.0,0.07,70.981,28.882,0.066,0.13,50.0,1.5654942287847173,0.1733226932600148,133605.13383444241
QAT,Qatar,2020,101.329,360517012801.0,2803375.0,513.361,36.145,0.281,183122.625,0.288,2131.543,0.086,99.914,0.004,0.0,0.015,75.184,24.716,0.086,0.14,49.4,1.4239577655753173,0.19738351764158166,128601.06578713158
QAT,Qatar,2021,104.386,366245595916.0,2814988.0,543.069,37.082,0.285,192920.656,0.283,2235.929,0.081,99.919,0.004,0.0,0.005,74.257,25.657,0.081,0.15,51.79,1.4828000829382126,0.1922149855727357,130105.56205426098
QAT,Qatar,2022,109.594,381778107010.0,2892466.0,565.004,37.89,0.287,195336.344,0.292,2345.523,0.192,99.808,0.118,0.0,0.02,70.906,28.882,0.192,0.72,54.75,1.4799277109548892,0.19397030817480937,131990.52538906247
ROU,Romania,1990,176.535,127957829968.0,22939530.0,735.215,7.696,1.38,32050.145,0.777,5593.729,4.324,95.676,0.0,0.0,19.921,45.745,30.009,4.324,11.41,64.3,5.745760147572558,0.24011343620573575,5578.0493309148005
ROU,Romania,1991,142.258,114884267222.0,22947416.0,624.444,6.199,1.238,27211.963,0.613,5735.987,6.517,93.483,0.0,0.0,19.605,44.508,29.37,6.517,14.59,56.8,5.435417878353502,0.22781546463734137,5006.414108760655
ROU,Romania,1992,132.003,109843021990.0,22912389.0,550.674,5.761,1.202,24033.893,0.586,5867.99,5.926,94.074,0.0,0.0,21.881,44.934,27.26,5.926,11.7,54.01,5.013281590615131,0.23971169875461704,4794.044915613121
ROU,Romania,1993,122.709,115101791639.0,22842257.0,535.222,5.372,1.066,23431.217,0.539,5990.699,6.656,93.344,0.0,0.0,22.277,44.466,26.602,6.656,12.77,55.36,4.6499884352682,0.22926748153102824,5038.985054716791
ROU,Romania,1994,120.868,123373706511.0,22756247.0,504.851,5.311,0.98,22185.154,0.526,6111.567,7.212,92.788,0.0,0.0,23.66,42.952,26.176,7.212,13.05,55.04,4.0920469545509475,0.23941321300740218,5421.531349655327
ROU,Romania,1995,125.675,136457737663.0,22657722.0,554.803,5.547,0.921,24486.252,0.534,6237.243,8.403,91.597,0.0,0.0,22.267,40.551,28.779,8.403,16.69,59.05,4.06574965627935,0.22652184649325977,6022.570921428023
ROU,Romania,1996,129.117,146513857110.0,22541915.0,551.402,5.728,0.881,24461.168,0.533,6366.36,7.979,91.319,0.0,0.0,22.386,41.174,27.759,8.681,15.76,61.03,3.7634801982314694,0.23416128341935644,6499.6189148082585
ROU,Romania,1997,118.115,145416621981.0,22411511.0,523.325,5.27,0.812,23350.738,0.484,6484.474,9.362,87.752,0.0,0.0,21.463,35.656,30.633,12.248,17.52,56.72,3.5987976674934536,0.22570104619500309,6488.479156135434
ROU,Romania,1998,104.783,144240925408.0,22284901.0,478.845,4.702,0.726,21487.428,0.431,6589.258,11.044,85.853,0.0,0.0,19.791,36.678,29.385,14.147,18.89,52.99,3.319758235365855,0.2188244630308346,6472.585424902718
ROU,Romania,1999,88.899,148247538550.0,22166156.0,421.171,4.011,0.6,19000.631,0.358,6678.156,12.167,84.376,0.0,0.0,19.576,38.242,26.558,15.624,18.29,50.47,2.8409982662744184,0.2110757863195709,6688.012957681973
ROU,Romania,2000,93.206,157839292272.0,22046264.0,420.332,4.228,0.591,19065.902,0.365,6771.363,9.836,86.533,0.0,0.0,20.495,38.12,27.918,13.467,14.78,51.56,2.663037789574308,0.22174376445286106,7159.457596624989
ROU,Romania,2001,98.928,173763436827.0,21919916.0,425.105,4.513,0.569,19393.555,0.385,6870.291,9.765,86.672,0.0,0.0,20.953,36.307,29.412,13.328,14.92,53.55,2.446458286982648,0.2327142705919714,7927.194466757993
ROU,Romania,2002,99.069,190219311781.0,21770020.0,441.307,4.551,0.521,20271.309,0.377,6969.36,10.037,86.515,0.0,0.0,21.746,36.18,28.589,13.485,16.05,54.42,2.3199905197221926,0.22448998089765174,8737.672807879828
ROU,Romania,2003,103.707,204513401651.0,21593448.0,441.244,4.803,0.507,20434.184,0.375,7073.067,8.239,88.714,0.0,0.0,24.307,39.054,25.354,11.286,13.26,54.84,2.1575309805514764,0.23503322424780848,9471.085935465238
ROU,Romania,2004,103.233,228570981481.0,21403215.0,459.247,4.823,0.452,21456.91,0.361,7176.299,9.814,86.889,0.0,0.0,22.986,35.538,28.365,13.111,16.51,56.47,2.0092095550553295,0.22478753263494372,10679.282597544341
ROU,Romania,2005,101.337,244044803180.0,21213395.0,460.449,4.777,0.415,21705.584,0.342,7277.636,11.901,84.828,0.0,0.0,21.898,35.465,27.464,15.172,20.22,59.33,1.8867396232174092,0.22008300593551078,11504.278460849855
ROU,Romania,2006,104.29,274969703969.0,21035732.0,467.61,4.958,0.379,22229.311,0.341,7381.926,10.578,86.178,0.0,0.001,24.401,35.578,26.199,13.822,18.36,62.56,1.7005873492620052,0.22302773678920468,13071.553866963128
ROU,Romania,2007,108.497,304650701380.0,20870714.0,451.004,5.199,0.356,21609.418,0.344,7490.423,9.612,85.81,0.0,0.002,25.499,33.137,27.175,14.19,16.01,61.56,1.4803970513018747,0.2405677111511206,14597.04260141747
ROU,Romania,2008,106.997,339689310169.0,20718745.0,449.797,5.164,0.315,21709.68,0.334,7597.42,10.317,83.045,0.0,0.003,24.628,31.693,26.724,16.955,17.22,64.86,1.3241423457694914,0.23787842070978685,16395.264779261484
ROU,Romania,2009,87.806,326954238767.0,20576922.0,392.122,4.267,0.269,19056.42,0.279,7685.226,10.621,81.447,0.001,0.006,22.53,31.644,27.273,18.553,15.55,57.59,1.199317682739819,0.22392520695089793,15889.365706250916
ROU,Romania,2010,84.488,335489566640.0,20432575.0,396.424,4.135,0.252,19401.561,0.254,7769.714,13.83,78.453,0.001,0.203,20.877,31.986,25.59,21.547,20.3,60.42,1.1816284004604716,0.21312534054446755,16419.34835134583
ROU,Romania,2011,92.391,350086824382.0,20282009.0,408.341,4.555,0.264,20133.164,0.268,7862.104,10.997,81.487,0.001,0.887,23.574,31.893,26.021,18.513,16.32,61.8,1.1663992231665237,0.22625942533323865,17260.954000266935
ROU,Romania,2012,89.848,356825919340.0,20158451.0,393.332,4.457,0.252,19512.025,0.257,7951.952,10.404,82.024,0.005,1.743,22.549,32.116,27.358,17.976,14.93,58.54,1.1023078164487692,0.2284278929759084,17701.05844640543
ROU,Romania,2013,78.795,357789262640.0,20062913.0,369.577,3.927,0.22,18420.879,0.223,8030.748,14.507,77.365,0.294,3.162,18.698,31.3,27.366,22.635,20.15,58.19,1.0329460344142876,0.21320320258024714,17833.36560548311
ROU,Romania,2014,79.335,372532510801.0,19968179.0,379.116,3.973,0.213,18986.027,0.224,8110.083,17.513,74.552,0.88,3.21,18.052,29.041,27.458,25.448,27.12,64.92,1.0176722541204377,0.2092631279080809,18656.308659943403
ROU,Romania,2015,78.046,384306463712.0,19871018.0,381.136,3.928,0.203,19180.48,0.22,8188.129,18.196,73.974,1.333,4.751,18.624,27.557,27.794,26.026,26.19,65.66,0.9917501681304638,0.2047720498719617,19340.049096226474
ROU,Romania,2016,76.587,395288226514.0,19777049.0,381.085,3.873,0.194,19269.059,0.216,8264.716,18.867,73.592,1.216,4.403,16.587,27.906,29.099,26.408,26.97,64.22,0.9640686831498713,0.20097091200125955,19987.219858432873
ROU,Romania,2017,79.432,456012361225.0,19689405.0,387.936,4.034,0.174,19702.773,0.221,8344.148,16.748,75.748,1.21,4.829,16.302,29.444,30.002,24.252,24.29,63.54,0.8507137809989966,0.2047554235750227,23160.291599720764
ROU,Romania,2018,79.874,473122658487.0,19597874.0,392.051,4.076,0.169,20004.775,0.217,8424.022,17.773,74.921,1.137,4.06,15.392,29.85,29.679,25.079,26.19,64.07,0.8286455805218477,0.20373369791175128,24141.529764248917
ROU,Romania,2019,76.69,456564507688.0,19501542.0,383.818,3.933,0.168,19681.396,0.207,8500.713,17.297,75.341,1.16,4.42,15.234,28.408,31.699,24.659,24.63,58.76,0.8406654339900805,0.1998082424482437,23411.713170579023
ROU,Romania,2020,73.946,483499378450.0,19392467.0,369.489,3.813,0.153,19053.199,0.21,8574.659,18.117,74.128,1.172,4.697,11.428,30.849,31.851,25.872,24.61,55.21,0.7641974663638784,0.20013045043289515,24932.32957158055
ROU,Romania,2021,77.501,505119539256.0,19248159.0,390.003,4.026,0.153,20261.834,0.21,8652.161,18.153,74.637,1.088,4.202,12.226,30.012,32.398,25.363,26.34,58.56,0.7721004033509429,0.19871898421294196,26242.485801161554
ROU,Romania,2022,73.186,504741667296.0,19166776.0,360.166,3.818,0.145,18791.148,0.195,8725.347,17.783,74.567,1.372,4.827,11.802,27.265,35.5,25.433,23.62,54.74,0.7135650241230922,0.20320074632252905,26334.19763949868
RUS,Russia,1990,2536.284,1834865200000.0,148979537.0,10076.104,17.024,1.382,67634.141,11.157,66547.266,4.619,92.107,0.0,0.0,21.119,41.258,29.73,7.893,166.911,1082.2,5.491468256087695,0.2517127651719355,12316.22299913578
RUS,Russia,1991,2407.642,1782589449407.0,149448433.0,9938.643,16.11,1.351,66502.156,10.375,68954.906,4.718,91.916,0.0,0.0,19.623,42.919,29.375,8.084,168.159,1068.163,5.5753965128124205,0.2422505768644673,11927.789496508136
RUS,Russia,1992,1963.458,1557839202683.0,148915993.0,9566.62,13.185,1.26,64241.723,8.719,70918.367,5.034,91.479,0.0,0.0,19.16,43.17,29.149,8.521,172.657,1008.45,6.140954716971956,0.20524051336835789,10461.19474006395
RUS,Russia,1993,1866.525,1453308047704.0,148135419.0,8919.131,12.6,1.284,60209.305,8.205,72784.891,5.454,90.818,0.0,0.0,18.555,46.184,26.079,9.182,174.349,956.587,6.137123519057667,0.20927206921840255,9810.672272132299
RUS,Russia,1994,1646.876,1297672618325.0,148200734.0,8138.424,11.112,1.269,54914.871,7.168,74431.766,6.035,90.611,0.0,0.0,17.791,47.564,25.256,9.389,175.987,875.914,6.271554076948046,0.20235809783319228,8756.182127444794
RUS,Russia,1995,1618.286,1274033410385.0,148291406.0,7702.033,10.913,1.27,51938.5,6.881,76050.055,6.39,90.002,0.0,0.0,18.114,48.593,23.295,9.998,176.314,860.027,6.045393266156594,0.2101115380835164,8591.417700800544
RUS,Russia,1996,1586.633,1256336600822.0,148084580.0,7413.202,10.714,1.263,50060.594,6.547,77636.68,5.811,90.085,0.0,0.0,18.466,50.755,20.863,9.915,154.366,847.183,5.9006495513620045,0.21402802729508788,8483.912375089965
RUS,Russia,1997,1481.964,1303661447743.0,147853769.0,7011.005,10.023,1.137,47418.508,6.079,79118.648,6.271,89.409,0.0,0.0,18.01,49.512,21.887,10.591,157.491,834.131,5.377933827941293,0.2113768282863869,8817.235140911424
RUS,Russia,1998,1465.859,1263722609285.0,147635543.0,6997.947,9.929,1.16,47400.148,6.033,80584.508,6.325,89.537,0.0,0.0,16.895,51.638,21.005,10.463,158.555,827.158,5.537565719394195,0.20946986308984622,8559.745056005924
RUS,Russia,1999,1494.088,1375023643662.0,147241973.0,7086.538,10.147,1.087,48128.516,6.015,82078.594,6.326,88.873,0.0,0.0,16.821,50.843,21.209,11.127,160.55,846.225,5.153757197314034,0.2108346840163702,9338.530417967166
RUS,Russia,2000,1480.576,1547057523527.0,146717784.0,7214.09,10.091,0.957,49169.844,5.804,83559.172,6.354,88.587,0.0,0.0,17.139,51.024,20.424,11.413,164.16,877.76,4.663103918432996,0.20523392416784375,10544.444452125857
RUS,Russia,2001,1518.081,1662886727147.0,146117290.0,7328.268,10.389,0.913,50153.324,5.909,85077.258,6.595,88.216,0.0,0.0,16.46,51.052,20.705,11.784,174.01,891.27,4.406955615415275,0.20715413246349615,11380.492528618619
RUS,Russia,2002,1508.33,1781424730851.0,145939502.0,7298.46,10.335,0.847,50010.18,5.743,86585.578,6.127,88.529,0.0,0.0,16.595,51.878,20.056,11.471,162.35,891.28,4.096979161456612,0.20666414558687723,12206.597298454533
RUS,Russia,2003,1539.006,1955875991276.0,145794230.0,7448.467,10.556,0.787,51088.902,5.565,88124.586,5.738,88.735,0.0,0.0,16.356,52.019,20.36,11.265,156.05,916.29,3.8082511535614647,0.20662050325254847,13415.31822813564
RUS,Russia,2004,1545.353,2143914665541.0,145180091.0,7514.088,10.644,0.721,51757.012,5.401,89669.945,6.387,88.367,0.0,0.0,15.54,52.918,19.91,11.633,176.14,931.91,3.504844722028094,0.20566075350727858,14767.277322763215
RUS,Russia,2005,1563.98,2331247104465.0,144597886.0,7503.903,10.816,0.671,51894.969,5.284,91233.93,6.235,88.383,0.0,0.0,14.734,53.638,20.011,11.617,173.07,954.11,3.21883638402291,0.2084222037518342,16122.276534976452
RUS,Russia,2006,1623.428,2576148450528.0,144102948.0,7836.937,11.266,0.63,54384.289,5.306,92857.352,5.962,88.675,0.0,0.0,14.469,54.079,20.127,11.325,173.81,992.12,3.042113896190169,0.20715082946309255,17877.139130616535
RUS,Russia,2007,1624.315,2858759376272.0,143859767.0,7878.335,11.291,0.568,54763.992,5.157,94481.672,6.025,88.545,0.0,0.0,13.931,54.695,19.919,11.455,177.53,1018.7,2.755858035968679,0.20617490878466072,19871.84767421457
RUS,Russia,2008,1652.731,3078094367564.0,143811837.0,7914.626,11.492,0.537,55034.594,5.157,96134.398,5.539,88.998,0.0,0.0,14.87,53.668,20.46,11.002,165.28,1040.0,2.5712746442740237,0.20881984821519045,21403.623177165868
RUS,Russia,2009,1545.236,2903690263125.0,143869128.0,7522.19,10.741,0.532,52284.949,4.903,97679.641,6.13,88.133,0.0,0.0,14.32,53.151,20.661,11.867,174.7,993.1,2.590562118669122,0.20542368645301434,20182.85857077691
RUS,Russia,2010,1633.147,3105249267337.0,143934468.0,7814.236,11.346,0.526,54290.234,4.902,99312.781,5.597,88.695,0.0,0.0,13.538,54.518,20.64,11.305,167.02,1038.02,2.516460138062067,0.2089963753334299,21574.049013312087
RUS,Russia,2011,1684.989,3306765993750.0,144043751.0,8080.549,11.698,0.51,56097.879,4.887,100997.773,5.274,89.156,0.0,0.0,13.593,54.159,21.405,10.844,163.62,1054.86,2.4436410121770806,0.2085240742924769,22956.677889830848
RUS,Russia,2012,1700.104,3439833075673.0,144291025.0,8128.363,11.782,0.494,56333.117,4.864,102697.875,5.226,89.12,0.0,0.0,14.145,52.968,22.007,10.88,163.96,1069.27,2.3630108848842015,0.2091569975405872,23839.54979648249
RUS,Russia,2013,1637.547,3500216789791.0,144604105.0,8032.525,11.324,0.468,55548.391,4.642,104335.422,5.816,88.664,0.0,0.0,13.17,53.159,22.334,11.336,181.64,1059.08,2.2948649990561374,0.20386453823673129,24205.514703687008
RUS,Russia,2014,1637.311,3525987597216.0,144925639.0,8057.762,11.298,0.464,55599.285,4.617,105972.734,5.531,88.733,0.005,0.003,12.7,52.646,23.387,11.267,174.21,1064.2,2.285249671996049,0.20319674371121907,24329.63291758196
RUS,Russia,2015,1635.244,3456429719677.0,145307612.0,7930.555,11.254,0.473,54577.699,4.619,107607.977,5.423,88.308,0.011,0.005,13.573,51.775,22.961,11.692,168.96,1067.55,2.2944354849318627,0.20619540498741892,23786.983160090746
RUS,Russia,2016,1629.328,3463123938280.0,145778668.0,8086.063,11.177,0.47,55468.086,4.604,109237.305,5.807,88.052,0.015,0.005,12.903,52.288,22.861,11.948,185.68,1090.97,2.334904307241177,0.2014983064069622,23756.04048103938
RUS,Russia,2017,1661.012,3526353842599.0,146186798.0,8135.743,11.362,0.471,55653.059,4.617,110898.312,5.769,87.957,0.017,0.004,12.058,53.255,22.645,12.043,186.36,1091.17,2.3071261033758823,0.2041622996203297,24122.245584714154
RUS,Russia,2018,1709.91,3625347362801.0,146430146.0,8432.209,11.677,0.472,57585.199,4.655,112608.234,5.709,88.227,0.019,0.007,12.01,54.161,22.056,11.773,192.0,1109.19,2.325903742775463,0.2027831615653739,24758.203565548585
RUS,Russia,2019,1704.459,3705035583500.0,146533063.0,8370.03,11.632,0.46,57120.422,4.596,114312.68,5.855,87.933,0.029,0.009,11.897,53.355,22.681,12.067,196.22,1118.16,2.2590957121370385,0.2036383382138415,25284.63889067821
RUS,Russia,2020,1631.902,3606716578675.0,146371295.0,8075.713,11.149,0.452,55172.793,4.642,115944.586,6.679,86.683,0.057,0.035,11.343,52.731,22.609,13.317,216.25,1085.42,2.2390761302810147,0.20207528425044327,24640.87359939666
RUS,Russia,2021,1674.524,3809571453737.0,145836172.0,8331.266,11.482,0.44,57127.566,4.542,117619.117,6.586,86.804,0.069,0.077,11.435,52.074,23.295,13.196,220.24,1157.07,2.1869299739285486,0.2009927422795047,26122.267209105023
RUS,Russia,2022,1675.461,3731440829579.0,145579889.0,8626.76,11.509,0.449,59257.91,4.465,119294.578,5.92,87.678,0.069,0.12,12.371,52.223,23.084,12.322,205.11,1166.94,2.3119112412599385,0.19421671635701004,25631.56803601492
RWA,Rwanda,1990,0.524,9760500152.0,7375313.0,3.183,0.071,0.054,431.638,0.002,9.248,,,,,,,,,,,0.3261103376293457,0.16462456801759345,1323.4014816727101
RWA,Rwanda,1991,0.472,9167410895.0,7526964.0,3.25,0.063,0.052,431.797,0.002,9.72,,,,,,,,,,,0.35451667185252744,0.14523076923076922,1217.9427050534584
RWA,Rwanda,1992,0.479,9540351727.0,7683266.0,3.258,0.062,0.05,423.977,0.002,10.199,,,,,,,,,,,0.34149684343183967,0.14702271332105588,1241.705249694596
RWA,Rwanda,1993,0.483,8498078373.0,7981142.0,2.989,0.061,0.057,374.48,0.002,10.682,,,,,,,,,,,0.351726574974481,0.16159250585480095,1064.7697250593963
RWA,Rwanda,1994,0.462,4238308069.0,6792358.0,3.056,0.068,0.109,449.892,0.002,11.144,,,,,,,,,,,0.7210424419952659,0.1511780104712042,623.981843860409
RWA,Rwanda,1995,0.451,5523726463.0,5674118.0,3.112,0.08,0.082,548.458,0.002,11.595,,,,,,,,,,,0.5633877819340527,0.1449228791773779,973.4951692932717
RWA,Rwanda,1996,0.464,6185436762.0,6708767.0,3.11,0.069,0.075,463.585,0.002,12.059,,,,,,,,,,,0.5027939205693879,0.14919614147909968,921.9930818882218
RWA,Rwanda,1997,0.483,6891736436.0,7755237.0,3.122,0.062,0.07,402.569,0.002,12.542,,,,,,,,,,,0.4530062965977302,0.1547085201793722,888.6558123239819
RWA,Rwanda,1998,0.482,7337662385.0,8081688.0,3.174,0.06,0.066,392.742,0.002,13.024,,,,,,,,,,,0.43256282906780263,0.1518588531821046,907.93685489962
RWA,Rwanda,1999,0.502,7619522357.0,8147917.0,3.131,0.062,0.066,384.272,0.002,13.526,,,,,,,,,,,0.4109181459548541,0.1603321622484829,935.1497268565696
RWA,Rwanda,2000,0.515,8053572290.0,8213936.0,2.677,0.063,0.064,325.954,0.002,14.041,,,,,,,,,0.1,0.16,0.33239907752786807,0.19237952932387,980.4766302050564
RWA,Rwanda,2001,0.519,8517814124.0,8287091.0,2.677,0.063,0.061,322.997,0.002,14.56,,,,,,,,,0.09,0.15,0.3142825096942677,0.19387373926036608,1027.8412683051265
RWA,Rwanda,2002,0.512,9398566544.0,8400185.0,2.727,0.061,0.054,324.637,0.002,15.072,,,,,,,,,0.1,0.17,0.2901506295915842,0.18775210854418775,1118.8523281332496
RWA,Rwanda,2003,0.505,9366054447.0,8586878.0,2.678,0.059,0.054,311.863,0.002,15.577,,,,,,,,,0.12,0.18,0.2859261618810873,0.18857356235997014,1090.7403653574675
RWA,Rwanda,2004,0.516,9814510529.0,8816849.0,2.639,0.058,0.053,299.312,0.002,16.093,,,,,,,,,0.08,0.14,0.26888758152556463,0.19552860932171276,1113.15397700471
RWA,Rwanda,2005,0.514,10465323107.0,9054532.0,2.622,0.057,0.049,289.582,0.002,16.607,,,,,,,,,0.1,0.19,0.25054171507100514,0.19603356216628529,1155.8104943469193
RWA,Rwanda,2006,0.514,11146496514.0,9299251.0,2.649,0.055,0.046,284.862,0.002,17.121,,,,,,,,,0.13,0.27,0.23765314928083958,0.1940354850887127,1198.6445482544777
RWA,Rwanda,2007,0.542,11698650639.0,9549940.0,2.69,0.057,0.046,281.718,0.002,17.663,,,,,,,,,0.12,0.25,0.22994104901571288,0.20148698884758365,1224.9972920248713
RWA,Rwanda,2008,0.531,12678494332.0,9804268.0,2.793,0.054,0.042,284.913,0.002,18.194,,,,,,,,,0.16,0.29,0.220294297324453,0.19011815252416756,1293.16072673656
RWA,Rwanda,2009,0.555,13135703239.0,10060438.0,2.864,0.055,0.042,284.673,0.002,18.749,,,,,,,,,0.16,0.31,0.21803172223750936,0.19378491620111732,1305.679060792383
RWA,Rwanda,2010,0.581,13742192522.0,10317560.0,3.147,0.056,0.042,305.011,0.002,19.33,,,,,,,,,0.11,0.28,0.22900275883647672,0.184620273276136,1331.9227144790048
RWA,Rwanda,2011,0.643,14451195383.0,10573742.0,3.501,0.061,0.045,331.1,0.002,19.974,,,,,,,,,0.15,0.35,0.2422636956468309,0.18366181091116823,1366.7058817020502
RWA,Rwanda,2012,0.718,15700063621.0,10829904.0,3.888,0.066,0.046,359.024,0.002,20.692,,,,,,,,,0.18,0.39,0.24764230858271882,0.18467078189300412,1449.6955486401357
RWA,Rwanda,2013,0.779,16440168692.0,11093340.0,4.071,0.07,0.047,366.961,0.002,21.471,,,,,,,,,0.15,0.37,0.2476251963266655,0.19135347580447068,1481.9854698404629
RWA,Rwanda,2014,0.83,17455015690.0,11364758.0,4.21,0.073,0.048,370.45,0.002,22.301,,,,,,,,,0.2,0.41,0.24119141883166076,0.19714964370546317,1535.8897822549322
RWA,Rwanda,2015,0.967,19000488690.0,11640026.0,4.548,0.083,0.051,390.745,0.003,23.268,,,,,,,,,0.29,0.51,0.23936226452920775,0.21262093227792436,1632.340743053323
RWA,Rwanda,2016,1.052,20135193148.0,11919183.0,4.622,0.088,0.052,387.805,0.003,24.32,,,,,,,,,0.32,0.64,0.22954833191948282,0.2276070964950238,1689.3098417903307
RWA,Rwanda,2017,1.17,20935170126.0,12202062.0,4.929,0.096,0.056,403.966,0.003,25.489,,,,,,,,,0.3,0.65,0.2354411246879972,0.23737066342057211,1715.7075686060275
RWA,Rwanda,2018,1.313,22730987759.0,12488000.0,4.892,0.105,0.058,391.707,0.004,26.802,,,,,,,,,0.34,0.82,0.2152128210118403,0.26839738348323794,1820.2264381005766
RWA,Rwanda,2019,1.413,24883378782.0,12776102.0,5.498,0.111,0.057,430.316,0.004,28.216,,,,,,,,,0.43,0.85,0.22095070159753033,0.257002546380502,1947.6502913016818
RWA,Rwanda,2020,1.394,24048043469.0,13065838.0,5.751,0.107,0.058,440.125,0.004,29.61,,,,,,,,,0.56,0.89,0.23914627430765978,0.24239262736915318,1840.5282132688312
RWA,Rwanda,2021,1.699,26663035281.0,13355260.0,6.519,0.127,0.064,488.136,0.005,31.309,,,,,,,,,0.59,1.0,0.24449579469466554,0.26062279490719437,1996.444493106087
RWA,Rwanda,2022,1.957,28466253314.0,13651025.0,6.8,0.143,0.069,498.153,0.005,33.266,,,,,,,,,0.6,1.04,0.23887934688811643,0.2877941176470588,2085.28321602224
LCA,Saint Lucia,1990,0.18,718014000.0,137874.0,0.732,1.302,0.25,5309.029,0.001,2.678,,,,,,,,,,,1.0194787288270146,0.2459016393442623,5207.754906653901
LCA,Saint Lucia,1991,0.187,732565360.0,139536.0,0.732,1.339,0.255,5245.793,0.001,2.865,,,,,,,,,,,0.9992282463369548,0.25546448087431695,5250.009746588694
LCA,Saint Lucia,1992,0.213,808957688.0,141629.0,0.734,1.5,0.263,5180.932,0.001,3.078,,,,,,,,,,,0.907340409625973,0.2901907356948229,5711.808231365046
LCA,Saint Lucia,1993,0.234,829979959.0,143735.0,0.732,1.631,0.283,5092.545,0.001,3.312,,,,,,,,,,,0.881949006192811,0.319672131147541,5774.376171426584
LCA,Saint Lucia,1994,0.26,862136440.0,145901.0,0.865,1.783,0.302,5925.385,0.001,3.572,,,,,,,,,,,1.0033214696272437,0.30057803468208094,5909.050931796218
LCA,Saint Lucia,1995,0.275,889991191.0,148227.0,0.865,1.854,0.309,5832.403,0.001,3.847,,,,,,,,,,,0.9719197321808098,0.3179190751445087,6004.244779965863
LCA,Saint Lucia,1996,0.293,936978316.0,150453.0,0.867,1.948,0.313,5760.207,0.001,4.14,,,,,,,,,,,0.9253149034454283,0.33794694348327564,6227.714409151031
LCA,Saint Lucia,1997,0.293,951717700.0,152584.0,0.865,1.921,0.308,5665.86,0.001,4.433,,,,,,,,,,,0.9088829597263979,0.33872832369942196,6237.336155822367
LCA,Saint Lucia,1998,0.322,1031515653.0,154688.0,0.865,2.084,0.313,5588.795,0.001,4.756,,,,,,,,,,,0.8385718602371999,0.3722543352601156,6668.3624650910215
LCA,Saint Lucia,1999,0.337,1081004035.0,156719.0,0.865,2.151,0.312,5516.434,0.001,5.093,,,,,,,,,,,0.8001820270726372,0.3895953757225434,6897.721622777072
LCA,Saint Lucia,2000,0.341,1100265060.0,158624.0,1.465,2.148,0.31,9235.667,0.001,5.434,,,,,,,,,0.0,0.28,1.331497339377477,0.23276450511945393,6936.308881379867
LCA,Saint Lucia,2001,0.359,1080200365.0,160247.0,1.589,2.241,0.332,9914.066,0.001,5.793,,,,,,,,,0.0,0.29,1.471023387406465,0.22592825676526118,6740.846100082997
LCA,Saint Lucia,2002,0.355,1106971931.0,161655.0,1.436,2.199,0.321,8880.034,0.001,6.148,,,,,,,,,0.0,0.29,1.2972325311833042,0.24721448467966572,6847.7432247687975
LCA,Saint Lucia,2003,0.377,1185932109.0,162985.0,1.588,2.316,0.318,9746.063,0.001,6.526,,,,,,,,,0.0,0.3,1.3390311198665759,0.23740554156171284,7276.326711047029
LCA,Saint Lucia,2004,0.399,1306608275.0,164250.0,1.594,2.432,0.306,9705.354,0.001,6.925,,,,,,,,,0.0,0.31,1.2199524758099363,0.25031367628607276,7954.997108066971
LCA,Saint Lucia,2005,0.392,1321769047.0,165460.0,1.644,2.369,0.297,9938.069,0.001,7.317,,,,,,,,,0.0,0.32,1.243787637281538,0.2384428223844282,7988.450664813248
LCA,Saint Lucia,2006,0.414,1443383695.0,166657.0,1.659,2.484,0.287,9953.021,0.001,7.731,,,,,,,,,0.0,0.33,1.1493825278385177,0.24954792043399637,8660.804496660807
LCA,Saint Lucia,2007,0.421,1491085385.0,167766.0,1.715,2.512,0.283,10222.272,0.001,8.152,,,,,,,,,0.0,0.35,1.1501688751378916,0.2454810495626822,8887.887802057629
LCA,Saint Lucia,2008,0.425,1589069531.0,168816.0,1.763,2.518,0.267,10440.874,0.001,8.577,,,,,,,,,0.0,0.35,1.109454284791771,0.2410663641520136,9413.026792484125
LCA,Saint Lucia,2009,0.425,1609861406.0,169880.0,1.719,2.502,0.264,10121.01,0.001,9.002,,,,,,,,,0.0,0.36,1.067793782491609,0.2472367655613729,9476.462243936896
LCA,Saint Lucia,2010,0.484,1619438310.0,170921.0,1.797,2.83,0.299,10513.959,0.001,9.486,,,,,,,,,0.0,0.38,1.1096439974919452,0.26933778519755147,9474.776709707994
LCA,Saint Lucia,2011,0.484,1661310000.0,171814.0,1.824,2.815,0.291,10616.009,0.001,9.97,,,,,,,,,0.0,0.39,1.0979287429799376,0.26535087719298245,9669.235335886482
LCA,Saint Lucia,2012,0.487,1630854000.0,172595.0,1.815,2.823,0.299,10518.801,0.001,10.457,,,,,,,,,0.0,0.38,1.1129138475915072,0.26831955922865014,9449.022277586257
LCA,Saint Lucia,2013,0.487,1636031000.0,173380.0,1.811,2.811,0.298,10444.183,0.001,10.944,,,,,,,,,0.0,0.38,1.1069472399972862,0.26891220320265047,9436.099896181797
LCA,Saint Lucia,2014,0.487,1635705000.0,174145.0,1.828,2.798,0.298,10499.429,0.001,11.432,,,,,,,,,0.0,0.38,1.1175609293851887,0.26641137855579866,9392.77613483017
LCA,Saint Lucia,2015,0.48,1670340000.0,174919.0,1.839,2.744,0.287,10514.652,0.001,11.912,,,,,,,,,0.0,0.38,1.1009734545062682,0.26101141924959215,9549.219924650839
LCA,Saint Lucia,2016,0.473,1719860632.0,175651.0,1.859,2.691,0.275,10583.137,0.001,12.384,,,,,,,,,0.0,0.39,1.080901536677537,0.25443786982248523,9791.351213485832
LCA,Saint Lucia,2017,0.495,1781316024.0,176352.0,2.015,2.805,0.278,11427.596,0.001,12.879,,,,,,,,,0.0,0.4,1.1311861415108453,0.24565756823821336,10100.911948829613
LCA,Saint Lucia,2018,0.509,1830625072.0,177032.0,2.544,2.877,0.278,14370.854,0.001,13.388,,,,,,,,,0.01,0.41,1.3896892591013306,0.20007861635220126,10340.645035925709
LCA,Saint Lucia,2019,0.502,1824037649.0,177675.0,2.513,2.825,0.275,14145.36,0.001,13.89,,,,,,,,,0.01,0.42,1.3777127908394395,0.19976124154397135,10266.14689179682
LCA,Saint Lucia,2020,0.487,1361621707.0,178261.0,2.396,2.734,0.358,13442.011,0.001,14.378,,,,,,,,,0.01,0.38,1.7596664240018611,0.20325542570951585,7638.36008437067
LCA,Saint Lucia,2021,0.506,1515672504.0,178540.0,2.49,2.832,0.334,13946.938,0.001,14.883,,,,,,,,,0.01,0.4,1.6428351068114382,0.20321285140562248,8489.260132183264
LCA,Saint Lucia,2022,0.518,1749086152.0,178794.0,2.534,2.898,0.296,14172.194,0.001,15.401,,,,,,,,,0.01,0.4,1.4487565390089487,0.20441988950276244,9782.689307247447
STP,Sao Tome and Principe,1990,0.048,257172000.0,122993.0,0.264,0.387,0.185,2146.168,0.0,0.916,,,,,,,,,,,1.0265503242965797,0.18181818181818182,2090.9482653484347
STP,Sao Tome and Principe,1991,0.048,262157958.0,125711.0,0.279,0.379,0.182,2220.091,0.0,0.964,,,,,,,,,,,1.0642438708650608,0.17204301075268819,2085.4018980041524
STP,Sao Tome and Principe,1992,0.048,264441187.0,128127.0,0.28,0.372,0.18,2183.448,0.0,1.011,,,,,,,,,,,1.0588365722318438,0.17142857142857143,2063.8989986497772
STP,Sao Tome and Principe,1993,0.048,268616534.0,130478.0,0.279,0.365,0.177,2138.98,0.0,1.059,,,,,,,,,,,1.038655349487906,0.17204301075268819,2058.7113076533974
STP,Sao Tome and Principe,1994,0.048,275609588.0,132745.0,0.341,0.359,0.173,2571.851,0.0,1.107,,,,,,,,,,,1.2372573917856589,0.14076246334310852,2076.233289389431
STP,Sao Tome and Principe,1995,0.048,281874143.0,134905.0,0.341,0.353,0.169,2530.673,0.0,1.154,,,,,,,,,,,1.2097597756598766,0.14076246334310852,2089.4269522997665
STP,Sao Tome and Principe,1996,0.048,288736950.0,136974.0,0.342,0.348,0.165,2498.575,0.0,1.202,,,,,,,,,,,1.1844691162665533,0.14035087719298245,2107.9690306189495
STP,Sao Tome and Principe,1997,0.048,291643204.0,138935.0,0.341,0.343,0.163,2457.267,0.0,1.249,,,,,,,,,,,1.1692369145690773,0.14076246334310852,2099.1341562601215
STP,Sao Tome and Principe,1998,0.048,300902178.0,140765.0,0.34,0.338,0.158,2418.218,0.0,1.297,,,,,,,,,,,1.1299353240307886,0.1411764705882353,2137.6207011686142
STP,Sao Tome and Principe,1999,0.048,310102879.0,142459.0,0.342,0.334,0.154,2403.551,0.0,1.345,,,,,,,,,,,1.1028598028591665,0.14035087719298245,2176.786857973171
STP,Sao Tome and Principe,2000,0.051,312853560.0,144029.0,0.272,0.356,0.164,1889.702,0.0,1.396,,,,,,,,,0.01,0.03,0.8694163492977354,0.1875,2172.1567184386477
STP,Sao Tome and Principe,2001,0.051,323367292.0,146386.0,0.265,0.35,0.159,1808.979,0.0,1.447,,,,,,,,,0.0,0.02,0.8195015592362384,0.19245283018867926,2209.0042217151913
STP,Sao Tome and Principe,2002,0.055,330763135.0,149932.0,0.297,0.367,0.166,1980.883,0.0,1.502,,,,,,,,,0.01,0.04,0.8979235246394675,0.18518518518518517,2206.0876597390816
STP,Sao Tome and Principe,2003,0.062,356840538.0,153824.0,0.33,0.405,0.175,2147.572,0.0,1.565,,,,,,,,,0.01,0.04,0.92478282274084,0.18787878787878787,2319.7975478468898
STP,Sao Tome and Principe,2004,0.073,370949154.0,157721.0,0.378,0.465,0.198,2394.556,0.0,1.638,,,,,,,,,0.01,0.04,1.019007580753237,0.1931216931216931,2351.93255178448
STP,Sao Tome and Principe,2005,0.077,400193555.0,161650.0,0.404,0.476,0.192,2497.804,0.0,1.715,,,,,,,,,0.0,0.04,1.0095115099992054,0.1905940594059406,2475.6792762140426
STP,Sao Tome and Principe,2006,0.081,436915676.0,165651.0,0.422,0.487,0.184,2549.841,0.0,1.795,,,,,,,,,0.01,0.05,0.9658614308908431,0.19194312796208532,2637.5673916849278
STP,Sao Tome and Principe,2007,0.081,454094461.0,169709.0,0.436,0.475,0.178,2571.557,0.0,1.876,,,,,,,,,0.01,0.05,0.9601526498249887,0.18577981651376146,2675.7240983094594
STP,Sao Tome and Principe,2008,0.084,491548804.0,173808.0,0.476,0.485,0.171,2740.118,0.0,1.96,,,,,,,,,0.01,0.05,0.9683677309893323,0.17647058823529413,2828.1138037374576
STP,Sao Tome and Principe,2009,0.092,507380515.0,177866.0,0.509,0.515,0.181,2863.84,0.0,2.052,,,,,,,,,0.01,0.06,1.0031918549335699,0.1807465618860511,2852.5997942271147
STP,Sao Tome and Principe,2010,0.106,544428757.0,181810.0,0.554,0.584,0.195,3044.893,0.0,2.158,,,,,,,,,0.0,0.05,1.0175803406358273,0.19133574007220217,2994.4929156812054
STP,Sao Tome and Principe,2011,0.099,572220000.0,185665.0,0.571,0.533,0.173,3077.946,0.0,2.257,,,,,,,,,0.01,0.07,0.9978679528852539,0.1733800350262697,3082.0025314410364
STP,Sao Tome and Principe,2012,0.11,588711000.0,189452.0,0.605,0.58,0.187,3192.302,0.0,2.367,,,,,,,,,0.01,0.08,1.027668924141047,0.18181818181818182,3107.4414627451806
STP,Sao Tome and Principe,2013,0.11,619718000.0,193158.0,0.605,0.569,0.177,3131.053,0.0,2.477,,,,,,,,,0.01,0.07,0.9762504881252441,0.18181818181818182,3208.3475703827953
STP,Sao Tome and Principe,2014,0.128,660060000.0,196780.0,0.607,0.652,0.194,3083.585,0.0,2.605,,,,,,,,,0.01,0.08,0.9196133684816532,0.21087314662273476,3354.3042992174
STP,Sao Tome and Principe,2015,0.136,687730000.0,200308.0,0.629,0.677,0.197,3139.276,0.0,2.741,,,,,,,,,0.01,0.1,0.9146031145943903,0.21621621621621623,3433.3626215627933
STP,Sao Tome and Principe,2016,0.147,718608950.0,203702.0,0.652,0.719,0.204,3200.858,0.0,2.887,,,,,,,,,0.01,0.11,0.90730848815618,0.2254601226993865,3527.7461684224995
STP,Sao Tome and Principe,2017,0.139,745271993.0,206986.0,0.662,0.673,0.187,3200.026,0.0,3.026,,,,,,,,,0.0,0.1,0.8882663057485913,0.20996978851963746,3600.591310523417
STP,Sao Tome and Principe,2018,0.139,768095622.0,210198.0,0.631,0.662,0.181,2999.56,0.0,3.166,,,,,,,,,0.0,0.1,0.8215122986340886,0.2202852614896989,3654.1528558787427
STP,Sao Tome and Principe,2019,0.147,784993764.0,213405.0,0.663,0.687,0.187,3108.311,0.0,3.312,,,,,,,,,0.01,0.11,0.8445926966624923,0.22171945701357465,3678.4225486750543
STP,Sao Tome and Principe,2020,0.143,809328569.0,217450.0,0.636,0.657,0.177,2926.469,0.0,3.455,,,,,,,,,0.01,0.11,0.7858365864754244,0.2248427672955975,3721.906502644286
STP,Sao Tome and Principe,2021,0.143,824700110.0,221975.0,0.659,0.644,0.173,2968.911,0.0,3.598,,,,,,,,,0.01,0.11,0.7990783461881678,0.21699544764795145,3715.283748169839
STP,Sao Tome and Principe,2022,0.136,825238400.0,226313.0,0.582,0.599,0.164,2571.202,0.0,3.734,,,,,,,,,0.01,0.09,0.7052507493592155,0.23367697594501718,3646.447177139625
SAU,Saudi Arabia,1990,181.971,230231005239.0,10640697.0,928.337,17.101,0.79,87244.008,0.801,3163.0,0.0,100.0,0.0,0.0,0.0,34.302,65.698,0.0,0.0,79.88,4.032198004939885,0.1960182563013216,21636.83499671121
SAU,Saudi Arabia,1991,244.534,279266370692.0,11160752.0,972.452,21.91,0.876,87131.43,1.054,3407.533,0.0,100.0,0.0,0.0,0.0,34.358,65.642,0.0,0.0,84.996,3.4821664978505673,0.2514612546429027,25022.182259044912
SAU,Saudi Arabia,1992,276.011,306102220149.0,11686682.0,981.756,23.618,0.902,84006.414,1.226,3683.545,0.0,100.0,0.0,0.0,0.0,37.013,62.987,0.0,0.0,93.473,3.20728153987944,0.2811401203557707,26192.39747851443
SAU,Saudi Arabia,1993,297.754,318013026200.0,12215864.0,1002.85,24.374,0.936,82094.094,1.309,3981.299,0.0,100.0,0.0,0.0,0.0,37.93,62.07,0.0,0.0,102.669,3.153487176243223,0.2969078127337089,26032.790329034444
SAU,Saudi Arabia,1994,291.208,336457977370.0,12750037.0,1159.58,22.84,0.866,90947.219,1.268,4272.508,0.0,100.0,0.0,0.0,0.0,35.04,64.96,0.0,0.0,106.046,3.446433367590567,0.2511323065247762,26388.78439097863
SAU,Saudi Arabia,1995,274.604,354296184185.0,13289246.0,1130.006,20.664,0.775,85031.602,1.168,4547.112,0.0,100.0,0.0,0.0,0.0,36.091,63.909,0.0,0.0,109.928,3.1894388097895905,0.2430110990561112,26660.367652536494
SAU,Saudi Arabia,1996,269.498,381675255575.0,13831002.0,1168.553,19.485,0.706,84487.93,1.112,4816.61,0.0,100.0,0.0,0.0,0.0,36.104,63.896,0.0,0.0,112.167,3.0616420187878197,0.23062539739318627,27595.633026081552
SAU,Saudi Arabia,1997,227.149,404619673714.0,14374948.0,1190.249,15.802,0.561,82800.234,0.932,5043.759,0.0,100.0,0.0,0.0,0.0,36.188,63.812,0.0,0.0,119.104,2.941648855268742,0.19084158020716674,28147.55738344236
SAU,Saudi Arabia,1998,218.915,436367217571.0,14922188.0,1252.577,14.67,0.502,83940.57,0.901,5262.674,0.0,100.0,0.0,0.0,0.0,35.51,64.49,0.0,0.0,126.168,2.870465400614557,0.174771690682489,29242.84411716298
SAU,Saudi Arabia,1999,237.716,440370701905.0,15472076.0,1275.43,15.364,0.54,82434.336,0.957,5500.391,0.0,100.0,0.0,0.0,0.0,34.412,65.588,0.0,0.0,130.999,2.8962644301326503,0.18638106364128176,28462.289217361653
SAU,Saudi Arabia,2000,309.639,488272422255.0,16177733.0,1334.88,19.14,0.634,82513.391,1.214,5810.03,0.0,100.0,0.0,0.0,0.0,35.449,64.551,0.0,0.0,138.69,2.7338836664890724,0.2319601761956131,30181.75799136999
SAU,Saudi Arabia,2001,324.374,506978101388.0,17041405.0,1422.332,19.034,0.64,83463.328,1.262,6134.403,0.0,100.0,0.0,0.0,0.006,35.86,64.133,0.0,0.0,146.09,2.8055097372173523,0.22805786553350413,29749.78303655127
SAU,Saudi Arabia,2002,346.93,518347038548.0,17910909.0,1481.383,19.37,0.669,82708.406,1.321,6481.334,0.0,100.0,0.0,0.0,0.01,36.361,63.629,0.0,0.0,154.91,2.857898067961704,0.2341933180008141,28940.297700580133
SAU,Saudi Arabia,2003,351.228,607244594721.0,18786771.0,1569.191,18.695,0.578,83526.383,1.27,6832.561,0.0,100.0,0.0,0.0,0.012,36.361,63.628,0.0,0.0,166.58,2.5841168676371153,0.22382743719534462,32322.989124687792
SAU,Saudi Arabia,2004,407.702,690846607941.0,19669486.0,1702.448,20.728,0.59,86552.734,1.425,7240.264,0.0,100.0,0.0,0.0,0.01,36.651,63.34,0.0,0.0,173.41,2.464292334117378,0.23947985489130946,35122.758568322526
SAU,Saudi Arabia,2005,412.234,768984265306.0,20559886.0,1811.106,20.05,0.536,88089.297,1.393,7652.498,0.0,100.0,0.0,0.0,0.018,37.368,62.614,0.0,0.0,191.05,2.355192533464012,0.2276145073783644,37402.16581482991
SAU,Saudi Arabia,2006,444.977,833723402383.0,21459141.0,1900.17,20.736,0.534,88548.273,1.454,8097.476,0.0,100.0,0.0,0.0,0.012,36.727,63.261,0.0,0.0,196.31,2.279137174953727,0.23417746833178085,38851.667099955215
SAU,Saudi Arabia,2007,423.314,896025266041.0,22368313.0,1944.057,18.925,0.472,86911.211,1.344,8520.789,0.0,100.0,0.0,0.0,0.033,36.367,63.6,0.0,0.0,204.43,2.169645292023545,0.21774773064781536,40057.79363159841
SAU,Saudi Arabia,2008,469.43,1005243539213.0,23287884.0,2128.464,20.158,0.467,91397.906,1.465,8990.221,0.0,100.0,0.0,0.0,0.035,35.903,64.062,0.0,0.0,204.2,2.1173615317800136,0.2205487149418548,43165.94582886964
SAU,Saudi Arabia,2009,503.97,1040467027041.0,24217656.0,2205.138,20.81,0.484,91054.977,1.599,9494.189,0.0,100.0,0.0,0.0,0.012,33.797,66.19,0.0,0.0,217.31,2.119373264784013,0.2285435197252961,42963.159896275676
SAU,Saudi Arabia,2010,555.64,1156842077931.0,25157134.0,2451.107,22.087,0.48,97431.875,1.668,10049.829,0.0,100.0,0.0,0.0,0.032,33.975,65.992,0.0,0.0,248.77,2.1187913603417496,0.22668941013183022,45984.653018543366
SAU,Saudi Arabia,2011,540.236,1347950226660.0,26105636.0,2557.291,20.694,0.401,97959.344,1.567,10590.064,0.001,99.999,0.001,0.0,0.03,34.273,65.696,0.001,0.01,259.15,1.8971701991820191,0.2112532363348559,51634.452677575064
SAU,Saudi Arabia,2012,605.712,1421109142119.0,27062447.0,2714.211,22.382,0.426,100294.359,1.733,11195.777,0.002,99.998,0.002,0.0,0.033,34.767,65.198,0.002,0.03,281.63,1.9099243819886136,0.22316319549217065,52512.21894749577
SAU,Saudi Arabia,2013,583.178,1461615692896.0,28026825.0,2731.22,20.808,0.399,97450.227,1.653,11778.955,0.004,99.996,0.004,0.0,0.042,34.794,65.16,0.004,0.04,294.72,1.8686307305502758,0.2135228945306493,52150.59832485485
SAU,Saudi Arabia,2014,585.109,1520484201383.0,28998127.0,2931.717,20.177,0.385,101100.227,1.65,12364.064,0.004,99.996,0.004,0.0,0.054,33.176,66.766,0.004,0.05,328.2,1.928146966166023,0.19957894980995777,52433.876208039226
SAU,Saudi Arabia,2015,624.547,1591797027903.0,29974944.0,3056.625,20.836,0.392,101972.688,1.764,12988.611,0.004,99.996,0.004,0.0,0.034,32.463,67.499,0.004,0.05,350.64,1.9202353983703147,0.20432568600989653,53104.25360270898
SAU,Saudi Arabia,2016,641.174,1629412617614.0,30717804.0,3179.844,20.873,0.394,103517.945,1.812,13629.786,0.004,99.996,0.004,0.0,0.027,33.12,66.849,0.004,0.05,357.66,1.9515277871459873,0.20163693564841545,53044.56717068707
SAU,Saudi Arabia,2017,644.487,1628276592787.0,30782400.0,3181.819,20.937,0.396,103364.891,1.792,14274.272,0.005,99.995,0.005,0.0,0.042,34.336,65.617,0.005,0.07,394.99,1.9541022785041189,0.2025530050577987,52896.34962793675
SAU,Saudi Arabia,2018,652.204,1673253984473.0,30365119.0,3101.678,21.479,0.39,102146.078,1.775,14926.477,0.013,99.987,0.013,0.0,0.036,36.142,63.809,0.013,0.16,374.77,1.8536803311285044,0.21027456750829712,55104.47643801429
SAU,Saudi Arabia,2019,708.335,1687180073621.0,30472809.0,2967.379,23.245,0.42,97377.938,1.91,15634.811,0.018,99.982,0.017,0.0,0.04,37.458,62.485,0.018,0.22,378.55,1.7587802549323954,0.23870729017088818,55366.739364953195
SAU,Saudi Arabia,2020,653.565,1613932868835.0,30991206.0,2888.253,21.089,0.405,93195.883,1.859,16288.376,0.078,99.922,0.078,0.0,0.036,39.143,60.743,0.078,0.92,380.9,1.78957443383928,0.226283847017557,52077.123711642584
SAU,Saudi Arabia,2021,695.394,1677226744197.0,31328374.0,2982.346,22.197,0.415,95196.312,1.886,16983.77,0.083,99.917,0.082,0.0,0.043,38.381,61.493,0.083,1.0,392.95,1.7781412145486908,0.2331701284827448,53536.98676468175
SAU,Saudi Arabia,2022,666.994,1823886192336.0,32175351.0,3150.054,20.73,0.366,97902.695,1.777,17650.764,0.157,99.843,0.095,0.062,0.04,37.066,62.737,0.157,2.01,409.84,1.727111051795106,0.21174049714703302,56685.821153466204
SEN,Senegal,1990,2.93,15993263040.0,7720524.0,10.639,0.38,0.183,1378.018,0.013,64.402,,,,,,,,,,,0.6652175965211912,0.27540182347965037,2071.5255907500577
SEN,Senegal,1991,3.108,16307693057.0,7943091.0,9.824,0.391,0.191,1236.738,0.013,67.51,,,,,,,,,,,0.602415066659787,0.31636807817589574,2053.0663764270107
SEN,Senegal,1992,3.166,16415224652.0,8168396.0,11.899,0.388,0.193,1456.766,0.014,70.676,,,,,,,,,,,0.724875854717605,0.266072779225145,2009.6019649390162
SEN,Senegal,1993,3.286,16528654543.0,8396289.0,12.407,0.391,0.199,1477.701,0.014,73.962,,,,,,,,,,,0.7506358105387623,0.26485048762795194,1968.5666540301318
SEN,Senegal,1994,3.636,16427310135.0,8624077.0,14.965,0.422,0.221,1735.306,0.016,77.598,,,,,,,,,,,0.9109829836423187,0.24296692281991314,1904.8195111198565
SEN,Senegal,1995,2.99,17207967928.0,8848112.0,16.198,0.338,0.174,1830.635,0.013,80.589,,,,,,,,,,,0.9413081235259262,0.18459069020866772,1944.8180502235957
SEN,Senegal,1996,3.243,17463290035.0,9067018.0,16.336,0.358,0.186,1801.723,0.013,83.831,,,,,,,,,,,0.9354480150795936,0.19851860920666015,1926.0235322131268
SEN,Senegal,1997,3.182,17899120921.0,9283505.0,14.921,0.343,0.178,1607.275,0.013,87.014,,,,,,,,,,,0.8336163583594799,0.2132564841498559,1928.056366749412
SEN,Senegal,1998,3.334,18841602978.0,9502951.0,15.876,0.351,0.177,1670.616,0.014,90.347,,,,,,,,,,,0.8426034673661936,0.21000251952632906,1982.710736696422
SEN,Senegal,1999,3.604,19920223117.0,9730897.0,17.482,0.37,0.181,1796.547,0.015,93.951,,,,,,,,,,,0.8776006120674817,0.20615490218510468,2047.110674072493
SEN,Senegal,2000,3.902,20439620643.0,9968262.0,19.903,0.391,0.191,1996.683,0.015,97.853,,,,,,,,,0.05,1.49,0.9737460566234247,0.1960508466060393,2050.469845495634
SEN,Senegal,2001,4.258,21256566387.0,10212941.0,21.691,0.417,0.2,2123.851,0.017,102.111,,,,,,,,,0.06,1.79,1.020437619373263,0.19630261398736804,2081.3364521541835
SEN,Senegal,2002,4.437,21289209696.0,10466216.0,22.128,0.424,0.208,2114.22,0.017,106.548,,,,,,,,,0.26,2.08,1.0393997858998776,0.20051518438177873,2034.0885087791041
SEN,Senegal,2003,4.928,22622569107.0,10721176.0,22.038,0.46,0.218,2055.552,0.018,111.475,,,,,,,,,0.38,2.33,0.9741599150726378,0.2236137580542699,2110.0828031365218
SEN,Senegal,2004,5.238,23858338191.0,10975711.0,23.443,0.477,0.22,2135.905,0.018,116.714,,,,,,,,,0.33,2.39,0.9825914869814077,0.22343556712024912,2173.739650306026
SEN,Senegal,2005,5.539,25111741099.0,11235473.0,24.396,0.493,0.221,2171.303,0.019,122.253,,,,,,,,,0.31,2.65,0.9714977509453336,0.22704541728152156,2235.040847768492
SEN,Senegal,2006,4.43,25681645040.0,11500094.0,24.018,0.385,0.172,2088.511,0.014,126.682,,,,,,,,,0.28,2.64,0.9352204643663279,0.1844449995836456,2233.1682714941285
SEN,Senegal,2007,5.196,26900866878.0,11770348.0,26.04,0.441,0.193,2212.367,0.016,131.878,,,,,,,,,0.22,2.8,0.9679985451062162,0.19953917050691244,2285.477615275266
SEN,Senegal,2008,4.74,27862112568.0,12048963.0,26.609,0.393,0.17,2208.442,0.015,136.619,,,,,,,,,0.27,2.96,0.9550244955424085,0.17813521740764404,2312.4075132440857
SEN,Senegal,2009,5.258,28495333178.0,12337390.0,25.441,0.426,0.185,2062.085,0.017,141.876,,,,,,,,,0.29,3.05,0.8928128631126827,0.20667426594866553,2309.672724782146
SEN,Senegal,2010,6.862,29674469620.0,12635418.0,26.389,0.543,0.231,2088.487,0.021,148.739,,,,,,,,,0.32,3.23,0.8892829539306859,0.26003258933646595,2348.5150724732653
SEN,Senegal,2011,7.819,30201416523.0,12958902.0,27.694,0.603,0.259,2137.034,0.023,156.557,,,,,,,,,0.33,3.29,0.9169768569930994,0.28233552394020367,2330.5536628797718
SEN,Senegal,2012,7.362,31410375400.0,13310499.0,27.11,0.553,0.234,2036.734,0.021,163.92,,,,,,,,,0.34,3.62,0.8630906079524283,0.2715603098487643,2359.819522919464
SEN,Senegal,2013,7.853,32167998974.0,13710857.0,28.245,0.573,0.244,2060.026,0.022,171.772,,,,,,,,,0.37,3.81,0.8780465338496563,0.27803151000177023,2346.1698254164567
SEN,Senegal,2014,8.724,34170131826.0,14152103.0,31.419,0.616,0.255,2220.115,0.025,180.497,,,,,,,,,0.38,4.18,0.9194872340554838,0.277666380215793,2414.491459396529
SEN,Senegal,2015,9.845,36345743124.0,14593335.0,36.498,0.675,0.271,2501.007,0.028,190.342,,,,,,,,,0.4,4.44,1.0041891254081818,0.26974080771549125,2490.571423461464
SEN,Senegal,2016,10.013,38655882471.0,15034517.0,35.216,0.666,0.259,2342.34,0.028,200.355,,,,,,,,,0.43,4.78,0.9110127036013049,0.28433098591549294,2571.1422901713436
SEN,Senegal,2017,10.757,41519118886.0,15475001.0,37.261,0.695,0.259,2407.79,0.03,211.112,,,,,,,,,0.53,4.72,0.8974419737159737,0.288693271785513,2682.9800454293995
SEN,Senegal,2018,11.33,44097044770.0,15914495.0,39.673,0.712,0.257,2492.887,0.031,222.442,,,,,,,,,0.7,4.94,0.8996748014957738,0.28558465455095405,2770.8730167058397
SEN,Senegal,2019,12.711,46131678369.0,16352926.0,41.8,0.777,0.276,2556.102,0.034,235.154,,,,,,,,,0.78,5.82,0.9061018692111831,0.3040909090909091,2821.0045327056455
SEN,Senegal,2020,10.82,46743389453.0,16789217.0,38.546,0.644,0.231,2295.899,0.031,245.974,,,,,,,,,1.02,6.06,0.8246299733731891,0.2807035749494111,2784.1315919021117
SEN,Senegal,2021,12.319,49579310412.0,17220866.0,44.549,0.715,0.248,2586.945,0.033,258.293,,,,,,,,,1.35,6.66,0.8985401295379356,0.2765269703023637,2879.025387689562
SEN,Senegal,2022,14.133,51913993763.0,17651099.0,46.8,0.801,0.272,2651.39,0.038,272.426,,,,,,,,,1.41,7.16,0.9014910356088837,0.3019871794871795,2941.11963017147
SYC,Seychelles,1990,0.15,584969000.0,74000.0,1.805,2.03,0.257,24391.521,0.001,2.257,,,,,,,,,,,3.0856335976778255,0.08310249307479224,7904.986486486487
SYC,Seychelles,1991,0.172,617088515.0,74838.0,2.047,2.301,0.279,27346.631,0.001,2.429,,,,,,,,,,,3.3171902413383925,0.08402540302882265,8245.657486838238
SYC,Seychelles,1992,0.172,679250956.0,75630.0,2.029,2.277,0.254,26830.818,0.001,2.601,,,,,,,,,,,2.9871139408451564,0.08477082306554953,8981.23702234563
SYC,Seychelles,1993,0.183,730723726.0,76420.0,2.086,2.397,0.251,27298.029,0.001,2.785,,,,,,,,,,,2.854704077310882,0.08772770853307767,9561.943548809213
SYC,Seychelles,1994,0.202,744501064.0,77279.0,2.086,2.608,0.271,26994.596,0.001,2.986,,,,,,,,,,,2.8018764523887905,0.09683604985618409,9633.93760271225
SYC,Seychelles,1995,0.198,760132177.0,78144.0,2.16,2.532,0.26,27636.34,0.001,3.184,,,,,,,,,,,2.8416110583883363,0.09166666666666666,9727.326179873055
SYC,Seychelles,1996,0.234,795643257.0,78901.0,2.165,2.972,0.295,27444.008,0.001,3.419,,,,,,,,,,,2.7210687465173855,0.10808314087759816,10084.070632818342
SYC,Seychelles,1997,0.271,929711785.0,79670.0,2.294,3.403,0.292,28787.609,0.001,3.69,,,,,,,,,,,2.4674313448656564,0.11813426329555361,11669.534140830927
SYC,Seychelles,1998,0.289,1062691437.0,80738.0,2.294,3.585,0.272,28406.807,0.001,3.979,,,,,,,,,,,2.158669883024568,0.12598081952920662,13162.221469444376
SYC,Seychelles,1999,0.304,1110391394.0,82033.0,2.294,3.707,0.274,27958.432,0.001,4.283,,,,,,,,,,,2.0659382019670085,0.13251961639058413,13535.91108456353
SYC,Seychelles,2000,0.319,1136006730.0,83339.0,3.761,3.825,0.281,45128.398,0.001,4.602,,,,,,,,,0.0,0.2,3.31071982293626,0.08481786758840734,13631.153841538775
SYC,Seychelles,2001,0.341,1137693046.0,84621.0,4.046,4.027,0.3,47809.285,0.001,4.943,,,,,,,,,0.0,0.2,3.556319531199807,0.0842807711319822,13444.571040285507
SYC,Seychelles,2002,0.348,1181094301.0,85878.0,3.523,4.053,0.295,41022.238,0.001,5.291,,,,,,,,,0.0,0.23,2.9828270249184787,0.09877944933295486,13753.164966580498
SYC,Seychelles,2003,0.341,1134551439.0,87056.0,3.514,3.914,0.3,40367.582,0.001,5.632,,,,,,,,,0.0,0.23,3.0972593037273475,0.09704040978941378,13032.432445782026
SYC,Seychelles,2004,0.377,1140079489.0,88175.0,4.905,4.28,0.331,55627.305,0.001,6.009,,,,,,,,,0.0,0.23,4.302331589442357,0.07686034658511723,12929.736195066629
SYC,Seychelles,2005,0.381,1274495332.0,89288.0,4.468,4.268,0.299,50038.867,0.001,6.39,,,,,,,,,0.0,0.3,3.5057013453227777,0.08527305282005372,14273.982304453006
SYC,Seychelles,2006,0.385,1430092128.0,90391.0,4.747,4.256,0.269,52513.859,0.001,6.775,,,,,,,,,0.0,0.32,3.319366568808915,0.0811038550663577,15821.17830314965
SYC,Seychelles,2007,0.403,1619623050.0,91483.0,3.902,4.406,0.249,42657.594,0.001,7.178,,,,,,,,,0.0,0.34,2.4092025610527092,0.10328036904151718,17704.087644699015
SYC,Seychelles,2008,0.414,1625802984.0,92563.0,4.254,4.473,0.255,45958.117,0.001,7.592,,,,,,,,,0.0,0.34,2.6165531997818006,0.09732016925246827,17564.285772933028
SYC,Seychelles,2009,0.443,1630727660.0,93644.0,4.637,4.734,0.272,49517.035,0.001,8.035,,,,,,,,,0.0,0.35,2.84351588173834,0.09553590683631659,17414.117936012986
SYC,Seychelles,2010,0.44,1772951640.0,94993.0,4.193,4.629,0.248,44144.305,0.001,8.475,,,,,,,,,0.0,0.38,2.3649827245146966,0.10493679942761747,18664.024085985282
SYC,Seychelles,2011,0.403,1917505000.0,97041.0,3.601,4.153,0.21,37104.098,0.001,8.878,,,,,,,,,0.0,0.4,1.8779612047947725,0.11191335740072202,19759.740728145836
SYC,Seychelles,2012,0.418,1991700000.0,99565.0,4.143,4.195,0.21,41611.43,0.001,9.296,,,,,,,,,0.0,0.41,2.0801325500828436,0.10089307265266714,20004.01747602069
SYC,Seychelles,2013,0.414,2096276000.0,102108.0,3.73,4.055,0.198,36527.234,0.001,9.71,,,,,,,,,0.01,0.44,1.7793458494969174,0.11099195710455764,20529.987855995612
SYC,Seychelles,2014,0.458,2231000000.0,104663.0,4.362,4.376,0.205,41677.82,0.001,10.168,,,,,,,,,0.01,0.45,1.9551770506499329,0.10499770747363595,21316.033364226136
SYC,Seychelles,2015,0.498,2363480000.0,107247.0,4.52,4.646,0.211,42146.875,0.001,10.666,,,,,,,,,0.01,0.46,1.9124342071860139,0.11017699115044248,22037.725996997586
SYC,Seychelles,2016,0.553,2658740126.0,109836.0,5.035,5.037,0.208,45840.832,0.002,11.219,,,,,,,,,0.01,0.5,1.893754094566217,0.10983118172790467,24206.4544047489
SYC,Seychelles,2017,0.575,2824383463.0,112443.0,5.25,5.116,0.204,46686.66,0.002,11.794,,,,,,,,,0.01,0.51,1.8588127528630838,0.10952380952380952,25118.357416646657
SYC,Seychelles,2018,0.597,2983293782.0,115053.0,4.232,5.191,0.2,36782.391,0.002,12.392,,,,,,,,,0.01,0.52,1.4185662925770814,0.1410680529300567,25929.73483524984
SYC,Seychelles,2019,0.59,3137071789.0,117662.0,3.837,5.014,0.188,32611.264,0.002,12.982,,,,,,,,,0.04,0.57,1.2231151398747924,0.15376596299192077,26661.724167530723
SYC,Seychelles,2020,0.597,2871729130.0,120299.0,3.595,4.965,0.208,29880.9,0.002,13.579,,,,,,,,,0.07,0.59,1.2518590149900384,0.16606397774687065,23871.596023242088
SYC,Seychelles,2021,0.612,2944095268.0,123000.0,3.406,4.975,0.208,27693.805,0.002,14.191,,,,,,,,,0.08,0.6,1.1568919107409807,0.17968291250733998,23935.733886178863
SYC,Seychelles,2022,0.629,3053368129.0,125533.0,3.606,5.01,0.206,28729.107,0.002,14.82,,,,,,,,,0.09,0.62,1.1809909082862506,0.17443150305047145,24323.23077597126
SLE,Sierra Leone,1990,0.498,6912780000.0,4196834.0,4.277,0.119,0.072,1019.11,0.002,18.804,,,,,,,,,,,0.6187091155801284,0.11643675473462707,1647.1416310485477
SLE,Sierra Leone,1991,0.557,6361130421.0,4246268.0,4.531,0.131,0.088,1067.011,0.002,19.361,,,,,,,,,,,0.7122947809782063,0.12293092032663872,1498.0520355757103
SLE,Sierra Leone,1992,0.282,5753194720.0,4166368.0,3.275,0.068,0.049,786.048,0.001,19.643,,,,,,,,,,,0.5692489406998552,0.08610687022900763,1380.865713254326
SLE,Sierra Leone,1993,0.264,5761167651.0,4157128.0,3.27,0.063,0.046,786.506,0.001,19.907,,,,,,,,,,,0.5675932724215041,0.08073394495412844,1385.8528414328352
SLE,Sierra Leone,1994,0.275,5967832311.0,4173111.0,3.104,0.066,0.046,743.737,0.001,20.181,,,,,,,,,,,0.5201218530015764,0.08859536082474227,1430.0679543391009
SLE,Sierra Leone,1995,0.224,5367842746.0,4179178.0,3.569,0.053,0.042,854.106,0.001,20.405,,,,,,,,,,,0.6648853494561743,0.06276267862146259,1284.4254889358624
SLE,Sierra Leone,1996,0.231,4041803222.0,4199215.0,3.517,0.055,0.057,837.542,0.001,20.636,,,,,,,,,,,0.8701561671425675,0.06568097810634063,962.5139989259898
SLE,Sierra Leone,1997,0.205,3333148709.0,4253710.0,3.697,0.048,0.062,869.221,0.001,20.841,,,,,,,,,,,1.1091614334570634,0.0554503651609413,783.5862597591279
SLE,Sierra Leone,1998,0.22,3306704220.0,4295783.0,3.697,0.051,0.066,860.712,0.001,21.061,,,,,,,,,,,1.1180316575154703,0.0595077089532053,769.7558791959464
SLE,Sierra Leone,1999,0.176,3041564615.0,4318047.0,3.697,0.041,0.058,856.274,0.001,21.237,,,,,,,,,,,1.2154928360777237,0.047606167162564245,704.3843235147741
SLE,Sierra Leone,2000,0.271,3156875905.0,4423615.0,1.846,0.061,0.086,417.366,0.001,21.508,,,,,,,,,0.01,0.09,0.584755326326329,0.14680390032502708,713.641649420214
SLE,Sierra Leone,2001,0.374,3731874073.0,4692715.0,2.324,0.08,0.1,495.191,0.001,21.881,,,,,,,,,0.01,0.13,0.6227434137754198,0.16092943201376936,795.2483952253652
SLE,Sierra Leone,2002,0.502,4723203819.0,4971435.0,2.337,0.101,0.106,470.089,0.002,22.383,,,,,,,,,0.02,0.16,0.4947912665972546,0.21480530594779632,950.0685051700365
SLE,Sierra Leone,2003,0.539,5165014591.0,5177686.0,2.402,0.104,0.104,463.906,0.002,22.922,,,,,,,,,0.02,0.15,0.4650519292211618,0.2243963363863447,997.552688788003
SLE,Sierra Leone,2004,0.52,5509297894.0,5355715.0,2.397,0.097,0.094,447.603,0.002,23.442,,,,,,,,,0.02,0.12,0.4350826631848127,0.2169378389653734,1028.676450109836
SLE,Sierra Leone,2005,0.432,5761186841.0,5501707.0,2.164,0.079,0.075,393.411,0.001,23.875,,,,,,,,,0.02,0.08,0.3756170490079754,0.19963031423290203,1047.1635150690504
SLE,Sierra Leone,2006,0.575,6009264027.0,5624464.0,2.653,0.102,0.096,471.732,0.002,24.45,,,,,,,,,0.0,0.05,0.4414850118217314,0.2167357708254806,1068.4154129175686
SLE,Sierra Leone,2007,0.487,6495486321.0,5749353.0,2.479,0.085,0.075,431.164,0.002,24.937,,,,,,,,,0.02,0.06,0.38164963753142817,0.1964501815248084,1129.7769194203242
SLE,Sierra Leone,2008,0.506,6848797957.0,5894728.0,2.439,0.086,0.074,413.68,0.002,25.443,,,,,,,,,0.02,0.06,0.3561208865136916,0.2074620746207462,1161.8513961967371
SLE,Sierra Leone,2009,0.502,7073732794.0,6055655.0,2.449,0.083,0.071,404.411,0.002,25.945,,,,,,,,,0.02,0.06,0.3462104197768486,0.20498162515312374,1168.1201775860745
SLE,Sierra Leone,2010,0.546,7455363914.0,6222715.0,2.721,0.088,0.073,437.283,0.002,26.491,,,,,,,,,0.12,0.14,0.3649721236129588,0.20066152149944874,1198.0886018401936
SLE,Sierra Leone,2011,0.714,7933356000.0,6387258.0,3.457,0.112,0.09,541.179,0.002,27.205,,,,,,,,,0.15,0.17,0.4357550575065584,0.20653746022562916,1242.059738310242
SLE,Sierra Leone,2012,0.832,9134190000.0,6551078.0,3.938,0.127,0.091,601.191,0.002,28.037,,,,,,,,,0.12,0.18,0.43112744534545483,0.21127475876079227,1394.3033497693052
SLE,Sierra Leone,2013,1.052,11029545000.0,6714057.0,4.636,0.157,0.095,690.481,0.003,29.088,,,,,,,,,0.1,0.16,0.42032558913354995,0.2269197584124245,1642.754149987109
SLE,Sierra Leone,2014,1.129,11528208000.0,6876385.0,5.081,0.164,0.098,738.866,0.003,30.217,,,,,,,,,0.12,0.15,0.44074499696743846,0.22220035426097226,1676.4925175073822
SLE,Sierra Leone,2015,1.084,9188877000.0,7037660.0,4.121,0.154,0.118,585.566,0.003,31.301,,,,,,,,,0.12,0.16,0.4484770010524682,0.2630429507401116,1305.6721978612209
SLE,Sierra Leone,2016,1.14,9765347713.0,7205339.0,4.219,0.158,0.117,585.52,0.003,32.441,,,,,,,,,0.13,0.21,0.43203786736477473,0.2702062100023702,1355.2933058389065
SLE,Sierra Leone,2017,1.096,10128155156.0,7379300.0,4.176,0.148,0.108,565.926,0.003,33.536,,,,,,,,,0.14,0.23,0.4123159584029579,0.2624521072796935,1372.5089311994363
SLE,Sierra Leone,2018,1.037,10480967104.0,7554568.0,4.587,0.137,0.099,607.231,0.003,34.573,,,,,,,,,0.18,0.27,0.4376504529099608,0.22607368650534115,1387.3681597677062
SLE,Sierra Leone,2019,1.118,11031662186.0,7731994.0,5.0,0.145,0.101,646.621,0.003,35.691,,,,,,,,,0.19,0.2,0.4532408548863445,0.2236,1426.7551405239062
SLE,Sierra Leone,2020,1.187,10814455084.0,7912557.0,5.248,0.15,0.11,663.206,0.003,36.878,,,,,,,,,0.19,0.2,0.48527641561565343,0.2261814024390244,1366.745931056168
SLE,Sierra Leone,2021,1.484,11258356071.0,8094603.0,6.472,0.183,0.132,799.513,0.004,38.361,,,,,,,,,0.19,0.2,0.5748619033884526,0.22929542645241038,1390.8472189432885
SLE,Sierra Leone,2022,1.444,11681270534.0,8276809.0,6.348,0.174,0.124,766.949,0.004,39.805,,,,,,,,,0.19,0.2,0.5434340366934609,0.22747321991178324,1411.3253711665934
SGP,Singapore,1990,43.536,69065570813.0,3039593.0,273.104,14.323,0.63,89848.742,0.192,674.715,0.097,99.903,0.0,0.0,0.091,0.0,99.811,0.097,0.085,15.618,3.9542712350767175,0.15941179916808249,22721.979821969588
SGP,Singapore,1991,44.235,74103369043.0,3136294.0,278.315,14.104,0.597,88740.07,0.191,718.951,0.275,99.725,0.0,0.0,0.053,0.0,99.672,0.275,0.245,16.597,3.7557671613891404,0.15893861272299373,23627.685747254563
SGP,Singapore,1992,47.441,80052595653.0,3226461.0,298.587,14.704,0.593,92543.344,0.211,766.392,0.256,99.744,0.0,0.0,0.072,3.5,96.172,0.256,0.245,17.543,3.729885303085864,0.15888501508772987,24811.270197594207
SGP,Singapore,1993,49.662,89698198294.0,3317892.0,326.212,14.968,0.554,98319.023,0.218,816.054,0.235,99.765,0.0,0.0,0.073,4.369,95.324,0.235,0.245,18.962,3.6367731593759407,0.15223842163991513,27034.695009361367
SGP,Singapore,1994,60.086,100708565980.0,3417818.0,373.084,17.58,0.597,109158.398,0.262,876.14,0.205,99.795,0.0,0.0,0.076,3.82,95.899,0.205,0.245,20.675,3.7045905317934107,0.16105220272110302,29465.748609200375
SGP,Singapore,1995,40.546,109097198275.0,3533624.0,388.941,11.474,0.372,110068.547,0.172,916.686,0.197,99.803,0.0,0.0,0.034,3.664,96.105,0.197,0.245,22.057,3.565086969691019,0.10424717373586224,30874.02572401591
SGP,Singapore,1996,48.013,120135527253.0,3664566.0,392.477,13.102,0.4,107100.578,0.198,964.699,0.195,99.805,0.0,0.0,0.001,3.631,96.173,0.195,0.245,23.909,3.266951991424328,0.12233328322423989,32783.01639348288
SGP,Singapore,1997,56.737,132363368332.0,3796629.0,412.801,14.944,0.429,108728.195,0.233,1021.436,0.185,99.815,0.0,0.0,0.0,3.452,96.362,0.185,0.245,26.709,3.118695188872749,0.13744394999043122,34863.392849814925
SGP,Singapore,1998,47.412,131914179626.0,3901418.0,418.509,12.153,0.359,107271.07,0.195,1068.848,0.183,99.817,0.0,0.0,0.0,3.405,96.412,0.183,0.245,28.375,3.1725853974648284,0.11328788628201544,33811.8549783694
SGP,Singapore,1999,49.2,139187634120.0,3966562.0,414.326,12.404,0.353,104454.742,0.198,1118.048,0.185,99.815,0.0,0.0,0.0,3.439,96.376,0.185,0.245,29.52,2.976744325166061,0.11874707356043308,35090.24543672833
SGP,Singapore,2000,37.369,152153574500.0,4035251.0,443.014,9.261,0.246,109786.094,0.146,1155.417,0.173,99.827,0.0,0.0,0.0,3.741,96.086,0.173,0.49,31.67,2.9116240052579245,0.08435173606251721,37706.09919928153
SGP,Singapore,2001,38.525,152550774197.0,4116169.0,500.721,9.359,0.253,121647.219,0.15,1193.942,0.295,99.705,0.0,0.0,0.0,8.699,91.005,0.295,0.69,33.06,3.282323558406739,0.07693905388429884,37061.34859793172
SGP,Singapore,2002,40.208,157982989858.0,4146898.0,482.24,9.696,0.255,116289.367,0.153,1234.15,0.307,99.693,0.0,0.0,0.016,9.763,89.914,0.307,0.77,34.66,3.052480526121529,0.08337757133377571,38096.666437901295
SGP,Singapore,2003,39.534,160287778605.0,4138241.0,454.274,9.553,0.247,109774.617,0.143,1273.684,0.341,99.659,0.0,0.0,0.022,11.252,88.385,0.341,0.99,35.32,2.83411501459182,0.0870267723884704,38733.311715049946
SGP,Singapore,2004,41.0,175483138246.0,4172767.0,513.521,9.826,0.234,123064.773,0.143,1314.684,0.292,99.708,0.0,0.0,0.016,12.049,87.643,0.292,0.96,36.82,2.926326740750006,0.07984094126627733,42054.38219914987
SGP,Singapore,2005,39.6,190691514722.0,4268363.0,542.302,9.278,0.208,127051.617,0.134,1354.284,0.275,99.725,0.0,0.0,0.018,11.407,88.299,0.275,0.96,38.22,2.8438706399212155,0.07302204306825348,44675.56173690007
SGP,Singapore,2006,40.6,211578605777.0,4407064.0,598.825,9.212,0.192,135878.344,0.133,1394.884,0.247,99.753,0.0,0.0,0.01,13.61,86.133,0.247,0.95,39.49,2.8302719823721243,0.06779944057111845,48008.970547511904
SGP,Singapore,2007,41.1,237920174358.0,4596516.0,648.487,8.942,0.173,141082.234,0.13,1435.984,0.238,99.762,0.0,0.0,0.015,12.568,87.18,0.238,0.99,41.13,2.7256494820158355,0.06337829439911671,51760.98035077002
SGP,Singapore,2008,40.2,252508208683.0,4806742.0,690.6,8.363,0.159,143673.141,0.125,1476.184,0.236,99.764,0.0,0.0,0.008,12.619,87.137,0.236,1.04,41.67,2.7349605923781373,0.05821025195482189,52532.09110932103
SGP,Singapore,2009,40.8,256114472232.0,4968574.0,742.003,8.212,0.159,149339.188,0.129,1516.984,0.223,99.777,0.001,0.0,0.006,12.373,87.398,0.223,1.05,41.8,2.8971537357243147,0.05498630059447199,51546.87687694699
SGP,Singapore,2010,44.4,297586792174.0,5077020.0,792.033,8.745,0.149,156003.531,0.133,1561.384,0.233,99.767,0.001,0.0,0.011,10.525,89.23,0.233,1.18,45.36,2.6615193309281535,0.056058270299343585,58614.46127334539
SGP,Singapore,2011,47.0,319718127421.0,5182242.0,824.16,9.069,0.147,159035.375,0.136,1608.384,0.231,99.769,0.002,0.0,0.009,10.056,89.704,0.231,1.2,46.0,2.5777706339270483,0.05702776159968938,61694.943505339965
SGP,Singapore,2012,46.1,333899221028.0,5293345.0,831.272,8.709,0.138,157040.891,0.132,1654.484,0.242,99.758,0.003,0.0,0.035,10.743,88.98,0.242,1.27,46.94,2.489589515784739,0.055457178877671806,63079.058899051546
SGP,Singapore,2013,47.0,349985256634.0,5385589.0,843.129,8.727,0.134,156552.797,0.133,1701.484,0.265,99.735,0.004,0.0,0.363,11.879,87.492,0.265,1.69,47.97,2.4090414782292076,0.05574473182632788,64985.51163744579
SGP,Singapore,2014,47.6,363759075569.0,5457899.0,860.464,8.721,0.131,157654.781,0.134,1749.084,0.277,99.723,0.008,0.0,0.525,12.075,87.122,0.277,1.38,49.3,2.3654777510472917,0.05531899068409602,66648.18743787674
SGP,Singapore,2015,49.4,374587437267.0,5525343.0,911.619,8.941,0.132,164988.625,0.14,1798.484,0.292,99.708,0.014,0.0,0.519,12.702,86.487,0.292,1.46,50.28,2.4336614347005248,0.05418930496183164,67794.42240364083
SGP,Singapore,2016,49.1,388078809982.0,5577936.0,960.892,8.803,0.127,172266.609,0.139,1847.584,0.284,99.716,0.023,0.0,0.516,12.387,86.813,0.284,1.5,51.59,2.476022847123677,0.05109835444566091,69573.9086970521
SGP,Singapore,2017,50.1,405715948493.0,5604087.0,986.095,8.94,0.123,175960.0,0.139,1897.684,0.277,99.723,0.031,0.0,1.059,12.462,86.202,0.277,1.51,52.28,2.430505883889387,0.05080646388025495,72396.44004331125
SGP,Singapore,2018,50.3,420221993120.0,5634366.0,993.577,8.927,0.12,176342.375,0.137,1947.984,0.274,99.726,0.034,0.0,0.559,12.367,86.801,0.274,1.49,52.97,2.3644098030734693,0.05062516543760574,74581.94819434875
SGP,Singapore,2019,49.0,425816263950.0,5669562.0,974.507,8.643,0.115,171884.062,0.132,1996.984,0.293,99.707,0.049,0.0,0.547,12.878,86.282,0.293,1.51,54.14,2.288562186329332,0.05028183481493719,75105.67199900099
SGP,Singapore,2020,46.7,409204971045.0,5620151.0,913.371,8.309,0.114,162517.109,0.133,2043.684,0.314,99.686,0.08,0.0,0.552,13.795,85.34,0.314,1.49,53.07,2.232062327267176,0.05112927824509427,72810.31613652373
SGP,Singapore,2021,50.1,445551993008.0,5546291.0,912.046,9.033,0.112,164442.578,0.136,2093.784,0.338,99.662,0.107,0.0,0.592,14.641,84.429,0.338,1.62,55.79,2.047002402217117,0.054931439861585926,80333.32419954165
SGP,Singapore,2022,48.934,461801118473.0,5649888.0,895.63,8.661,0.106,158521.719,0.13,2142.718,0.521,99.479,0.183,0.0,0.539,14.584,84.356,0.521,2.33,56.92,1.9394279575621352,0.054636401192456704,81736.33149418182
SVK,Slovakia,1990,61.529,65119612994.0,5266077.0,248.354,11.684,0.945,47161.055,0.271,2683.731,2.112,84.369,0.0,0.0,36.829,23.928,23.612,15.631,1.88,25.49,3.813812591651656,0.2477471673498313,12365.867987498093
SVK,Slovakia,1991,53.334,55297380289.0,5284876.0,222.188,10.092,0.964,42042.316,0.23,2737.065,1.768,83.556,0.0,0.0,36.583,23.788,23.184,16.444,1.41,24.26,4.018056530685209,0.24003996615478784,10463.325968102185
SVK,Slovakia,1992,48.931,51864851101.0,5306445.0,213.742,9.221,0.943,40279.746,0.217,2785.996,2.529,83.042,0.0,0.0,33.896,27.212,21.935,16.958,1.94,23.24,4.121133975373138,0.22892552703726923,9773.93548807158
SVK,Slovakia,1993,46.394,55439229551.0,5326363.0,209.976,8.71,0.837,39422.043,0.204,2832.39,4.615,80.095,0.0,0.0,34.116,27.473,18.506,19.905,3.47,24.05,3.7874985222663957,0.22094906084504895,10408.458745864673
SVK,Slovakia,1994,43.804,58762730616.0,5343230.0,206.843,8.198,0.745,38711.277,0.191,2876.194,5.892,77.067,0.0,0.0,30.926,26.659,19.482,22.933,4.36,25.47,3.51996916807131,0.21177414754185542,10997.604560537353
SVK,Slovakia,1995,44.194,63261333115.0,5354287.0,209.749,8.254,0.699,39174.078,0.188,2920.388,6.511,78.229,0.0,0.0,30.41,29.144,18.675,21.771,4.88,26.43,3.3155956359425196,0.2106994550629562,11815.080722232484
SVK,Slovakia,1996,44.076,67378056744.0,5362430.0,211.202,8.219,0.654,39385.582,0.182,2964.463,5.597,79.507,0.0,0.0,29.691,30.484,19.332,20.493,4.23,25.46,3.1345813489761634,0.20869120557570478,12564.836602808802
SVK,Slovakia,1997,44.147,71311497148.0,5369781.0,207.321,8.221,0.619,38608.91,0.181,3008.611,5.482,79.582,0.0,0.0,28.403,31.511,19.668,20.418,4.06,25.04,2.9072591137685087,0.2129403196010052,13280.150000158294
SVK,Slovakia,1998,43.878,74015465370.0,5374801.0,209.521,8.164,0.593,38982.078,0.181,3052.488,5.696,79.093,0.0,0.0,25.599,31.689,21.805,20.907,4.27,25.73,2.830773257353904,0.20942053541172484,13770.828979528731
SVK,Slovakia,1999,43.088,73695869861.0,5378105.0,211.293,8.012,0.585,39287.695,0.173,3095.576,5.926,76.699,0.0,0.0,25.261,31.823,19.615,23.301,4.47,28.11,2.8670941858550023,0.20392535483901503,13702.94366900609
SVK,Slovakia,2000,41.187,74595099937.0,5380001.0,218.247,7.656,0.552,40566.387,0.161,3136.763,5.923,72.908,0.0,0.0,22.988,31.039,18.881,27.092,4.61,30.78,2.9257551794195944,0.1887173706855077,13865.257634152857
SVK,Slovakia,2001,43.273,76744257548.0,5379439.0,224.558,8.044,0.564,41743.789,0.168,3180.036,6.48,72.307,0.0,0.0,23.096,32.211,17.0,27.693,5.08,31.82,2.9260560617131426,0.19270299877982525,14266.219497609323
SVK,Slovakia,2002,42.034,80059373942.0,5377685.0,226.427,7.816,0.525,42104.883,0.16,3222.07,6.658,71.421,0.0,0.0,22.206,30.412,18.803,28.579,5.42,32.18,2.828238454175745,0.18564040507536644,14887.330504110969
SVK,Slovakia,2003,42.359,84281952821.0,5376197.0,219.883,7.879,0.503,40899.352,0.153,3264.429,4.499,73.196,0.0,0.002,24.741,30.21,18.245,26.804,3.58,30.98,2.6088977846418997,0.19264336033254048,15676.872112573255
SVK,Slovakia,2004,42.857,88594621302.0,5376038.0,215.043,7.972,0.484,40000.277,0.15,3307.285,5.248,73.129,0.0,0.008,24.816,29.966,18.347,26.871,4.13,30.46,2.4272692499803648,0.19929502471598703,16479.537775216617
SVK,Slovakia,2005,42.857,94444699022.0,5376697.0,226.267,7.971,0.454,42082.98,0.145,3350.143,5.658,73.105,0.0,0.007,21.878,30.593,20.635,26.895,4.68,31.34,2.39576177745342,0.18940897258548528,17565.560979538182
SVK,Slovakia,2006,42.639,102275719553.0,5376847.0,220.178,7.93,0.417,40949.367,0.139,3392.782,6.177,71.769,0.0,0.007,23.445,28.641,19.683,28.231,4.81,31.25,2.1527885695871563,0.19365695028567795,19021.504527281508
SVK,Slovakia,2007,41.032,113160253049.0,5376993.0,206.629,7.631,0.363,38428.328,0.13,3433.814,6.844,73.265,0.0,0.01,22.378,28.869,22.017,26.735,4.93,27.85,1.8259856657489684,0.19857812794912622,21045.266945484214
SVK,Slovakia,2008,41.425,119380219073.0,5379127.0,212.209,7.701,0.347,39450.379,0.129,3475.24,6.238,72.827,0.0,0.009,21.735,28.542,22.549,27.173,4.57,28.7,1.7775892995324123,0.19520849728333858,22193.233041904383
SVK,Slovakia,2009,37.681,112760232233.0,5385074.0,192.318,6.997,0.334,35713.121,0.12,3512.921,7.41,73.216,0.0,0.008,23.35,26.979,22.888,26.784,4.92,25.93,1.7055481014140454,0.19593069811458105,20939.402547300186
SVK,Slovakia,2010,38.464,118344324253.0,5391857.0,205.5,7.134,0.325,38113.008,0.115,3551.385,8.314,73.053,0.022,0.008,21.988,28.585,22.48,26.947,5.95,27.46,1.7364584342944578,0.18717274939172748,21948.71344937375
SVK,Slovakia,2011,38.045,120554965758.0,5398105.0,197.691,7.048,0.316,36622.363,0.11,3589.43,7.51,72.127,0.525,0.007,21.655,27.506,22.965,27.873,5.0,28.28,1.6398412023677362,0.19244679828621433,22332.83082822583
SVK,Slovakia,2012,35.961,122144694992.0,5404877.0,189.893,6.654,0.294,35133.703,0.103,3625.391,8.349,70.437,0.58,0.008,21.27,26.969,22.198,29.563,5.47,28.3,1.5546561396910217,0.18937506911787164,22598.97773658864
SVK,Slovakia,2013,35.622,122917618179.0,5410422.0,194.587,6.584,0.29,35965.223,0.101,3661.013,9.315,69.822,0.78,0.008,20.654,27.508,21.659,30.178,6.36,28.5,1.583068423247762,0.18306464460626867,22718.67484255387
SVK,Slovakia,2014,33.708,126232947119.0,5415238.0,181.12,6.225,0.267,33446.344,0.095,3694.721,10.176,67.839,0.847,0.009,21.792,24.458,21.589,32.161,6.24,27.13,1.4348076641929137,0.18610865724381626,23310.692368276334
SVK,Slovakia,2015,34.528,132755573802.0,5420278.0,182.99,6.37,0.26,33760.246,0.098,3729.249,9.931,68.929,0.706,0.008,20.776,24.875,23.277,31.071,6.05,26.62,1.3783978688000158,0.18868790644297503,24492.392051108818
SVK,Slovakia,2016,34.978,135336424966.0,5427262.0,184.744,6.445,0.258,34039.949,0.099,3764.227,10.577,69.137,0.732,0.008,20.325,24.757,24.055,30.863,6.63,26.8,1.3650722637783026,0.18933226518858529,24936.40899702281
SVK,Slovakia,2017,36.184,139312659832.0,5435702.0,194.595,6.657,0.26,35799.367,0.101,3800.411,9.896,70.558,0.656,0.008,20.149,24.941,25.467,29.442,6.54,27.42,1.3968220851907223,0.18594516816978854,25629.19376963638
SVK,Slovakia,2018,36.184,144927513498.0,5443229.0,191.296,6.648,0.25,35143.781,0.099,3836.595,9.047,71.496,0.767,0.008,20.328,24.987,26.181,28.504,5.81,26.66,1.319942607051213,0.18915189026430243,26625.283172543357
SVK,Slovakia,2019,33.853,148579167627.0,5450627.0,184.849,6.211,0.228,33913.332,0.091,3870.448,10.549,68.793,0.796,0.008,17.163,25.953,25.677,31.207,6.65,28.21,1.2441111560407543,0.18313866994141165,27259.096545590077
SVK,Slovakia,2020,31.176,143565091421.0,5455028.0,181.125,5.715,0.217,33203.387,0.089,3901.624,11.039,67.706,0.912,0.006,15.016,26.502,26.188,32.294,6.85,28.51,1.2616228513995562,0.17212422360248447,26317.938500224012
SVK,Slovakia,2021,35.251,147892579134.0,5442766.0,195.223,6.477,0.238,35868.371,0.096,3936.875,10.213,69.773,0.854,0.006,16.894,27.341,25.538,30.227,6.77,29.7,1.3200324258536031,0.18056786341773254,27172.31994430773
SVK,Slovakia,2022,31.589,150360426456.0,5473195.0,179.893,5.772,0.21,32867.98,0.084,3968.465,9.672,68.405,0.895,0.006,15.653,24.715,28.038,31.595,5.82,26.54,1.196411876715727,0.17559882819231432,27472.1486181289
SVN,Slovenia,1990,15.097,36026961823.0,1998010.0,69.149,7.556,0.419,34608.984,0.066,396.292,12.088,69.125,0.0,0.0,26.779,13.055,29.291,30.875,2.95,12.44,1.919368064943365,0.21832564462248188,18031.422176565684
SVN,Slovenia,1991,13.977,32795388629.0,1999191.0,69.272,6.991,0.426,34650.098,0.06,410.268,14.667,65.201,0.0,0.0,24.453,12.413,28.335,34.799,3.61,12.74,2.1122481817076197,0.20176983485390923,16404.32986593077
SVN,Slovenia,1992,13.886,30913203776.0,1995862.0,64.745,6.957,0.449,32439.707,0.062,424.154,14.881,67.855,0.0,0.0,27.241,11.209,29.405,32.145,3.42,12.34,2.0944124869472738,0.21447216001235614,15488.647900506146
SVN,Slovenia,1993,14.254,31743130038.0,1990815.0,66.603,7.16,0.449,33455.078,0.063,438.409,12.808,70.497,0.0,0.0,25.204,10.807,34.486,29.503,3.04,11.95,2.098186282205596,0.21401438373646836,15944.791473843627
SVN,Slovenia,1994,14.639,33346742100.0,1988262.0,70.871,7.363,0.439,35644.629,0.064,453.048,13.491,68.216,0.0,0.0,22.08,11.068,35.069,31.784,3.4,12.89,2.125275080470305,0.20655839483004332,16771.80477220809
SVN,Slovenia,1995,15.357,35684022325.0,1988098.0,74.35,7.724,0.43,37397.617,0.065,468.405,12.293,69.641,0.0,0.0,21.814,11.699,36.127,30.359,3.25,12.9,2.0835655611590305,0.20655010087424344,17948.824617800532
SVN,Slovenia,1996,16.003,36825997171.0,1986792.0,78.02,8.054,0.435,39269.395,0.066,484.407,13.217,70.345,0.0,0.0,19.19,11.33,39.825,29.655,3.67,13.05,2.118612013076451,0.20511407331453474,18535.406409427862
SVN,Slovenia,1997,16.513,38526556210.0,1984404.0,79.771,8.321,0.429,40198.957,0.068,500.92,10.88,71.454,0.0,0.0,20.784,11.765,38.905,28.546,3.09,13.18,2.0705458220865984,0.20700505196123908,19414.67373075241
SVN,Slovenia,1998,16.045,39631442356.0,1980071.0,79.983,8.103,0.405,40394.176,0.066,516.964,12.121,70.246,0.0,0.0,21.008,12.03,37.208,29.754,3.45,13.72,2.0181703022951165,0.20060512858982535,20015.16226236332
SVN,Slovenia,1999,15.419,41542298475.0,1981198.0,79.097,7.782,0.371,39923.93,0.062,532.383,13.415,69.892,0.0,0.0,19.444,12.706,37.742,30.108,3.77,13.26,1.9040111622037543,0.19493786110724806,20968.2719622168
SVN,Slovenia,2000,15.06,43078787444.0,1986817.0,78.465,7.58,0.35,39492.625,0.059,547.443,14.026,68.907,0.0,0.0,20.374,12.386,36.146,31.093,3.9,13.61,1.8214300971678947,0.1919327088510801,21682.312686070232
SVN,Slovenia,2001,16.309,44148368411.0,1989684.0,82.23,8.197,0.369,41328.18,0.063,563.752,13.181,68.948,0.0,0.0,20.598,12.161,36.189,31.052,3.87,14.48,1.8625829891260848,0.19833394138392316,22188.63317541881
SVN,Slovenia,2002,16.571,45659924240.0,1991571.0,81.8,8.321,0.363,41073.066,0.063,580.323,11.619,69.651,0.0,0.0,22.549,11.788,35.314,30.349,3.41,14.6,1.7915053816129591,0.2025794621026895,22926.586217614135
SVN,Slovenia,2003,16.278,46758348275.0,1992499.0,80.237,8.17,0.348,40269.707,0.059,596.601,10.627,71.506,0.0,0.0,21.788,13.279,36.439,28.494,3.08,13.83,1.7159930356842785,0.20287398581701707,23467.18782543931
SVN,Slovenia,2004,16.711,48578174459.0,1993548.0,85.143,8.382,0.344,42709.363,0.058,613.312,13.64,68.775,0.0,0.0,20.908,12.421,35.446,31.225,4.21,15.27,1.7527006921979074,0.19626980491643467,24367.697421381377
SVN,Slovenia,2005,16.942,50309132737.0,1996915.0,85.309,8.484,0.337,42720.215,0.057,630.254,11.438,69.809,0.0,0.0,20.927,12.786,36.095,30.191,3.57,15.11,1.6956960964914278,0.19859569330316848,25193.42723000228
SVN,Slovenia,2006,17.184,52944721543.0,2003116.0,85.831,8.579,0.325,42848.508,0.056,647.438,11.735,70.791,0.0,0.0,21.201,12.319,37.271,29.209,3.7,15.11,1.6211436664236836,0.20020738427840756,26431.18099151522
SVN,Slovenia,2007,17.349,56590130937.0,2014159.0,85.379,8.614,0.307,42389.488,0.055,664.787,10.853,71.226,0.0,0.0,21.647,12.583,36.995,28.774,3.38,15.04,1.508725966636298,0.2031998500802305,28096.15871289208
SVN,Slovenia,2008,18.285,57981920900.0,2025090.0,93.656,9.029,0.315,46247.805,0.057,683.072,12.746,69.377,0.003,0.0,19.039,11.032,39.306,30.623,4.31,16.41,1.6152621118145811,0.19523575638506876,28631.774834698706
SVN,Slovenia,2009,16.209,53266134006.0,2035610.0,86.411,7.963,0.304,42449.91,0.051,699.281,15.641,66.698,0.012,0.0,19.189,11.332,36.176,33.302,4.9,16.39,1.6222502648731087,0.1875802849174295,26167.160706618655
SVN,Slovenia,2010,16.466,53649775101.0,2044611.0,86.567,8.053,0.307,42338.941,0.049,715.747,15.228,67.53,0.04,0.0,19.543,11.737,36.251,32.47,4.75,16.26,1.613557556150621,0.19021105040026803,26239.600149368267
SVN,Slovenia,2011,16.364,53761447942.0,2048805.0,84.039,7.987,0.304,41018.535,0.047,732.111,12.763,67.852,0.206,0.0,20.379,10.33,37.143,32.148,3.88,15.92,1.5631833445160301,0.19471911850450385,26240.39278603869
SVN,Slovenia,2012,15.765,52342432631.0,2053322.0,81.659,7.678,0.301,39769.223,0.045,747.876,14.747,67.592,0.521,0.0,19.922,10.23,37.44,32.408,4.33,15.55,1.5600918011524967,0.19305894022704173,25491.58516345707
SVN,Slovenia,2013,15.137,51803647300.0,2056452.0,80.779,7.361,0.292,39280.562,0.043,763.013,17.451,65.529,0.69,0.013,19.493,10.179,35.856,34.471,5.11,15.8,1.559330360123118,0.18738781118855147,25190.78845506727
SVN,Slovenia,2014,13.568,53237651266.0,2058395.0,82.861,6.592,0.255,40255.164,0.038,776.581,21.441,58.658,0.803,0.012,15.044,8.939,34.675,41.342,6.6,17.15,1.5564360566169233,0.16374410156768565,25863.67109616959
SVN,Slovenia,2015,13.659,54414237086.0,2059946.0,74.716,6.631,0.251,36270.613,0.039,790.24,15.619,64.99,0.941,0.021,16.792,10.475,37.723,35.01,4.35,14.8,1.3730965276957516,0.182812249049735,26415.37063884199
SVN,Slovenia,2016,14.468,56151179265.0,2061379.0,79.858,7.019,0.258,38740.152,0.041,804.708,16.631,65.131,0.852,0.019,16.811,10.403,37.917,34.869,5.06,16.23,1.4221963108400266,0.18117157955370783,27239.619334920942
SVN,Slovenia,2017,14.637,58855036945.0,2062410.0,80.721,7.097,0.249,39139.125,0.041,819.345,14.55,65.733,0.891,0.018,16.557,10.819,38.357,34.267,4.44,16.05,1.3715223741246434,0.1813282788865351,28537.02074029897
SVN,Slovenia,2018,14.563,61476689663.0,2069484.0,82.391,7.037,0.237,39812.316,0.04,833.908,17.278,65.046,0.78,0.018,15.868,10.494,38.685,34.954,5.22,16.12,1.3401990323754756,0.17675474262965615,29706.288941108025
SVN,Slovenia,2019,14.053,63598215879.0,2083438.0,80.002,6.745,0.221,38399.168,0.038,847.961,17.43,64.307,0.951,0.019,15.456,10.858,37.993,35.693,5.04,15.89,1.2579283694405725,0.1756581085472863,30525.610015272832
SVN,Slovenia,2020,12.873,60849951865.0,2102421.0,77.295,6.123,0.212,36764.934,0.037,860.834,19.778,59.614,1.194,0.02,15.428,11.235,32.952,40.386,5.58,16.89,1.2702557295605512,0.16654376091597128,28942.800640309433
SVN,Slovenia,2021,13.076,65846342756.0,2113495.0,76.582,6.187,0.199,36234.727,0.035,873.91,19.61,61.774,1.478,0.018,14.289,11.931,35.554,38.226,5.44,15.59,1.1630410558074884,0.1707450837011308,31155.192113537058
SVN,Slovenia,2022,12.728,69385349463.0,2115231.0,70.602,6.017,0.183,33377.797,0.034,886.638,15.912,64.346,2.274,0.02,12.494,11.389,40.463,35.654,4.07,13.36,1.0175346891875032,0.1802781790884111,32802.729093418166
ZAF,South Africa,1990,312.934,235128506976.0,40746274.0,1029.669,7.68,1.331,25270.26,1.377,8620.525,0.273,97.447,0.0,0.0,76.085,1.915,19.447,2.553,1.01,167.226,4.3791755123299465,0.30391708403380113,5770.552344884344
ZAF,South Africa,1991,326.03,237880804016.0,41687903.0,1022.248,7.821,1.371,24521.457,1.405,8946.556,0.539,96.975,0.0,0.0,75.269,1.952,19.754,3.025,1.98,168.316,4.297311858468593,0.3189343486120785,5706.230990222752
ZAF,South Africa,1992,301.329,238567245851.0,42443510.0,1027.038,7.1,1.263,24197.768,1.338,9247.884,0.204,97.283,0.0,0.0,75.187,1.794,20.301,2.717,0.752,168.09,4.305025177854669,0.29339615476739905,5620.818020257985
ZAF,South Africa,1993,320.353,247203444018.0,43297155.0,1025.258,7.399,1.296,23679.57,1.408,9568.237,0.04,97.994,0.0,0.0,75.598,1.243,21.153,2.006,0.146,174.706,4.147426036367626,0.3124608635094776,5709.461603608828
ZAF,South Africa,1994,338.701,261851802567.0,44004140.0,1069.309,7.697,1.293,24300.189,1.474,9906.938,0.279,97.2,0.0,0.0,74.834,1.194,21.172,2.8,1.074,181.69,4.083641928439259,0.31674754444225195,5950.617432064347
ZAF,South Africa,1995,361.712,277583803133.0,44541557.0,1117.516,8.121,1.303,25089.297,1.538,10268.65,0.132,97.057,0.0,0.0,74.297,1.156,21.604,2.943,0.529,186.655,4.025868899362833,0.3236750077851234,6232.01840773101
ZAF,South Africa,1996,363.732,296908021392.0,45123023.0,1139.763,8.061,1.225,25259.006,1.501,10632.383,0.338,96.79,0.0,0.0,73.981,0.987,21.821,3.21,1.379,200.092,3.8387746974851864,0.3191295032388312,6579.9674235478415
ZAF,South Africa,1997,385.215,311987478453.0,45666835.0,1165.543,8.435,1.235,25522.74,1.58,11017.598,0.538,96.445,0.0,0.0,73.951,0.8,21.694,3.555,2.238,210.362,3.735864675657442,0.3305026069394265,6831.817410884726
ZAF,South Africa,1998,377.273,320149741740.0,46223888.0,1145.026,8.162,1.178,24771.293,1.553,11394.871,0.45,96.247,0.0,0.0,73.015,0.813,22.419,3.753,1.826,205.374,3.5765326368118657,0.32948858803206216,6926.066923232421
ZAF,South Africa,1999,374.869,334638442219.0,46730331.0,1183.745,8.022,1.12,25331.398,1.509,11769.74,0.223,96.763,0.0,0.0,73.78,1.003,21.979,3.237,0.923,203.012,3.5373849822827967,0.3166805350814576,7161.054395677189
ZAF,South Africa,2000,378.333,356072104365.0,47159715.0,1185.383,8.022,1.063,25135.504,1.483,12148.073,0.386,96.562,0.002,0.0,73.285,0.962,22.315,3.438,1.58,210.66,3.3290532604736023,0.31916519808365734,7550.344703419009
ZAF,South Africa,2001,371.602,374889022813.0,47566805.0,1191.536,7.812,0.991,25049.746,1.446,12519.675,0.513,97.0,0.003,0.0,73.162,1.162,22.676,3.0,2.14,210.09,3.1783699374797516,0.31186804259376133,7881.316031484562
ZAF,South Africa,2002,356.501,396137571619.0,48019414.0,1161.125,7.424,0.9,24180.324,1.357,12876.177,0.661,96.506,0.003,0.0,71.432,1.2,23.875,3.494,2.56,220.58,2.931115559815556,0.3070306814511788,8249.52948444977
ZAF,South Africa,2003,404.406,413710071358.0,48500351.0,1257.958,8.338,0.978,25937.09,1.462,13280.583,0.328,96.927,0.003,0.001,73.264,0.837,22.825,3.073,1.27,234.24,3.040675311265116,0.3214781415595751,8530.04283119518
ZAF,South Africa,2004,449.322,439265862379.0,48991420.0,1372.773,9.171,1.023,28020.674,1.571,13729.903,0.327,97.033,0.003,0.002,73.559,1.774,21.7,2.967,1.36,244.61,3.1251529371421243,0.32730975915173155,8966.1794326231
ZAF,South Africa,2005,416.205,470188845104.0,49490041.0,1299.322,8.41,0.885,26254.201,1.406,14146.108,0.384,97.278,0.004,0.002,71.648,2.661,22.968,2.722,1.79,244.93,2.7634045629317425,0.32032475398707944,9500.676006794984
ZAF,South Africa,2006,446.744,505574497707.0,49998271.0,1326.061,8.935,0.884,26522.131,1.46,14592.853,0.692,97.285,0.004,0.002,71.514,2.826,22.945,2.715,3.34,253.81,2.6228795281689696,0.3368955123482253,10111.839621554112
ZAF,South Africa,2007,465.034,542976204451.0,50528575.0,1362.193,9.203,0.856,26958.873,1.476,15057.887,0.723,97.066,0.004,0.002,71.486,2.785,22.794,2.934,3.33,263.49,2.5087526650957113,0.341386279330462,10745.923558125278
ZAF,South Africa,2008,494.673,571660802378.0,51114595.0,1459.697,9.678,0.865,28557.336,1.543,15552.559,0.373,97.275,0.004,0.004,74.416,2.689,20.17,2.725,1.76,258.29,2.5534320245990956,0.3388874540401193,11183.90554357322
ZAF,South Africa,2009,474.512,574768021657.0,51728518.0,1453.214,9.173,0.826,28093.094,1.506,16027.071,0.39,97.296,0.004,0.005,75.138,2.289,19.869,2.704,1.95,249.56,2.528348734173704,0.3265258936398906,11111.240837346239
ZAF,South Africa,2010,467.353,607601612432.0,52344047.0,1463.989,8.928,0.769,27968.58,1.403,16494.424,0.31,97.282,0.005,0.006,73.792,2.818,20.673,2.718,1.59,259.59,2.4094554228389953,0.31923258986235553,11607.845538423882
ZAF,South Africa,2011,474.273,645388107070.0,52995212.0,1446.214,8.949,0.735,27289.521,1.376,16968.697,0.692,96.995,0.014,0.007,72.852,2.963,21.18,3.005,3.53,262.48,2.240843895568006,0.3279410930885747,12178.234272749018
ZAF,South Africa,2012,461.438,660853021773.0,53782570.0,1424.104,8.58,0.698,26478.908,1.32,17430.135,0.358,97.294,0.016,0.007,72.189,3.062,22.044,2.706,1.51,257.87,2.154948155006202,0.32401987495295287,12287.494289934453
ZAF,South Africa,2013,456.188,677278303675.0,54678789.0,1430.569,8.343,0.674,26163.137,1.293,17886.322,0.397,97.079,0.043,0.007,71.887,2.836,22.356,2.921,1.67,255.95,2.1122321388970335,0.3188857021227218,12386.490558066309
ZAF,South Africa,2014,481.638,686853872664.0,55594840.0,1448.045,8.663,0.701,26046.393,1.358,18367.961,0.81,96.764,0.189,0.188,71.942,2.971,21.85,3.236,4.31,254.77,2.108228631489954,0.33261259145951955,12354.633499511825
ZAF,South Africa,2015,457.473,695933197143.0,56723536.0,1415.416,8.065,0.657,24952.885,1.292,18825.436,1.29,96.518,0.492,0.55,69.073,3.055,24.39,3.482,6.52,250.05,2.0338388882879532,0.32320745279126417,12268.861326681044
ZAF,South Africa,2016,457.05,700558003750.0,57259550.0,1480.061,7.982,0.652,25848.275,1.291,19282.482,1.482,95.963,0.557,0.716,71.052,2.473,22.438,4.037,8.17,252.81,2.1126887310935243,0.30880483980052176,12234.78011528208
ZAF,South Africa,2017,440.01,708670169977.0,57635158.0,1475.142,7.634,0.621,25594.477,1.223,19722.494,2.16,95.43,0.72,1.192,70.153,2.724,22.553,4.57,12.13,255.14,2.081563557342728,0.2982831483341943,12295.796429967279
ZAF,South Africa,2018,453.766,719458334697.0,58613001.0,1409.859,7.742,0.631,24053.697,1.235,20176.262,2.29,95.663,0.808,1.133,69.654,3.134,22.875,4.337,12.48,256.3,1.959611741232746,0.3218520433603644,12274.722713771302
ZAF,South Africa,2019,470.727,721641639539.0,59587880.0,1471.708,7.9,0.652,24698.113,1.269,20646.988,2.24,95.527,0.826,1.117,71.12,2.901,21.506,4.473,13.2,253.07,2.0393889700435777,0.31985081279710376,12110.54394851772
ZAF,South Africa,2020,435.298,675871755463.0,60562374.0,1399.597,7.188,0.644,23110.006,1.238,21082.285,2.582,95.667,1.008,1.133,73.21,2.842,19.615,4.333,15.27,240.74,2.0708026170456235,0.31101667122750337,11159.928365143018
ZAF,South Africa,2021,439.464,709077881289.0,61502602.0,1405.65,7.145,0.62,22855.135,1.192,21521.75,3.247,94.583,1.192,1.52,71.035,2.994,20.554,5.417,18.92,245.46,1.982363344129045,0.3126411268808025,11529.233857276478
ZAF,South Africa,2022,428.782,723559323969.0,62378417.0,1346.169,6.874,0.593,21580.689,1.143,21950.531,3.648,94.504,1.134,1.775,69.892,3.179,21.432,5.496,23.62,239.17,1.8604818643145216,0.31852018580133695,11599.514042958159
KOR,South Korea,1990,250.511,594764506000.0,44081425.0,1078.742,5.683,0.421,24471.578,1.102,3119.261,1.211,85.12,0.0,0.0,27.287,2.944,54.889,14.88,4.685,118.461,1.8137296175505133,0.2322251289001448,13492.406518164964
KOR,South Korea,1991,275.688,651871510125.0,44439146.0,1224.935,6.204,0.423,27564.314,1.188,3394.95,0.793,86.395,0.0,0.0,24.64,3.002,58.753,13.605,3.487,131.616,1.8791049784720795,0.22506337070946622,14668.857725686268
KOR,South Korea,1992,299.905,687368661445.0,44653699.0,1376.736,6.716,0.436,30831.4,1.332,3694.855,0.627,87.934,0.0,0.0,21.208,3.493,63.234,12.066,3.099,146.439,2.0029077221905904,0.21783769727820004,15393.31963170621
KOR,South Korea,1993,330.174,729369247675.0,44887721.0,1509.969,7.356,0.453,33638.797,1.451,4025.029,0.78,88.494,0.0,0.0,21.213,3.978,63.303,11.506,4.231,161.901,2.0702394634998758,0.21866276724886405,16248.747573417684
KOR,South Korea,1994,355.695,791073852664.0,45130842.0,1631.894,7.881,0.45,36159.184,1.548,4380.724,0.401,89.592,0.0,0.0,20.424,4.898,64.27,10.408,2.349,183.366,2.062884513885114,0.21796452465662597,17528.453217513645
KOR,South Korea,1995,383.665,860793752056.0,45368425.0,1780.408,8.457,0.446,39243.332,1.631,4764.389,0.476,89.04,0.0,0.0,19.328,5.43,64.282,10.96,3.012,203.546,2.068332856445005,0.21549274098970572,18973.41051746892
KOR,South Korea,1996,420.996,919812618896.0,45638701.0,1965.516,9.225,0.458,43066.879,1.737,5185.385,0.408,89.118,0.0,0.0,20.32,6.498,62.3,10.882,2.83,225.846,2.1368656611376995,0.21419108264699957,20154.2243477964
KOR,South Korea,1997,444.968,967604910890.0,45941541.0,2147.098,9.686,0.46,46735.441,1.825,5630.353,0.377,89.627,0.0,0.0,19.71,7.228,62.688,10.373,2.896,246.587,2.2189821236284404,0.20724158841375662,21061.65552631332
KOR,South Korea,1998,378.038,908368091121.0,46230885.0,1964.558,8.177,0.416,42494.496,1.556,6008.391,0.617,86.662,0.001,0.0,22.217,7.396,57.049,13.338,4.343,237.197,2.1627333888133125,0.19242903492795835,19648.511836210793
KOR,South Korea,1999,410.519,1004162502333.0,46500382.0,2139.913,8.828,0.409,46019.258,1.653,6418.91,0.556,86.022,0.001,0.001,21.571,8.268,56.183,13.978,4.257,262.152,2.1310425304950917,0.19183910747773392,21594.715121544592
KOR,South Korea,2000,439.981,1086261690312.0,46766660.0,2260.798,9.408,0.405,48342.094,1.725,6858.89,0.508,86.061,0.001,0.002,22.813,8.79,54.459,13.939,4.12,290.45,2.0812645978066717,0.19461314102365626,23227.266824528415
KOR,South Korea,2001,455.631,1127616204375.0,47043467.0,2315.477,9.685,0.404,49219.945,1.773,7314.521,0.293,86.29,0.001,0.002,23.699,9.424,53.167,13.71,2.44,309.88,2.0534265036421604,0.19677630138412086,23969.666274277788
KOR,South Korea,2002,476.065,1203066586464.0,47299118.0,2420.716,10.065,0.396,51178.883,1.813,7790.586,0.393,86.083,0.001,0.002,24.287,10.02,51.775,13.917,3.43,332.01,2.0121213798438715,0.19666288817027688,25435.285843258218
KOR,South Korea,2003,485.213,1229830453921.0,47514158.0,2497.259,10.212,0.395,52558.207,1.755,8275.799,0.562,85.241,0.001,0.003,24.451,10.175,50.616,14.759,5.11,347.77,2.0305717686841533,0.1942982285778127,25883.452547364934
KOR,South Korea,2004,491.389,1281243847324.0,47697076.0,2564.583,10.302,0.384,53768.141,1.718,8767.188,0.499,85.645,0.001,0.005,25.111,11.607,48.927,14.355,4.66,368.02,2.001635368127914,0.19160580881960146,26862.104656562176
KOR,South Korea,2005,498.688,1322354601142.0,47851646.0,2642.637,10.422,0.377,55225.629,1.685,9265.876,0.421,84.595,0.001,0.013,24.783,12.066,47.746,15.405,4.07,389.47,1.9984329450797764,0.18870847566275656,27634.464259432163
KOR,South Korea,2006,503.478,1381281470156.0,48006518.0,2686.042,10.488,0.365,55951.609,1.646,9769.354,0.42,84.723,0.003,0.024,25.195,12.514,47.014,15.277,3.98,402.99,1.9446014863984544,0.18744234081224345,28772.790189782147
KOR,South Korea,2007,521.709,1446721509093.0,48178122.0,2765.685,10.829,0.361,57405.418,1.656,10291.063,0.477,85.736,0.007,0.036,25.711,13.159,46.866,14.264,4.46,425.41,1.9116913535998397,0.18863644992108644,30028.599061893696
KOR,South Korea,2008,532.651,1477425172333.0,48356485.0,2816.136,11.015,0.361,58236.988,1.662,10823.714,0.502,85.306,0.027,0.041,28.1,13.303,43.904,14.694,4.44,442.61,1.9061107477633155,0.18914249879977385,30552.782575760004
KOR,South Korea,2009,537.82,1477640571750.0,48546690.0,2832.924,11.078,0.364,58354.625,1.707,11361.534,0.545,85.721,0.053,0.064,29.001,12.568,44.152,14.279,4.61,452.45,1.9171942447715211,0.18984625072892883,30437.51431354022
KOR,South Korea,2010,594.339,1562822824921.0,48769329.0,3056.228,12.187,0.38,62667.0,1.784,11955.873,0.63,86.668,0.066,0.07,30.073,14.777,41.819,13.332,5.69,495.03,1.9555818812375554,0.19446814831877726,32045.1984262691
KOR,South Korea,2011,623.443,1609219825000.0,49127640.0,3208.351,12.69,0.387,65306.441,1.808,12579.315,0.743,86.725,0.075,0.07,31.343,15.146,40.235,13.275,7.4,518.16,1.993730719791499,0.19431882608854206,32755.89515392964
KOR,South Korea,2012,627.943,1647889319531.0,49599580.0,3242.844,12.66,0.381,65380.469,1.796,13207.259,0.816,87.203,0.09,0.073,29.735,16.245,41.223,12.797,8.17,531.21,1.9678773092133,0.19363959536752307,33223.85632158579
KOR,South Korea,2013,634.581,1700045113031.0,50071168.0,3242.374,12.674,0.373,64755.305,1.799,13841.84,0.999,88.022,0.132,0.091,29.724,17.005,41.294,11.978,10.23,537.16,1.9072282112674006,0.1957149298631188,33952.57552272398
KOR,South Korea,2014,629.366,1754480590300.0,50539055.0,3269.37,12.453,0.359,64689.973,1.775,14471.206,1.259,86.53,0.21,0.089,30.387,15.342,40.801,13.47,12.89,540.38,1.8634403926013043,0.19250375454598287,34715.342229885384
KOR,South Korea,2015,634.177,1803763858886.0,50983909.0,3320.509,12.439,0.352,65128.559,1.791,15105.384,1.451,85.947,0.324,0.103,30.05,13.791,42.107,14.053,15.2,547.8,1.8408778863385908,0.19098788770034955,35379.08124867397
KOR,South Korea,2016,637.914,1856920794289.0,51297836.0,3438.942,12.435,0.344,67038.734,1.802,15743.298,1.65,86.475,0.404,0.123,28.243,13.9,44.331,13.525,18.13,560.98,1.8519594430610828,0.18549716744277747,36198.813421466744
KOR,South Korea,2017,654.537,1915599559593.0,51486268.0,3479.517,12.713,0.342,67581.461,1.819,16397.834,1.971,87.331,0.558,0.156,29.614,14.344,43.374,12.669,22.33,576.41,1.8164114637504298,0.18811145339999777,37206.02859762529
KOR,South Korea,2018,670.169,1971285914824.0,51640894.0,3562.572,12.977,0.34,68987.422,1.824,17068.004,2.384,88.268,0.712,0.173,29.779,16.272,42.216,11.732,27.8,592.91,1.8072325141723913,0.18811381215593678,38172.96259092649
KOR,South Korea,2019,646.102,2015521635585.0,51767844.0,3515.935,12.481,0.321,67917.344,1.742,17714.105,2.807,86.886,1.003,0.189,28.457,15.992,42.437,13.114,33.01,586.8,1.7444293020350083,0.18376392055029458,38933.85313834975
KOR,South Korea,2020,597.634,2001231642062.0,51858481.0,3389.709,11.524,0.299,65364.605,1.7,18311.74,3.466,84.82,1.414,0.23,26.147,17.041,41.632,15.18,40.4,577.11,1.6938114153079056,0.1763083497727976,38590.24798782672
KOR,South Korea,2021,616.075,2084182684453.0,51848401.0,3573.318,11.882,0.296,68918.578,1.671,18927.814,3.877,85.19,1.71,0.22,25.538,17.531,42.121,14.81,48.1,607.76,1.714493660587065,0.17240978832558423,40197.62700980885
KOR,South Korea,2022,606.877,2137558645699.0,51782515.0,3619.57,11.72,0.284,69899.453,1.617,19534.691,4.333,83.668,2.094,0.23,24.24,17.304,42.124,16.332,55.49,622.59,1.6933196229647163,0.16766549617772278,41279.54475944245
ESP,Spain,1990,229.383,756125036542.0,39084975.0,1068.755,5.869,0.303,27344.383,1.009,6224.196,6.819,78.972,0.002,0.004,21.061,5.448,52.464,21.028,26.03,151.16,1.4134633140674144,0.21462636432110258,19345.670210662793
ESP,Spain,1991,239.291,786757895205.0,39201750.0,1106.519,6.104,0.304,28226.254,1.031,6463.486,7.06,78.883,0.002,0.004,21.178,5.928,51.777,21.117,27.81,154.71,1.4064288477355313,0.2162556630297356,20069.45851154604
ESP,Spain,1992,247.687,803260934603.0,39420344.0,1159.128,6.283,0.308,29404.311,1.1,6711.173,4.743,81.81,0.002,0.025,20.593,5.908,55.31,18.19,19.6,156.65,1.443027975178305,0.2136839072130084,20376.811896999174
ESP,Spain,1993,239.099,794221319057.0,39651627.0,1121.501,6.03,0.301,28283.867,1.051,6950.272,6.274,79.744,0.002,0.029,19.166,5.996,54.582,20.256,25.13,155.12,1.412076172082094,0.21319552991927782,20029.98058710176
ESP,Spain,1994,251.388,820138301435.0,39858721.0,1174.692,6.307,0.307,29471.383,1.094,7201.66,6.927,79.899,0.002,0.042,18.869,6.278,54.751,20.101,29.06,160.19,1.4323096457568627,0.21400333023464874,20576.131919411062
ESP,Spain,1995,265.069,855020227557.0,40052733.0,1219.41,6.618,0.31,30445.111,1.127,7466.729,5.624,81.665,0.003,0.062,18.203,7.41,56.052,18.335,24.38,165.07,1.4261767858804346,0.2173747960079055,21347.362926694666
ESP,Spain,1996,252.562,885027554238.0,40237375.0,1266.568,6.277,0.285,31477.406,1.042,7719.291,9.156,78.386,0.003,0.081,14.841,8.001,55.543,21.614,41.25,173.21,1.431105725392361,0.19940658535506978,21995.161320488725
ESP,Spain,1997,264.899,925901360531.0,40423823.0,1317.594,6.553,0.286,32594.49,1.087,7984.19,7.897,80.358,0.003,0.158,16.322,10.054,53.982,19.642,36.97,189.13,1.4230392741235052,0.20104751539548602,22904.84402059152
ESP,Spain,1998,273.65,976805803240.0,40617436.0,1377.544,6.737,0.28,33915.09,1.126,8257.84,7.534,80.483,0.003,0.275,14.874,9.871,55.738,19.517,36.89,193.39,1.4102537018420427,0.19865064201216076,24048.92822973858
ESP,Spain,1999,297.025,1031651264612.0,40812855.0,1441.673,7.278,0.288,35324.004,1.196,8554.865,5.341,83.254,0.003,0.532,15.904,10.78,56.57,16.746,27.21,205.63,1.397442187542132,0.20602799664001475,25277.60590657037
ESP,Spain,2000,309.26,1094998702299.0,41019772.0,1525.348,7.539,0.282,37185.68,1.212,8864.125,6.598,81.999,0.003,0.866,16.068,11.678,54.254,18.001,34.49,220.92,1.3930135230274354,0.20274717638204529,26694.412204412056
ESP,Spain,2001,311.031,1147959133197.0,41245602.0,1587.078,7.541,0.271,38478.723,1.211,9175.155,8.709,80.117,0.004,1.185,14.154,12.108,53.855,19.883,49.3,233.07,1.3825213407903112,0.1959771353392839,27832.279746989752
ESP,Spain,2002,331.028,1191323484900.0,41755703.0,1614.626,7.928,0.278,38668.391,1.26,9506.185,6.016,83.226,0.005,1.595,15.652,13.586,53.987,16.774,33.17,239.91,1.3553212208651557,0.2050183757724699,28530.79697640344
ESP,Spain,2003,335.539,1239651963472.0,42506540.0,1694.781,7.894,0.271,39871.066,1.213,9841.724,9.207,80.767,0.007,1.957,13.921,14.765,52.082,19.233,55.75,257.3,1.3671425931946906,0.19798369228826615,29163.793700263537
ESP,Spain,2004,352.139,1289831715789.0,43234562.0,1744.459,8.145,0.273,40348.723,1.231,10193.862,8.02,82.031,0.009,2.456,14.129,16.893,51.009,17.969,50.13,276.61,1.3524702320820985,0.2018614366975664,29833.34758402317
ESP,Spain,2005,367.447,1348839731490.0,43958883.0,1770.33,8.359,0.272,40272.402,1.241,10561.31,6.442,84.769,0.006,3.235,13.556,19.718,51.495,15.231,42.27,289.46,1.3124835802726535,0.2075584777979247,30684.12205765101
ESP,Spain,2006,358.869,1415738502534.0,44695446.0,1783.067,8.029,0.253,39893.699,1.173,10920.179,7.933,82.989,0.018,3.517,11.76,20.507,50.722,17.011,52.15,295.59,1.259460696172723,0.20126501135403213,31675.22934068048
ESP,Spain,2007,366.469,1481143208580.0,45516501.0,1828.408,8.051,0.247,40170.227,1.163,11286.647,8.869,83.061,0.074,4.037,12.832,20.351,49.877,16.939,58.3,301.86,1.234457268823404,0.20043064786415285,32540.79676686923
ESP,Spain,2008,335.284,1510615290401.0,46235055.0,1774.594,7.252,0.222,38382.004,1.046,11621.932,9.972,81.191,0.386,4.937,8.919,23.053,49.219,18.809,62.15,309.79,1.1747491312158806,0.1889356100606674,32672.509860775554
ESP,Spain,2009,296.159,1468765814163.0,46635182.0,1652.099,6.351,0.202,35426.023,0.94,11918.091,12.913,78.628,0.973,6.074,6.699,22.177,49.752,21.372,74.08,290.72,1.124821250650823,0.17926225970719672,31494.8018035611
ESP,Spain,2010,282.585,1480376411582.0,46840469.0,1692.348,6.033,0.191,36130.031,0.848,12200.677,16.49,73.916,1.1,6.801,4.796,21.642,47.479,26.084,97.77,297.8,1.1431876290108387,0.16697806834055406,31604.645367278452
ESP,Spain,2011,283.275,1477187548437.0,46998040.0,1661.356,6.027,0.192,35349.469,0.822,12483.951,15.329,75.574,1.368,6.686,9.048,20.465,46.061,24.426,87.53,291.54,1.1246750636084546,0.17050830767156466,31430.833039782083
ESP,Spain,2012,277.432,1433478645419.0,47018323.0,1647.511,5.901,0.194,35039.766,0.794,12761.383,15.917,74.366,1.892,7.821,11.051,20.379,42.935,25.634,86.97,293.95,1.1493097614428984,0.1683946268037057,30487.660000527878
ESP,Spain,2013,252.109,1413362053623.0,46860394.0,1578.531,5.38,0.178,33685.816,0.715,13013.493,19.29,71.392,2.153,9.159,8.512,19.477,43.403,28.608,111.41,281.46,1.1168624457927163,0.1597111491633677,30161.121855334804
ESP,Spain,2014,253.658,1433089409797.0,46720187.0,1554.219,5.429,0.177,33266.539,0.715,13267.15,19.445,71.046,2.269,8.631,8.827,17.949,44.269,28.954,110.26,274.44,1.084523400546347,0.16320608614358723,30673.880003883547
ESP,Spain,2015,270.248,1488098863146.0,46683683.0,1573.144,5.789,0.182,33697.949,0.763,13537.398,16.977,73.693,2.256,8.03,10.236,18.356,45.101,26.307,97.08,277.17,1.057150192746069,0.17178846945988416,31876.209577252077
ESP,Spain,2016,259.555,1533303930046.0,46732768.0,1582.913,5.554,0.169,33871.598,0.733,13796.953,18.117,72.459,2.193,7.863,7.81,18.632,46.017,27.541,104.63,270.7,1.0323543617034305,0.16397300420174704,32810.03877292267
ESP,Spain,2017,273.484,1578931492849.0,46868594.0,1602.043,5.835,0.173,34181.582,0.76,14070.437,15.319,75.517,2.258,7.747,9.866,20.004,45.647,24.483,87.93,272.38,1.0146374350348146,0.1707095252749146,33688.47575946059
ESP,Spain,2018,268.521,1615001473949.0,47092817.0,1628.672,5.702,0.166,34584.289,0.731,14338.957,17.923,73.46,1.969,7.864,8.325,19.565,45.571,26.54,103.87,271.4,1.0084647142875807,0.16487113427381328,34294.008658454215
ESP,Spain,2019,250.674,1647042667976.0,47435121.0,1583.871,5.285,0.152,33390.262,0.676,14589.632,17.063,73.724,2.388,8.393,3.767,22.976,46.981,26.276,100.99,270.52,0.9616453968046683,0.15826667702104527,34722.008361188746
ESP,Spain,2020,211.765,1460507935923.0,47679482.0,1422.96,4.441,0.145,29844.283,0.602,14801.396,21.929,67.808,3.638,9.936,2.451,23.163,42.193,32.192,113.79,259.47,0.9742911798015867,0.1488200652161691,30631.791174304286
ESP,Spain,2021,228.806,1541121952313.0,47735670.0,1531.899,4.793,0.148,32091.293,0.621,15030.201,22.272,68.505,4.419,10.12,2.473,22.724,43.307,31.495,125.75,270.75,0.9940154299280743,0.14936102184282385,32284.494012821022
ESP,Spain,2022,234.223,1625139888517.0,47828386.0,1592.166,4.897,0.144,33289.133,0.624,15264.425,20.877,69.964,5.585,9.815,2.766,20.98,46.217,30.036,122.91,287.15,0.9797101229561906,0.14710966067608527,33978.56428851686
LKA,Sri Lanka,1990,3.802,67098669421.0,16352460.0,29.887,0.233,0.057,1827.675,0.017,121.337,29.79,70.21,0.0,0.0,0.0,0.0,70.21,29.79,3.145,3.15,0.44541866862483875,0.12721250041824206,4103.276780435482
LKA,Sri Lanka,1991,4.107,73808548639.0,16475354.0,29.827,0.249,0.056,1810.375,0.018,125.443,29.579,70.421,0.0,0.0,0.023,0.0,70.398,29.579,3.117,3.377,0.40411308107255733,0.13769403560532403,4479.937040442348
LKA,Sri Lanka,1992,5.036,71237383826.0,16739297.0,31.998,0.301,0.071,1911.578,0.022,130.479,25.59,74.41,0.0,0.0,0.021,0.0,74.39,25.59,2.9,3.54,0.4491742717300838,0.15738483655228452,4255.697466028591
LKA,Sri Lanka,1993,4.912,76317434648.0,17025924.0,34.901,0.289,0.064,2049.865,0.022,135.391,30.813,69.187,0.0,0.0,0.013,0.0,69.174,30.813,3.796,3.979,0.45731358975802033,0.14074095298128994,4482.425426543664
LKA,Sri Lanka,1994,5.342,82083780545.0,17275777.0,37.809,0.309,0.065,2188.583,0.023,140.733,30.635,69.365,0.0,0.0,0.011,0.0,69.354,30.635,4.089,4.387,0.4606147493325108,0.14128911105821365,4751.379955008681
LKA,Sri Lanka,1995,5.717,86882842988.0,17564065.0,40.738,0.325,0.066,2319.408,0.024,146.45,31.403,68.597,0.0,0.0,0.029,0.0,68.567,31.403,4.514,4.8,0.4688842883010471,0.14033580440866023,4946.62499757317
LKA,Sri Lanka,1996,6.863,96972233018.0,17905020.0,42.855,0.383,0.071,2393.455,0.028,153.312,21.369,78.631,0.0,0.0,0.006,0.0,78.625,21.369,3.252,4.528,0.4419306296890704,0.1601446739003617,5415.92430603261
LKA,Sri Lanka,1997,7.401,106468157343.0,18248205.0,44.234,0.406,0.07,2424.001,0.03,160.713,21.955,78.045,0.0,0.0,0.0,0.0,78.045,21.955,3.447,5.144,0.41546694433242454,0.1673147352715106,5834.445488912471
LKA,Sri Lanka,1998,7.621,104039873858.0,18596006.0,47.156,0.41,0.073,2535.792,0.031,168.335,23.41,76.59,0.0,0.0,0.005,0.0,76.585,23.41,3.915,5.675,0.45324930001704344,0.16161252014589872,5594.742971044428
LKA,Sri Lanka,1999,8.381,106224336044.0,18944734.0,50.719,0.442,0.079,2677.223,0.034,176.716,23.242,76.758,0.0,0.019,0.0,0.0,76.758,23.242,4.181,6.281,0.47747062385959554,0.16524379423884542,5607.064002271027
LKA,Sri Lanka,2000,9.99,114541758869.0,19293056.0,53.547,0.518,0.087,2775.435,0.039,186.706,16.823,83.177,0.002,0.018,0.007,0.0,83.17,16.823,3.21,6.78,0.46748889251160397,0.18656507367359515,5936.942227763191
LKA,Sri Lanka,2001,10.158,111509565283.0,19600361.0,52.033,0.518,0.091,2654.694,0.04,196.864,16.752,83.248,0.005,0.019,0.002,0.0,83.246,16.752,3.12,6.67,0.4666236467512496,0.19522226279476487,5689.158749831189
LKA,Sri Lanka,2002,10.787,114770992462.0,19805750.0,53.509,0.545,0.094,2701.697,0.041,207.651,13.979,86.021,0.008,0.019,0.239,0.0,85.782,13.979,2.7,6.94,0.4662240767650111,0.20159225550841914,5794.831928202669
LKA,Sri Lanka,2003,10.761,121043287225.0,19951521.0,55.062,0.539,0.089,2759.773,0.039,218.412,16.628,83.372,0.012,0.017,1.276,0.0,82.097,16.628,3.32,7.63,0.4548951144861805,0.19543423776833388,6066.870151152887
LKA,Sri Lanka,2004,11.908,127113013921.0,20087608.0,53.507,0.593,0.094,2663.676,0.042,230.32,15.216,84.784,0.018,0.014,0.345,0.0,84.439,15.216,2.97,8.09,0.42094037698810516,0.22255032051881063,6327.931823490383
LKA,Sri Lanka,2005,11.67,134388316813.0,20216531.0,61.786,0.577,0.087,3056.231,0.039,241.99,15.244,84.756,0.02,0.011,1.111,0.0,83.646,15.244,3.47,8.82,0.4597572278993166,0.18887773929369112,6647.446924153308
LKA,Sri Lanka,2006,11.503,144414690368.0,20352416.0,66.334,0.565,0.08,3259.271,0.038,253.493,18.984,81.016,0.022,0.009,0.778,0.0,80.238,18.984,4.65,9.44,0.4593300018922352,0.1734103174842464,7095.7025626834675
LKA,Sri Lanka,2007,11.844,153829219297.0,20492546.0,67.44,0.578,0.077,3290.961,0.038,265.337,15.797,84.203,0.024,0.009,0.745,0.0,83.459,15.797,3.97,9.88,0.43840825760022056,0.17562277580071176,7506.59382670167
LKA,Sri Lanka,2008,11.648,162474916511.0,20629377.0,63.576,0.565,0.072,3081.809,0.036,276.985,17.442,82.558,0.027,0.014,1.066,0.0,81.492,17.442,4.16,9.92,0.3912973237053224,0.18321379136781174,7875.900300382314
LKA,Sri Lanka,2009,12.572,167647716585.0,20756438.0,64.46,0.606,0.075,3105.535,0.04,289.558,16.162,83.838,0.028,0.014,1.069,0.0,82.769,16.162,3.92,9.89,0.3844967370451346,0.19503568104250701,8076.902047692383
LKA,Sri Lanka,2010,12.697,180642805306.0,20879092.0,69.616,0.608,0.07,3334.24,0.038,302.254,21.793,78.206,0.027,0.202,1.016,0.0,77.191,21.793,5.73,10.72,0.38537931185287966,0.1823862330498736,8651.851589427357
LKA,Sri Lanka,2011,14.476,195461606183.0,21009054.0,75.579,0.689,0.074,3597.448,0.042,316.73,16.358,83.642,0.03,0.317,4.651,0.0,78.991,16.358,4.76,11.55,0.3866692875184885,0.1915346855608039,9303.684315486076
LKA,Sri Lanka,2012,15.389,212333854625.0,21169461.0,77.952,0.727,0.072,3682.307,0.044,332.12,11.61,88.39,0.033,0.489,6.853,0.0,81.536,11.61,3.47,11.8,0.36711997781828054,0.19741635878489328,10030.196547044821
LKA,Sri Lanka,2013,14.143,220937614421.0,21358829.0,79.214,0.662,0.064,3708.73,0.04,346.263,23.64,76.36,0.047,0.769,7.152,0.0,69.208,23.64,7.21,11.98,0.3585355993255929,0.17854167192667963,10344.088359010693
LKA,Sri Lanka,2014,17.076,235029015924.0,21547454.0,85.891,0.792,0.073,3986.135,0.048,363.339,14.695,85.305,0.084,0.815,12.584,0.0,72.721,14.695,4.9,12.45,0.36544849435856075,0.19881011980300614,10907.507491325889
LKA,Sri Lanka,2015,19.179,244914328998.0,21729975.0,91.3,0.883,0.078,4201.579,0.054,382.518,18.069,81.931,0.137,0.963,15.962,0.0,65.969,18.069,6.44,13.21,0.3727834152192278,0.210065717415115,11270.805833784898
LKA,Sri Lanka,2016,22.339,257292293131.0,21910763.0,100.872,1.02,0.087,4603.753,0.063,404.857,11.92,88.08,0.208,0.866,15.239,0.0,72.841,11.92,4.72,14.31,0.3920521628241743,0.22145887857879293,11742.735436963103
LKA,Sri Lanka,2017,22.168,273915973018.0,22087525.0,106.731,1.004,0.081,4832.206,0.062,427.025,11.102,88.898,0.53,0.865,14.91,0.0,73.988,11.102,4.62,14.89,0.3896486897935898,0.2076997310996805,12401.388250516977
LKA,Sri Lanka,2018,20.137,280243422762.0,22253116.0,112.369,0.905,0.072,5049.593,0.055,447.162,16.029,83.971,0.718,0.73,13.726,0.0,70.244,16.029,7.05,16.07,0.40096926769064867,0.17920422892434745,12593.446363286832
LKA,Sri Lanka,2019,21.106,279626891521.0,22410552.0,113.035,0.942,0.075,5043.847,0.057,468.267,12.824,87.176,1.105,0.769,14.536,0.0,72.64,12.824,5.63,16.67,0.40423508406204584,0.18672092714645905,12477.46559393093
LKA,Sri Lanka,2020,20.412,269918239631.0,22561808.0,104.981,0.905,0.076,4653.029,0.058,488.68,14.89,85.11,1.945,0.831,18.829,0.0,66.282,14.89,5.87,16.5,0.3889362947221258,0.19443518350939692,11963.502199424798
LKA,Sri Lanka,2021,20.823,278898406287.0,22700377.0,108.849,0.917,0.075,4795.043,0.056,509.503,21.005,78.995,2.47,1.498,18.208,0.0,60.787,21.005,8.65,17.51,0.39028190031315235,0.1913017115453518,12286.069358539728
LKA,Sri Lanka,2022,18.377,254748598293.0,22834965.0,97.407,0.805,0.072,4265.696,0.049,527.88,23.449,76.551,3.637,1.889,19.1,0.0,57.452,23.449,8.43,16.75,0.38236520496166576,0.1886620058106707,11156.07570640025
SWE,Sweden,1990,57.417,240234012000.0,8558571.0,644.207,6.709,0.239,75270.344,0.253,3431.607,33.094,36.698,0.0,0.003,5.495,0.959,30.244,63.302,74.45,145.98,2.6815811576255904,0.08912818395329451,28069.406913841107
SWE,Sweden,1991,57.664,237950140941.0,8616955.0,642.135,6.692,0.242,74519.977,0.248,3489.271,28.996,36.947,0.0,0.006,5.372,1.026,30.549,63.053,65.11,146.97,2.6986115555998684,0.08980043137346508,27614.179363940046
SWE,Sweden,1992,57.51,235756851945.0,8667576.0,652.992,6.635,0.244,75337.344,0.255,3546.781,33.494,38.74,0.0,0.014,4.927,1.14,32.674,61.26,76.37,145.93,2.769768914934177,0.08807152308144664,27199.859792980184
SWE,Sweden,1993,57.517,231558425903.0,8718038.0,647.156,6.597,0.248,74231.828,0.253,3604.298,34.016,38.912,0.0,0.023,5.062,1.256,32.594,61.088,76.87,145.26,2.794784933764812,0.08887656144731719,26560.841545196294
SWE,Sweden,1994,59.997,241524284977.0,8780190.0,649.779,6.833,0.248,74005.148,0.261,3664.296,26.997,40.984,0.0,0.033,5.1,1.237,34.648,59.016,61.4,142.7,2.6903257370656433,0.09233447064309558,27507.86543081642
SWE,Sweden,1995,59.487,251741126533.0,8826298.0,666.649,6.74,0.236,75529.906,0.253,3723.783,30.274,39.844,0.0,0.045,4.978,1.209,33.656,60.156,70.55,148.28,2.648152922731165,0.08923286467091378,28521.711654535116
SWE,Sweden,1996,63.349,256498914326.0,8840330.0,650.224,7.166,0.247,73551.977,0.261,3787.132,23.689,43.889,0.0,0.063,5.633,1.324,36.933,56.111,54.0,140.61,2.5349970845240732,0.0974264253549546,29014.631164899954
SWE,Sweden,1997,58.355,264171121939.0,8845525.0,673.384,6.597,0.221,76127.047,0.239,3845.487,30.62,39.797,0.0,0.086,4.664,1.267,33.865,60.203,72.03,149.21,2.5490447065424955,0.08665932068478016,29864.945488142308
SWE,Sweden,1998,58.767,276040695651.0,8850606.0,705.514,6.64,0.213,79713.688,0.242,3904.254,31.589,38.68,0.0,0.124,4.485,1.199,32.996,61.32,78.1,158.79,2.555833292392459,0.08329671700348966,31188.90340966483
SWE,Sweden,1999,55.937,289702793085.0,8857691.0,690.032,6.315,0.193,77901.969,0.225,3960.191,31.011,38.762,0.0,0.148,4.382,1.229,33.151,61.238,74.75,154.84,2.381861744072111,0.08106435643564357,32706.355763031246
SWE,Sweden,2000,54.892,303452362920.0,8872099.0,651.783,6.187,0.181,73464.344,0.215,4015.083,36.656,38.229,0.0,0.2,4.707,1.275,32.247,61.771,83.14,145.23,2.1478923206534115,0.08421821373064348,34202.995584246746
SWE,Sweden,2001,55.782,308398096624.0,8896018.0,695.756,6.27,0.181,78209.859,0.217,4070.866,34.203,36.394,0.001,0.197,4.773,1.346,30.276,63.606,83.32,161.6,2.256032081962776,0.08017465893215438,34666.98208389417
SWE,Sweden,2002,56.634,317463771012.0,8925045.0,649.472,6.345,0.178,72769.648,0.216,4127.5,31.103,39.418,0.001,0.263,5.485,1.466,32.468,60.582,71.15,146.7,2.0458145442222766,0.08720006405202996,35569.99107701978
SWE,Sweden,2003,57.221,326402407102.0,8958434.0,609.237,6.387,0.175,68007.117,0.207,4184.72,27.305,41.848,0.001,0.311,5.717,1.554,34.578,58.152,58.73,135.39,1.8665211614374364,0.09392239801587887,36435.20810690797
SWE,Sweden,2004,56.428,341901244849.0,8993805.0,664.597,6.274,0.165,73894.945,0.197,4241.148,29.336,38.245,0.001,0.355,5.394,1.419,31.432,61.755,68.18,151.56,1.943827377093985,0.08490558940229943,38015.19433087553
SWE,Sweden,2005,53.787,354496929423.0,9029771.0,673.01,5.957,0.152,74532.344,0.182,4294.936,33.911,36.271,0.001,0.385,4.885,1.339,30.046,63.729,81.22,158.36,1.8984931719872173,0.07992006062317053,39258.684347919785
SWE,Sweden,2006,53.651,372234670461.0,9080628.0,630.143,5.908,0.144,69394.227,0.175,4348.586,31.833,39.05,0.001,0.43,5.748,1.494,31.808,60.95,71.06,143.28,1.6928648780071702,0.08514099180662167,40992.17261856779
SWE,Sweden,2007,52.879,387881844813.0,9148280.0,641.107,5.78,0.136,70079.531,0.168,4401.465,34.16,37.365,0.001,0.609,5.266,1.516,30.583,62.635,77.43,148.82,1.6528409580734083,0.08248077154047609,42399.42861532441
SWE,Sweden,2008,50.765,388980516356.0,9219903.0,638.565,5.506,0.131,69259.43,0.158,4452.23,36.048,36.847,0.002,0.849,5.298,1.384,30.165,63.153,81.41,149.9,1.6416374937802207,0.07949856318464056,42189.22003365979
SWE,Sweden,2009,47.143,373026350439.0,9298738.0,579.813,5.07,0.126,62353.945,0.15,4499.374,38.656,37.095,0.003,1.157,4.113,2.035,30.947,62.905,79.81,136.6,1.5543486386890388,0.0813072490613353,40115.8039337166
SWE,Sweden,2010,53.029,399838964466.0,9378234.0,621.735,5.654,0.133,66295.578,0.159,4552.402,37.37,37.797,0.004,1.5,5.134,2.555,30.108,62.203,82.09,148.45,1.5549635109483402,0.08529196522634241,42634.78224855554
SWE,Sweden,2011,49.114,397617949429.0,9449263.0,612.016,5.198,0.124,64768.621,0.142,4601.516,38.676,35.016,0.006,2.658,4.652,2.051,28.313,64.984,84.09,150.28,1.5392061673244046,0.08024953595984419,42079.25522117439
SWE,Sweden,2012,46.607,395278763366.0,9519477.0,645.245,4.896,0.118,67781.508,0.133,4648.123,42.346,31.323,0.008,2.946,3.804,1.699,25.819,68.677,98.31,166.44,1.6323796262298793,0.07223147796573394,41523.15966160746
SWE,Sweden,2013,45.106,399973749048.0,9600620.0,603.543,4.698,0.113,62865.043,0.128,4693.229,38.22,32.824,0.015,4.288,4.159,1.744,26.921,67.176,82.69,153.03,1.5089565288635232,0.07473535439894093,41661.24157064856
SWE,Sweden,2014,43.385,410604225974.0,9696438.0,600.777,4.474,0.106,61958.484,0.122,4736.614,39.703,32.036,0.02,4.894,3.943,1.439,26.654,67.964,85.75,153.56,1.4631534747965356,0.07221481514771703,42345.88268124851
SWE,Sweden,2015,43.31,429037422635.0,9799483.0,622.062,4.42,0.101,63479.047,0.122,4779.924,45.535,30.83,0.041,6.846,3.827,1.547,25.456,69.17,102.5,162.0,1.4499014938592292,0.06962328513878038,43781.638545115085
SWE,Sweden,2016,43.308,437921057919.0,9923281.0,609.401,4.364,0.099,61411.199,0.122,4823.232,40.906,32.326,0.061,6.567,3.822,1.687,26.818,67.674,89.13,155.89,1.3915772922541618,0.07106650629060339,44130.67189360051
SWE,Sweden,2017,42.355,449166531542.0,10057864.0,631.343,4.211,0.094,62771.066,0.118,4865.588,41.625,31.609,0.094,7.174,3.683,1.567,26.359,68.391,95.06,164.23,1.405587806893322,0.06708714597294972,44658.24269864854
SWE,Sweden,2018,41.856,457925387676.0,10175400.0,609.195,4.113,0.091,59869.379,0.114,4907.444,41.607,29.607,0.164,6.978,3.8,1.717,24.09,70.393,91.15,163.36,1.3303368111816267,0.06870706424051412,45003.18293885253
SWE,Sweden,2019,40.772,467020665386.0,10279120.0,625.819,3.967,0.087,60882.551,0.11,4948.216,43.747,29.312,0.27,8.086,3.706,1.692,23.914,70.688,98.94,168.42,1.3400242138808798,0.0651498276658267,45433.91510031987
SWE,Sweden,2020,36.622,456885314424.0,10353682.0,600.279,3.537,0.08,57977.379,0.104,4984.838,51.056,28.042,0.44,11.695,3.203,1.705,23.134,71.958,112.14,163.78,1.3138505026294791,0.06100829780818586,44127.810224806984
SWE,Sweden,2021,38.568,481492421258.0,10416134.0,633.68,3.703,0.08,60836.348,0.105,5023.407,50.01,28.762,0.604,10.865,3.08,1.729,23.952,71.238,115.75,171.78,1.3160747127532724,0.060863527332407526,46225.63623490251
SWE,Sweden,2022,36.342,494214521158.0,10487335.0,621.681,3.465,0.074,59279.207,0.097,5059.749,52.434,26.392,0.8,13.477,3.06,1.327,22.005,73.608,118.23,173.05,1.2579173079401467,0.05845763341649495,47124.891229087276
CHE,Switzerland,1990,44.149,234154439697.0,6713168.0,331.625,6.576,0.189,49399.234,0.194,1747.314,25.902,54.028,0.001,0.0,1.273,5.257,47.498,45.972,30.237,56.015,1.4162661208949472,0.1331292875989446,34879.871872266565
CHE,Switzerland,1991,46.131,236201938759.0,6796942.0,340.572,6.787,0.195,50106.68,0.199,1793.445,27.136,53.875,0.002,0.0,1.054,5.749,47.072,46.125,32.518,58.062,1.4418679278813633,0.13545153447729114,34751.207051494624
CHE,Switzerland,1992,46.018,239958549277.0,6875049.0,346.055,6.693,0.192,50334.934,0.204,1839.463,27.266,53.642,0.002,0.0,0.718,5.948,46.975,46.358,33.192,59.518,1.4421449081213016,0.13297886174163068,34902.81295115133
CHE,Switzerland,1993,43.61,243429634467.0,6938106.0,345.474,6.286,0.179,49793.703,0.192,1883.073,29.895,51.028,0.003,0.0,0.604,6.261,44.163,48.972,36.276,61.556,1.4191945066853946,0.1262323648089292,35085.89151952997
CHE,Switzerland,1994,42.668,250752168329.0,6993594.0,362.976,6.101,0.17,51901.148,0.186,1925.741,31.106,49.936,0.004,0.0,0.582,5.882,43.471,50.064,39.628,66.134,1.4475487985561761,0.11755047165652825,35854.550368379976
CHE,Switzerland,1995,43.414,257142565611.0,7040481.0,343.995,6.166,0.169,48859.637,0.185,1969.155,29.6,49.972,0.005,0.0,0.659,6.836,42.478,50.028,35.752,62.863,1.3377598499984968,0.12620532275178417,36523.43719285657
CHE,Switzerland,1996,44.107,263448607219.0,7071885.0,332.291,6.237,0.167,46987.613,0.182,2013.261,25.121,53.579,0.006,0.001,0.508,7.64,45.431,46.421,29.37,57.328,1.2613124187966291,0.13273606567737314,37252.954087771504
CHE,Switzerland,1997,43.046,274617021730.0,7089161.0,355.316,6.072,0.157,50121.055,0.177,2056.308,27.801,52.038,0.006,0.002,0.367,6.908,44.764,47.962,34.713,62.902,1.2938600737915738,0.12114849880106722,38737.59133556143
CHE,Switzerland,1998,44.622,287985364256.0,7110294.0,357.326,6.276,0.155,50254.688,0.184,2100.93,27.211,52.416,0.006,0.002,0.303,7.068,45.046,47.584,34.175,63.288,1.240778332340392,0.12487756278580343,40502.59584990438
CHE,Switzerland,1999,44.447,298226666662.0,7144119.0,373.426,6.221,0.149,52270.391,0.179,2145.377,31.122,50.019,0.008,0.002,0.302,7.803,41.915,49.981,40.77,68.617,1.2521549604523743,0.11902492060006534,41744.35877425894
CHE,Switzerland,2000,43.621,315545366882.0,7184003.0,364.336,6.072,0.138,50714.938,0.171,2188.997,29.476,50.038,0.009,0.002,0.45,7.947,41.641,49.962,37.68,66.12,1.1546231960244422,0.11972739449299548,43923.33450890819
CHE,Switzerland,2001,45.085,325520166982.0,7226391.0,389.127,6.239,0.139,53847.977,0.175,2234.082,30.748,49.914,0.009,0.003,0.44,7.745,41.728,50.086,42.2,71.05,1.195400591022421,0.11586191654652594,45046.02186374914
CHE,Switzerland,2002,43.467,331802188855.0,7278744.0,362.244,5.972,0.131,49767.43,0.165,2277.549,28.021,51.062,0.012,0.004,0.436,8.162,42.464,48.938,36.1,65.41,1.0917468665594106,0.11999370589989068,45585.0884239094
CHE,Switzerland,2003,44.651,337991874208.0,7333451.0,358.359,6.089,0.132,48866.387,0.161,2322.2,27.866,50.92,0.014,0.004,0.452,8.716,41.752,49.08,35.72,65.34,1.060259217295461,0.12459851712947073,46089.06150842216
CHE,Switzerland,2004,45.231,353894703206.0,7384196.0,357.158,6.125,0.128,48367.953,0.158,2367.431,27.041,52.22,0.014,0.005,0.43,9.012,42.778,47.78,34.76,63.87,1.0092210953270484,0.1266414304033509,47925.96285445294
CHE,Switzerland,2005,45.776,371135459405.0,7431824.0,340.782,6.159,0.123,45854.402,0.155,2413.207,26.14,55.197,0.017,0.006,0.503,9.694,45.0,44.803,32.29,57.8,0.9182146069964258,0.13432634352753373,49938.67715449128
CHE,Switzerland,2006,45.365,393075108386.0,7478514.0,350.093,6.066,0.115,46813.234,0.148,2458.572,25.217,53.257,0.019,0.012,0.528,9.171,43.558,46.743,32.13,62.13,0.8906516656257166,0.1295798544958054,52560.59002978399
CHE,Switzerland,2007,43.359,416832821635.0,7545386.0,354.893,5.746,0.104,47034.438,0.138,2501.931,28.119,50.651,0.022,0.012,0.584,8.821,41.247,49.349,36.48,66.43,0.8514036841147848,0.12217485270208203,55243.405921844154
CHE,Switzerland,2008,44.701,433739216893.0,7641730.0,362.542,5.85,0.103,47442.336,0.139,2546.632,27.972,51.564,0.028,0.014,0.514,9.205,41.846,48.436,37.33,67.04,0.8358524797388478,0.12329881779214547,56759.29624482938
CHE,Switzerland,2009,43.526,431737407420.0,7737644.0,355.006,5.625,0.101,45880.383,0.138,2590.158,28.184,51.043,0.041,0.017,0.495,9.02,41.528,48.957,37.03,66.67,0.8222729693993028,0.12260637848374394,55797.011004900196
CHE,Switzerland,2010,45.034,451139715920.0,7825750.0,359.477,5.755,0.1,45935.188,0.135,2635.192,27.969,52.38,0.07,0.027,0.491,9.955,41.935,47.62,37.47,66.05,0.7968196709680634,0.12527644327731677,57648.11243906335
CHE,Switzerland,2011,40.973,467103594697.0,7914379.0,334.923,5.177,0.088,42318.344,0.119,2676.165,27.144,51.594,0.133,0.055,0.486,9.471,41.638,48.406,34.02,62.88,0.717020814659449,0.12233558161129574,59019.61413485505
CHE,Switzerland,2012,42.242,472611933649.0,7998927.0,354.065,5.281,0.089,44264.0,0.121,2718.407,30.448,50.472,0.223,0.066,0.415,9.832,40.225,49.528,40.53,68.13,0.7491664403526412,0.1193057771878045,59084.416403475116
CHE,Switzerland,2013,43.183,481081829913.0,8091199.0,359.146,5.337,0.09,44387.238,0.122,2761.59,29.926,50.996,0.364,0.066,0.441,10.212,40.343,49.004,40.67,68.69,0.7465382761700828,0.12023800905481337,59457.42156545649
CHE,Switzerland,2014,39.244,492386642888.0,8190238.0,344.44,4.792,0.08,42054.887,0.111,2800.834,31.115,47.888,0.637,0.076,0.471,9.23,38.187,52.112,40.67,70.08,0.6995315672654173,0.11393566368598304,60118.72217730425
CHE,Switzerland,2015,38.756,500484653705.0,8283940.0,336.322,4.678,0.077,40599.23,0.109,2839.59,32.122,49.96,0.862,0.085,0.44,10.094,39.426,50.04,41.12,66.07,0.6719926325617924,0.11523480474069493,60416.25768716336
CHE,Switzerland,2016,39.225,510838097521.0,8374903.0,316.245,4.684,0.077,37761.055,0.111,2878.815,31.376,51.305,1.084,0.089,0.431,11.278,39.596,48.695,37.81,61.1,0.6190708984601516,0.12403358155860171,60996.300198462
CHE,Switzerland,2017,38.234,517799793781.0,8453630.0,316.995,4.523,0.074,37498.082,0.106,2917.049,31.293,52.153,1.357,0.107,0.413,11.29,40.45,47.847,37.76,60.15,0.612196072318389,0.12061388980898752,61251.76921405361
CHE,Switzerland,2018,36.945,532611137213.0,8516341.0,321.458,4.338,0.069,37746.012,0.101,2953.994,31.434,49.242,1.539,0.097,0.379,10.563,38.3,50.758,38.88,66.29,0.603551029146887,0.11492947756783156,62539.902666297654
CHE,Switzerland,2019,36.822,538693495449.0,8577525.0,335.955,4.293,0.068,39166.934,0.099,2990.816,32.559,48.366,1.643,0.11,0.325,10.382,37.658,51.634,42.25,70.57,0.6236477752900694,0.10960396481671653,62802.90590222704
CHE,Switzerland,2020,34.343,525896489462.0,8640582.0,309.602,3.975,0.065,35831.172,0.098,3025.16,35.598,45.604,2.125,0.119,0.34,11.308,33.955,54.396,42.61,68.5,0.5887128098472905,0.11092628600590436,60863.549406972816
CHE,Switzerland,2021,35.902,548098275898.0,8707019.0,290.088,4.123,0.066,33316.562,0.097,3061.062,37.276,46.596,2.474,0.126,0.366,9.908,36.322,53.404,42.01,63.09,0.5292627485914311,0.12376244449960012,62949.015719157156
CHE,Switzerland,2022,32.951,559384947989.0,8792180.0,297.485,3.748,0.059,33835.207,0.088,3094.013,31.096,49.408,3.254,0.127,0.37,12.713,36.324,50.592,35.99,61.72,0.5318073020546307,0.11076524866800007,63623.00908182043
SYR,Syria,1990,37.265,113006349079.0,12579212.0,158.488,2.962,0.33,12599.213,0.164,513.109,,,,,,,,,,,1.4024698726370222,0.2351282115996164,8983.579343364274
SYR,Syria,1991,42.425,121259151277.0,12980824.0,146.641,3.268,0.35,11296.706,0.183,555.534,,,,,,,,,,,1.2093190365898128,0.2893119932351798,9341.406314190841
SYR,Syria,1992,42.803,132464551230.0,13385570.0,151.427,3.198,0.323,11312.738,0.19,598.337,,,,,,,,,,,1.1431511192535975,0.2826642540630139,9896.071010050375
SYR,Syria,1993,45.522,137136399700.0,13795687.0,168.707,3.3,0.332,12228.985,0.2,643.859,,,,,,,,,,,1.230213133559463,0.26982875636458475,9940.527042980897
SYR,Syria,1994,45.956,139462673349.0,14208585.0,179.731,3.234,0.33,12649.484,0.2,689.815,,,,,,,,,,,1.2887390990292438,0.25569323043882247,9815.380866497262
SYR,Syria,1995,46.392,141596267280.0,14616804.0,172.817,3.174,0.328,11823.148,0.197,736.207,,,,,,,,,,,1.2204912129375731,0.2684458126226008,9687.2248735086
SYR,Syria,1996,47.446,140380949913.0,15018110.0,186.637,3.159,0.338,12427.435,0.196,783.653,,,,,,,,,,,1.3295037547164827,0.25421540209068944,9347.444512858143
SYR,Syria,1997,49.605,133631083179.0,15417539.0,198.657,3.217,0.371,12885.153,0.203,833.258,,,,,,,,,,,1.4866077208541162,0.24970174723266736,8667.471713805946
SYR,Syria,1998,53.496,135803038435.0,15820409.0,214.05,3.381,0.394,13529.965,0.22,886.754,,,,,,,,,,,1.576179756113864,0.2499229152067274,8584.04093313896
SYR,Syria,1999,55.534,126804505194.0,16228064.0,220.428,3.422,0.438,13583.13,0.224,942.288,,,,,,,,,,,1.7383294044857798,0.2519371404721723,7813.902212488193
SYR,Syria,2000,54.527,125214242976.0,16637884.0,211.444,3.277,0.435,12708.573,0.214,996.815,,,,,,,,,3.26,25.25,1.6886577355303565,0.25787915476438206,7525.851422933349
SYR,Syria,2001,51.343,125631935247.0,17051337.0,208.393,3.011,0.409,12221.478,0.2,1048.158,,,,,,,,,3.44,26.74,1.6587581779289378,0.24637583796000825,7367.864188421119
SYR,Syria,2002,40.727,128996142855.0,17468335.0,228.145,2.331,0.316,13060.471,0.155,1088.885,,,,,,,,,2.48,28.07,1.7686187737911645,0.17851366455543624,7384.570015115923
SYR,Syria,2003,55.377,122501642286.0,17889297.0,220.854,3.096,0.452,12345.578,0.2,1144.262,,,,,,,,,2.79,30.4,1.802865625951205,0.250740308076829,6847.761669226018
SYR,Syria,2004,51.692,126515329154.0,18336879.0,243.686,2.819,0.409,13289.391,0.181,1195.953,,,,,,,,,4.21,32.17,1.9261381338491774,0.21212544011555853,6899.501772030017
SYR,Syria,2005,51.162,129657010670.0,18814092.0,276.08,2.719,0.395,14674.131,0.173,1247.115,,,,,,,,,4.35,36.08,2.1293102360864418,0.1853158504781223,6891.483823402161
SYR,Syria,2006,54.04,132870748696.0,19637016.0,288.878,2.752,0.407,14710.876,0.177,1301.155,,,,,,,,,3.97,37.48,2.1741278861981495,0.18706858950837377,6766.34111292673
SYR,Syria,2007,66.973,138933398255.0,20884136.0,299.184,3.207,0.482,14325.909,0.213,1368.128,,,,,,,,,3.51,38.67,2.1534346943049227,0.22385221134820044,6652.580612145027
SYR,Syria,2008,68.084,140064268758.0,21636566.0,304.94,3.147,0.486,14093.719,0.212,1436.212,,,,,,,,,2.9,41.06,2.1771434121208224,0.22327015150521415,6473.498093828753
SYR,Syria,2009,63.261,141886525419.0,21976971.0,286.934,2.879,0.446,13056.144,0.201,1499.473,,,,,,,,,1.9,43.34,2.0222780080960154,0.2204723037353538,6456.145636220751
SYR,Syria,2010,62.057,143781004115.0,22482417.0,295.738,2.76,0.432,13154.189,0.186,1561.53,,,,,,,,,2.62,46.44,2.0568641999708155,0.2098377618026767,6395.264535614654
SYR,Syria,2011,59.078,134274046453.0,22878104.0,265.749,2.582,0.44,11615.845,0.171,1620.609,,,,,,,,,3.03,41.84,1.979153879845427,0.22230751573853522,5869.10726749909
SYR,Syria,2012,46.339,98907693956.0,22759763.0,204.215,2.036,0.469,8972.617,0.133,1666.947,,,,,,,,,2.99,32.27,2.064702874286473,0.22691281247704626,4345.72600584637
SYR,Syria,2013,34.257,72894799336.0,21666921.0,148.978,1.581,0.47,6875.813,0.097,1701.204,,,,,,,,,3.03,25.17,2.0437397641127104,0.22994670354012,3364.335861842114
SYR,Syria,2014,34.869,65379097607.0,20273661.0,132.915,1.72,0.533,6556.045,0.098,1736.073,,,,,,,,,2.37,21.25,2.032989210083087,0.2623405936124591,3224.829378719512
SYR,Syria,2015,31.115,63295273863.0,19424615.0,121.299,1.602,0.492,6244.624,0.088,1767.188,,,,,,,,,0.44,18.01,1.9163990073342074,0.25651489295047775,3258.5085399633404
SYR,Syria,2016,29.162,59731474595.0,19193835.0,117.299,1.519,0.488,6111.273,0.082,1796.35,,,,,,,,,0.96,18.17,1.9637720447273013,0.24861252014083665,3112.0135499237126
SYR,Syria,2017,34.473,59296820428.0,19224671.0,118.334,1.793,0.581,6155.312,0.096,1830.824,,,,,,,,,0.78,18.44,1.995621335948101,0.2913194855240252,3084.412754215664
SYR,Syria,2018,31.771,60171975441.0,19577849.0,131.406,1.623,0.528,6711.99,0.086,1862.595,,,,,,,,,0.78,22.32,2.1838405509695553,0.24177739220431335,3073.4722410516088
SYR,Syria,2019,33.492,62427096792.0,20353536.0,118.412,1.645,0.536,5817.771,0.09,1896.087,,,,,,,,,0.78,22.32,1.8968045301631653,0.2828429551059014,3067.1376606010867
SYR,Syria,2020,32.344,55872251610.0,21049431.0,108.05,1.537,0.579,5133.145,0.092,1928.431,,,,,,,,,0.8,21.03,1.9338758844768167,0.2993428968070338,2654.335483462712
SYR,Syria,2021,32.508,54251957890.0,21628837.0,116.807,1.503,0.599,5400.516,0.088,1960.94,,,,,,,,,0.84,21.71,2.153046720209345,0.2783052385559085,2508.31599914503
SYR,Syria,2022,31.423,52353139385.0,22462170.0,108.886,1.399,0.6,4847.527,0.084,1992.363,,,,,,,,,0.88,20.08,2.079837069545395,0.28858622779788035,2330.7249203883684
TWN,Taiwan,1990,124.258,319544652000.0,20594907.0,584.232,6.033,0.389,28367.777,0.547,1870.709,3.164,81.126,0.0,0.0,21.624,3.656,55.846,18.874,6.593,90.194,1.8283266402468221,0.2126860562242397,15515.71230693103
TWN,Taiwan,1991,133.631,345211462786.0,20781752.0,617.29,6.43,0.387,29703.441,0.576,2004.34,1.866,82.181,0.0,0.0,22.4,5.021,54.761,17.819,4.097,99.178,1.788150355779652,0.21648009849503475,16611.27814372917
TWN,Taiwan,1992,142.432,372503882517.0,20982088.0,655.841,6.788,0.382,31257.176,0.632,2146.772,2.916,82.679,0.0,0.0,24.367,4.688,53.625,17.321,6.818,105.53,1.7606286290722601,0.21717458957277755,17753.422944227477
TWN,Taiwan,1993,154.046,396575970496.0,21174678.0,693.913,7.275,0.388,32770.891,0.677,2300.818,1.757,84.435,0.0,0.0,25.873,4.633,53.929,15.565,4.342,115.206,1.749760579623921,0.22199612919775247,18728.783998321014
TWN,Taiwan,1994,161.564,425304537408.0,21357145.0,736.462,7.565,0.38,34483.172,0.703,2462.382,2.026,84.767,0.0,0.0,25.373,5.302,54.093,15.233,5.318,124.635,1.7316109639655755,0.2193785965874682,19913.92283041577
TWN,Taiwan,1995,170.064,451738410710.0,21534497.0,782.521,7.897,0.376,36338.0,0.723,2632.446,1.878,85.537,0.0,0.0,24.612,5.575,55.351,14.463,5.223,133.117,1.732243664580364,0.2173283528493165,20977.430339329494
TWN,Taiwan,1996,178.059,477921929086.0,21709270.0,814.729,8.202,0.373,37529.094,0.735,2810.505,1.804,85.262,0.0,0.0,26.661,5.464,53.138,14.738,5.213,141.962,1.7047324058934175,0.2185499718311242,22014.647617630624
TWN,Taiwan,1997,190.782,504501700824.0,21885332.0,862.253,8.717,0.378,39398.664,0.783,3001.287,1.887,86.386,0.0,0.0,28.807,6.056,51.523,13.614,5.771,150.486,1.7091181230740882,0.22125988543965633,23052.046951995064
TWN,Taiwan,1998,200.546,524131056297.0,22049226.0,912.751,9.095,0.383,41396.062,0.825,3201.833,2.103,86.636,0.0,0.0,29.525,6.779,50.332,13.364,6.809,163.228,1.741455670359643,0.21971600140673633,23770.950340705836
TWN,Taiwan,1999,208.023,557640971015.0,22203788.0,955.304,9.369,0.373,43024.375,0.838,3409.856,1.723,87.188,0.0,0.0,29.125,6.589,51.474,12.812,5.81,169.065,1.7131165923142029,0.2177558138561128,25114.677325103265
TWN,Taiwan,2000,226.934,591153923509.0,22332873.0,1021.106,10.161,0.384,45722.125,0.89,3636.79,1.566,87.927,0.0,0.0,32.11,6.648,49.168,12.073,5.61,184.84,1.7273098585540458,0.22224333222995457,26470.12426520314
TWN,Taiwan,2001,231.431,582366336280.0,22446254.0,1053.746,10.31,0.397,46945.289,0.901,3868.221,1.734,88.936,0.0,0.003,32.643,6.937,49.356,11.064,6.42,188.53,1.80942120853181,0.21962693096818395,25944.923205448893
TWN,Taiwan,2002,238.567,612808812199.0,22566898.0,1095.925,10.572,0.389,48563.367,0.908,4106.789,1.158,88.927,0.0,0.004,34.028,7.46,47.439,11.073,4.4,198.84,1.788363643250149,0.21768551680087597,27155.20813711304
TWN,Taiwan,2003,249.129,636240085985.0,22664130.0,1145.434,10.992,0.392,50539.492,0.901,4355.917,1.214,89.51,0.0,0.006,34.7,7.365,47.446,10.49,4.82,209.06,1.8003172469503985,0.2174974725737144,28072.557207578673
TWN,Taiwan,2004,259.367,675272430215.0,22745432.0,1193.288,11.403,0.384,52462.762,0.907,4615.284,1.222,89.788,0.0,0.006,34.641,8.599,46.548,10.212,5.09,218.41,1.7671208635306923,0.21735490510254024,29688.265767605557
TWN,Taiwan,2005,266.888,709313986797.0,22824932.0,1208.752,11.693,0.376,52957.516,0.902,4882.172,1.409,89.678,0.0,0.02,34.835,8.561,46.282,10.322,6.01,227.5,1.7041141476122268,0.220796325466266,31076.28039360643
TWN,Taiwan,2006,276.552,745965982529.0,22914644.0,1241.097,12.069,0.371,54161.758,0.904,5158.724,1.411,89.977,0.0,0.06,35.608,8.942,45.428,10.023,6.22,235.54,1.6637447672779788,0.2228286749544959,32554.116159474266
TWN,Taiwan,2007,280.08,791900583149.0,23006921.0,1292.834,12.174,0.354,56193.273,0.889,5438.804,1.531,90.109,0.0,0.091,35.797,9.107,45.205,9.891,6.74,243.11,1.6325710922689736,0.21664034207021166,34420.102679059055
TWN,Taiwan,2008,266.975,794389614968.0,23086238.0,1244.95,11.564,0.336,53926.07,0.833,5705.779,1.513,89.811,0.001,0.125,35.599,10.282,43.93,10.189,6.72,238.31,1.5671780906276698,0.2144463633077634,34409.66063712936
TWN,Taiwan,2009,253.028,779014502319.0,23164353.0,1208.296,10.923,0.325,52161.855,0.803,5958.807,1.468,89.478,0.002,0.171,34.984,10.345,44.148,10.522,6.3,230.05,1.5510571323166622,0.20940895277316154,33629.88391339918
TWN,Taiwan,2010,270.718,859487483344.0,23224049.0,1294.536,11.657,0.315,55741.184,0.813,6229.525,1.532,90.071,0.004,0.207,35.035,11.99,43.045,9.929,7.07,247.05,1.5061720212182275,0.20912357786882713,37008.51145052269
TWN,Taiwan,2011,276.771,888546864638.0,23273078.0,1290.155,11.892,0.311,55435.527,0.803,6506.296,1.604,89.916,0.012,0.301,36.438,13.243,40.235,10.084,7.38,252.15,1.4519830650976613,0.21452538648456967,38179.17271785021
TWN,Taiwan,2012,273.282,908290377366.0,23345963.0,1279.385,11.706,0.301,54801.141,0.782,6779.578,1.971,89.864,0.032,0.286,35.93,14.018,39.916,10.136,9.07,250.37,1.4085638600621941,0.21360419263943223,38905.67192991782
TWN,Taiwan,2013,274.576,930852328389.0,23416870.0,1304.708,11.726,0.295,55716.605,0.778,7054.154,1.964,89.85,0.063,0.322,35.945,13.788,40.116,10.15,9.23,252.33,1.4016272616065983,0.2104501543640416,39751.35568455562
TWN,Taiwan,2014,276.959,974779255338.0,23472811.0,1333.887,11.799,0.284,56826.914,0.781,7331.113,1.688,90.205,0.101,0.287,35.526,14.183,40.497,9.795,8.27,259.97,1.368399042855586,0.207633030384133,41528.01534243172
TWN,Taiwan,2015,276.264,989069527295.0,23529260.0,1332.951,11.741,0.279,56650.766,0.78,7607.377,1.76,91.297,0.162,0.29,34.475,15.175,41.646,8.703,8.79,258.14,1.3476817991203098,0.20725743106835884,42035.72604047046
TWN,Taiwan,2016,280.197,1010482869589.0,23586140.0,1339.758,11.88,0.277,56802.785,0.792,7887.574,2.162,91.885,0.209,0.274,34.724,15.689,41.472,8.115,11.04,264.12,1.3258591910072934,0.20914000886727305,42842.231479546885
TWN,Taiwan,2017,285.736,1043939947916.0,23632950.0,1340.768,12.091,0.274,56732.984,0.794,8173.311,2.089,93.717,0.312,0.322,35.206,17.373,41.138,6.283,10.7,270.26,1.2843344127950587,0.21311367813074297,44173.06971478381
TWN,Taiwan,2018,284.151,1073034529603.0,23659308.0,1354.551,12.01,0.265,57252.355,0.774,8457.461,2.094,92.812,0.498,0.315,35.037,17.507,40.268,7.188,10.86,275.53,1.26235546259742,0.2097750472296724,45353.588938569126
TWN,Taiwan,2019,274.704,1105912366266.0,23674137.0,1328.146,11.604,0.248,56101.125,0.741,8732.165,2.611,91.348,0.751,0.354,35.046,17.562,38.739,8.652,13.44,274.18,1.2009504916599758,0.20683268255146647,46713.94637388472
TWN,Taiwan,2020,272.464,1143369531447.0,23663461.0,1289.167,11.514,0.238,54479.203,0.775,9004.629,2.676,91.286,1.167,0.443,33.745,19.356,38.185,8.714,13.4,279.99,1.1275156146311551,0.21134887877210634,48317.93335078922
TWN,Taiwan,2021,283.821,1218008773904.0,23558330.0,1370.345,12.048,0.233,58168.164,0.77,9288.45,2.932,92.06,1.436,0.409,34.075,19.967,38.018,7.94,15.72,291.03,1.1250698922370872,0.20711645607493004,51701.83004924373
TWN,Taiwan,2022,273.989,1247874288934.0,23420107.0,1316.818,11.699,0.22,56225.938,0.73,9562.439,4.235,91.319,1.999,0.67,33.466,21.382,36.471,8.681,22.09,288.19,1.0552489234511717,0.20806899662671682,53282.17710252135
TJK,Tajikistan,1990,12.307,25321416000.0,5398773.0,,2.28,0.486,,0.054,355.175,,,,,,,,,,,,,4690.216832602519
TJK,Tajikistan,1991,10.015,23089121806.0,5541200.0,,1.807,0.434,,0.043,365.19,,,,,,,,,,,,,4166.8089594311705
TJK,Tajikistan,1992,7.333,15578962563.0,5649397.0,50.777,1.298,0.471,8988.006,0.033,372.523,,,,,,,,,,,3.2593312805433694,0.14441577879748704,2757.6328169183366
TJK,Tajikistan,1993,5.153,13768160225.0,5725001.0,42.227,0.9,0.374,7375.933,0.023,377.675,,,,,,,,,,,3.067003819677004,0.12203092807919104,2404.918396520804
TJK,Tajikistan,1994,2.345,10806547225.0,5825371.0,40.72,0.403,0.217,6990.197,0.01,380.02,,,,,,,,,,,3.768086064140621,0.05758840864440078,1855.0830882702578
TJK,Tajikistan,1995,2.435,9460376115.0,5948588.0,32.01,0.409,0.257,5381.158,0.01,382.455,,,,,,,,,,,3.383586404059158,0.0760699781318338,1590.3565879835685
TJK,Tajikistan,1996,2.824,8989080428.0,6066524.0,37.622,0.465,0.314,6201.645,0.012,385.279,,,,,,,,,,,4.1853001874153435,0.0750624634522354,1481.7513996482994
TJK,Tajikistan,1997,2.15,9105132518.0,6139829.0,37.042,0.35,0.236,6033.039,0.009,387.429,,,,,,,,,,,4.0682549020315095,0.05804222234220614,1482.9619062680736
TJK,Tajikistan,1998,2.497,9509161527.0,6176403.0,38.319,0.404,0.263,6204.16,0.01,389.926,,,,,,,,,,,4.029692827406317,0.06516349591586419,1539.595380515164
TJK,Tajikistan,1999,2.519,9907046803.0,6208373.0,44.231,0.406,0.254,7124.432,0.01,392.445,,,,,,,,,,,4.464599883247367,0.056951007212136286,1595.7557322989453
TJK,Tajikistan,2000,2.236,10735320878.0,6284737.0,31.539,0.356,0.208,5018.302,0.009,394.681,,,,,,,,,14.02,14.24,2.9378721286881313,0.07089635055011256,1708.1575375389614
TJK,Tajikistan,2001,2.287,11697951502.0,6407376.0,33.329,0.357,0.196,5201.65,0.009,396.969,,,,,,,,,14.21,14.39,2.849131319641882,0.06861892045965975,1825.7008020131798
TJK,Tajikistan,2002,1.872,12792791823.0,6531674.0,33.202,0.287,0.146,5083.217,0.007,398.841,,,,,,,,,15.16,15.3,2.5953678023827873,0.056382145653876274,1958.5778198666987
TJK,Tajikistan,2003,2.072,14027448844.0,6658575.0,34.953,0.311,0.148,5249.373,0.007,400.913,,,,,,,,,16.34,16.51,2.491757438484657,0.05927960403971047,2106.6743025347014
TJK,Tajikistan,2004,2.562,15391086914.0,6790555.0,36.695,0.377,0.166,5403.847,0.009,403.474,,,,,,,,,16.34,16.49,2.3841720994130435,0.0698187764000545,2266.5432963874086
TJK,Tajikistan,2005,2.441,16469329106.0,6924722.0,37.103,0.352,0.148,5358.023,0.008,405.915,,,,,,,,,16.97,17.09,2.252854367120691,0.06578982831576961,2378.337947140694
TJK,Tajikistan,2006,2.656,17531184155.0,7057566.0,36.477,0.376,0.152,5168.557,0.009,408.571,,,,,,,,,16.7,16.93,2.0806923067770375,0.0728130054554925,2484.026951359718
TJK,Tajikistan,2007,3.229,18731098417.0,7194479.0,32.009,0.449,0.172,4449.12,0.01,411.8,,,,,,,,,17.11,17.49,1.7088693512468667,0.10087787809678528,2603.5378540961756
TJK,Tajikistan,2008,2.897,20202934540.0,7338402.0,29.399,0.395,0.143,4006.238,0.009,414.697,,,,,,,,,15.8,16.15,1.4551846387361507,0.09854076669274466,2753.042765986382
TJK,Tajikistan,2009,2.445,20969201626.0,7490232.0,26.228,0.326,0.117,3501.677,0.008,417.142,,,,,,,,,15.9,16.12,1.2507867713704246,0.09322098520664938,2799.539670600323
TJK,Tajikistan,2010,2.535,22275913223.0,7652144.0,27.175,0.331,0.114,3551.285,0.008,419.677,,,,,,,,,16.4,16.44,1.2199275391296491,0.09328426862925483,2911.068221272365
TJK,Tajikistan,2011,2.342,23719353153.0,7824788.0,27.019,0.299,0.099,3452.973,0.007,422.019,,,,,,,,,16.2,16.24,1.1391120080600792,0.08667974388393353,3031.309366209027
TJK,Tajikistan,2012,2.934,25498307279.0,8014087.0,29.919,0.366,0.115,3733.26,0.008,424.953,,,,,,,,,16.9,16.97,1.1733720075073695,0.09806477489220897,3181.6858587884058
TJK,Tajikistan,2013,2.908,27385180748.0,8216733.0,31.646,0.354,0.106,3851.428,0.008,427.862,,,,,,,,,17.07,17.11,1.1555885020883485,0.09189155027491626,3332.8551320823008
TJK,Tajikistan,2014,4.606,29219994834.0,8425559.0,35.016,0.547,0.158,4155.931,0.013,432.468,,,,,,,,,16.0,16.16,1.1983575013933898,0.1315398674891478,3468.018541440396
TJK,Tajikistan,2015,5.307,30973186706.0,8643839.0,34.281,0.614,0.171,3965.986,0.015,437.775,,,,,,,,,17.0,17.16,1.1067960273315767,0.15480878620810362,3583.2674238842255
TJK,Tajikistan,2016,6.016,33110336724.0,8865623.0,37.188,0.679,0.182,4194.635,0.017,443.79,,,,,,,,,16.63,17.24,1.1231537845715809,0.1617726148219856,3734.688100768553
TJK,Tajikistan,2017,6.879,35461181351.0,9085942.0,37.748,0.757,0.194,4154.551,0.019,450.67,,,,,,,,,17.13,18.11,1.064487943206537,0.18223482038783512,3902.8623945651425
TJK,Tajikistan,2018,8.081,38156222428.0,9307345.0,40.658,0.868,0.212,4368.406,0.022,458.751,,,,,,,,,18.39,19.74,1.06556669955263,0.19875547247774114,4099.581827900438
TJK,Tajikistan,2019,8.714,40979787244.0,9529970.0,44.148,0.914,0.213,4632.589,0.023,467.465,,,,,,,,,19.17,20.96,1.0773115960103934,0.19738153483736523,4300.096143429622
TJK,Tajikistan,2020,9.423,42778793597.0,9749312.0,46.341,0.967,0.22,4753.302,0.027,476.888,,,,,,,,,18.11,20.1,1.0832703800990267,0.20334045445717616,4387.878200738678
TJK,Tajikistan,2021,9.384,46800009054.0,9966912.0,46.508,0.942,0.201,4666.238,0.025,486.273,,,,,,,,,18.66,20.72,0.9937604915062502,0.20177173819557925,4695.5374998796015
TJK,Tajikistan,2022,10.521,50544013546.0,10182228.0,49.125,1.033,0.208,4824.579,0.028,496.793,,,,,,,,,19.92,21.49,0.971925190612167,0.2141679389312977,4963.944388791922
TZA,Tanzania,1990,2.112,22062497802.0,26110210.0,12.823,0.081,0.096,491.104,0.009,65.303,,,,,,,,,,,0.5812125224931501,0.16470404741480152,844.9758849890521
TZA,Tanzania,1991,2.255,23131982096.0,26780440.0,11.117,0.084,0.097,415.098,0.01,67.558,,,,,,,,,,,0.4805900313195539,0.20284249347845643,863.7640791562798
TZA,Tanzania,1992,2.178,23907182271.0,27457599.0,12.053,0.079,0.091,438.964,0.01,69.736,,,,,,,,,,,0.5041581171454315,0.18070189994192318,870.6945669575844
TZA,Tanzania,1993,2.426,24857214872.0,28332691.0,12.625,0.086,0.098,445.608,0.011,72.162,,,,,,,,,,,0.5079008273859845,0.19215841584158416,877.3333557338411
TZA,Tanzania,1994,2.063,25964285650.0,29442357.0,11.4,0.07,0.079,387.214,0.009,74.225,,,,,,,,,,,0.43906465033055897,0.18096491228070177,881.8684472170486
TZA,Tanzania,1995,2.434,27600945651.0,30383496.0,11.187,0.08,0.088,368.182,0.01,76.659,,,,,,,,,,,0.4053121998591627,0.21757396978635918,908.4190196875304
TZA,Tanzania,1996,2.527,29677337167.0,30945761.0,11.593,0.082,0.085,374.622,0.01,79.185,,,,,,,,,,,0.39063477746551156,0.2179763650478737,959.0113866322434
TZA,Tanzania,1997,2.824,31560772974.0,31578093.0,11.196,0.089,0.089,354.55,0.012,82.01,,,,,,,,,,,0.35474416324414326,0.2522329403358342,999.4515176708106
TZA,Tanzania,1998,2.481,33614871213.0,32420461.0,12.152,0.077,0.074,374.83,0.01,84.491,,,,,,,,,,,0.3615066653981531,0.2041639236339697,1036.8412470445746
TZA,Tanzania,1999,2.459,36215287065.0,33300335.0,12.794,0.074,0.068,384.205,0.01,86.949,,,,,,,,,,,0.35327622771668343,0.19219946850085978,1087.5352174385032
TZA,Tanzania,2000,2.572,39001698887.0,34260142.0,13.382,0.075,0.066,390.587,0.01,89.521,,,,,,,,,2.16,2.5,0.34311325870116066,0.1921984755641907,1138.398634979388
TZA,Tanzania,2001,3.041,42445346863.0,35198303.0,15.075,0.086,0.072,428.278,0.012,92.562,,,,,,,,,2.68,2.83,0.35516260589546544,0.2017247097844113,1205.8918540192121
TZA,Tanzania,2002,3.486,46583070535.0,36121301.0,16.945,0.096,0.075,469.116,0.013,96.048,,,,,,,,,2.76,2.89,0.36375876054088024,0.20572440247860727,1289.6288130651772
TZA,Tanzania,2003,3.687,50824600990.0,37089555.0,17.549,0.099,0.073,473.165,0.013,99.735,,,,,,,,,2.6,2.71,0.3452855439721574,0.21009744144965525,1370.3211319197549
TZA,Tanzania,2004,4.221,55891196644.0,38109666.0,22.538,0.111,0.076,591.402,0.015,103.956,,,,,,,,,2.06,2.61,0.40324776267640505,0.18728369864229302,1466.5884671883505
TZA,Tanzania,2005,5.356,61018758994.0,39182083.0,25.589,0.137,0.088,653.087,0.018,109.312,,,,,,,,,1.83,3.66,0.41936283893476395,0.20930868732658564,1557.3127899810738
TZA,Tanzania,2006,5.876,65508013137.0,40294900.0,27.026,0.146,0.09,670.711,0.019,115.188,,,,,,,,,1.5,3.51,0.41256021524388553,0.21742026196995487,1625.7147464567477
TZA,Tanzania,2007,5.706,72909539423.0,41435508.0,27.507,0.138,0.078,663.848,0.018,120.894,,,,,,,,,2.58,4.24,0.37727573398060255,0.2074381066637583,1759.5908181697687
TZA,Tanzania,2008,5.989,78993514738.0,42570728.0,28.738,0.141,0.076,675.053,0.019,126.883,,,,,,,,,2.71,4.45,0.36380201710629195,0.20840002783770617,1855.582895786983
TZA,Tanzania,2009,5.807,85446168824.0,43633975.0,28.352,0.133,0.068,649.775,0.018,132.69,,,,,,,,,2.7,4.8,0.3318112490028521,0.20481800225733635,1958.248562593713
TZA,Tanzania,2010,7.194,93371216148.0,44758491.0,33.217,0.161,0.077,742.13,0.022,139.885,,,,,,,,,2.78,5.33,0.355752033339147,0.2165758497155071,2086.111798273092
TZA,Tanzania,2011,8.44,103624510902.0,46029371.0,35.138,0.183,0.081,763.384,0.024,148.325,,,,,,,,,2.07,5.17,0.3390896583650058,0.24019579941943195,2251.2693232762185
TZA,Tanzania,2012,10.367,108951852558.0,47374261.0,43.47,0.219,0.095,917.588,0.03,158.692,,,,,,,,,1.84,5.67,0.398983578336669,0.2384863123993559,2299.8111265102375
TZA,Tanzania,2013,11.251,116340969671.0,48824134.0,45.602,0.23,0.097,934.002,0.032,169.944,,,,,,,,,1.8,5.99,0.3919685397926255,0.24672163501600808,2382.8578233666162
TZA,Tanzania,2014,10.997,124173043529.0,50351506.0,46.294,0.218,0.089,919.426,0.031,180.941,,,,,,,,,2.67,6.26,0.3728184369515616,0.2375469823303236,2466.1237248593916
TZA,Tanzania,2015,12.783,131823350494.0,52020958.0,48.828,0.246,0.097,938.619,0.036,193.724,,,,,,,,,2.19,6.53,0.3704047865345558,0.26179651019906613,2534.043115738084
TZA,Tanzania,2016,13.529,140875654933.0,53824012.0,53.57,0.251,0.096,995.273,0.038,207.253,,,,,,,,,2.47,6.82,0.3802644255707469,0.2525480679484786,2617.3384275590606
TZA,Tanzania,2017,13.513,150417154803.0,55652888.0,48.224,0.243,0.09,866.516,0.038,220.767,,,,,,,,,2.46,7.07,0.32060172965748845,0.28021317186463174,2702.773570403031
TZA,Tanzania,2018,14.233,160884699826.0,57437134.0,56.368,0.248,0.088,981.383,0.039,235.0,,,,,,,,,2.32,7.31,0.3503627135517741,0.25250141924496167,2801.057236351661
TZA,Tanzania,2019,16.191,172128919031.0,59174889.0,60.157,0.274,0.094,1016.604,0.044,251.191,,,,,,,,,2.58,7.77,0.349488048485135,0.2691457353258972,2908.8169313000317
TZA,Tanzania,2020,15.952,180418650860.0,60972803.0,57.303,0.262,0.088,939.815,0.045,267.143,,,,,,,,,3.24,7.83,0.3176112875628672,0.27837984049700715,2959.0020793369135
TZA,Tanzania,2021,17.678,189343959556.0,62830410.0,66.316,0.281,0.093,1055.48,0.048,284.821,,,,,,,,,3.19,8.65,0.35024090631413307,0.26657216961215996,3013.571924104904
TZA,Tanzania,2022,19.702,198220407805.0,64711822.0,75.404,0.304,0.099,1165.232,0.053,304.523,,,,,,,,,2.92,9.62,0.380404827308089,0.2612858734284653,3063.125124262457
THA,Thailand,1990,86.563,407627796816.0,54738329.0,353.898,1.581,0.212,6465.264,0.381,940.365,3.878,96.122,0.0,0.0,12.847,17.181,66.094,3.878,4.925,44.113,0.8681890753386153,0.24459872618664136,7446.843998763645
THA,Thailand,1991,95.045,437871480572.0,55637436.0,390.453,1.708,0.217,7017.81,0.41,1035.41,3.236,96.764,0.0,0.0,13.631,19.272,63.86,3.236,4.535,50.12,0.8917068530929296,0.24342238374401015,7870.087337813338
THA,Thailand,1992,105.513,473484188457.0,56528832.0,427.205,1.867,0.223,7557.287,0.469,1140.923,2.724,97.276,0.0,0.0,13.33,19.091,64.855,2.724,4.18,57.028,0.9022582177288421,0.24698446881473765,8375.976854731405
THA,Thailand,1993,121.855,509703199590.0,57408198.0,484.76,2.123,0.239,8444.095,0.536,1262.778,2.092,97.908,0.0,0.0,13.079,19.047,65.782,2.092,3.642,63.337,0.9510632862221308,0.2513718128558462,8878.578623735933
THA,Thailand,1994,136.87,545365114818.0,58260855.0,544.837,2.349,0.251,9351.679,0.596,1399.649,2.278,97.722,0.0,0.0,13.458,18.758,65.507,2.278,4.454,71.102,0.9990316307302196,0.2512127480328979,9360.746848256862
THA,Thailand,1995,153.65,584005907369.0,59098231.0,615.065,2.6,0.263,10407.508,0.653,1553.299,3.056,96.944,0.0,0.0,13.606,17.216,66.122,3.056,6.736,79.737,1.0531828398293503,0.2498109955858324,9881.95242881297
THA,Thailand,1996,173.566,611290639859.0,59920059.0,695.961,2.897,0.284,11614.824,0.716,1726.864,2.978,97.022,0.0,0.0,14.629,17.727,64.666,2.978,7.422,86.992,1.1385108074949912,0.24939041124430822,10201.76965878822
THA,Thailand,1997,181.203,589240402273.0,60724588.0,732.639,2.984,0.308,12064.948,0.743,1908.067,2.807,97.193,0.0,0.0,14.33,21.121,61.743,2.807,7.356,92.661,1.2433617877759886,0.24732917576050414,9703.489503675184
THA,Thailand,1998,159.704,539314649597.0,61522632.0,675.039,2.596,0.296,10972.201,0.657,2067.771,2.24,97.76,0.0,0.0,12.474,24.469,60.817,2.24,5.398,89.533,1.2516607893080955,0.2365848491716775,8766.117964475252
THA,Thailand,1999,167.235,558464047703.0,62299039.0,715.286,2.684,0.299,11481.495,0.673,2235.006,1.521,98.479,0.0,0.0,12.509,25.641,60.329,1.521,3.857,90.215,1.2808093966693455,0.23380158426140032,8964.24819174177
THA,Thailand,2000,167.352,579217712636.0,63007815.0,741.691,2.656,0.289,11771.415,0.656,2402.358,2.432,97.568,0.0,0.0,12.381,28.619,56.568,2.432,6.42,95.52,1.28050469421004,0.22563574318685276,9192.79160269246
THA,Thailand,2001,172.267,596448007832.0,63651137.0,782.208,2.706,0.289,12288.995,0.67,2574.625,2.432,97.568,0.0,0.0,13.069,31.444,53.055,2.432,6.79,100.99,1.3114437297614758,0.22023170307641957,9370.57900210015
THA,Thailand,2002,184.665,630177413705.0,64266433.0,847.941,2.873,0.293,13194.149,0.703,2759.29,2.662,97.338,0.0,0.0,12.869,31.526,52.943,2.662,8.12,108.44,1.3455591735900265,0.21778048236846667,9805.700803481655
THA,Thailand,2003,191.088,672602585235.0,64868164.0,911.69,2.946,0.284,14054.511,0.691,2950.378,2.58,97.42,0.0,0.0,12.223,31.221,53.975,2.58,8.44,115.94,1.3554660954528823,0.20959756057431803,10368.762483165085
THA,Thailand,2004,207.331,712165919937.0,65452049.0,989.731,3.168,0.291,15121.47,0.725,3157.709,2.204,97.796,0.0,0.0,12.611,30.098,55.086,2.204,7.74,124.13,1.3897477712603183,0.20948217242867,10880.727659679531
THA,Thailand,2005,214.325,739238460898.0,66017415.0,1021.117,3.246,0.29,15467.393,0.724,3372.034,2.108,97.892,0.0,0.0,13.212,31.431,53.25,2.108,7.53,130.43,1.3813093528163891,0.20989269593983842,11197.628094011254
THA,Thailand,2006,215.825,773067090714.0,66567685.0,1042.998,3.242,0.279,15668.239,0.705,3587.858,2.724,97.276,0.009,0.0,13.809,31.696,51.771,2.724,9.98,136.78,1.3491688011666536,0.20692753006237788,11613.24884159634
THA,Thailand,2007,224.083,811667437725.0,67102388.0,1078.653,3.339,0.276,16074.729,0.711,3811.941,2.832,97.168,0.01,0.0,15.005,32.653,49.51,2.832,10.42,142.53,1.3289346718445751,0.20774336139611163,12095.954583985893
THA,Thailand,2008,224.249,822020817321.0,67619835.0,1078.545,3.316,0.273,15950.123,0.7,4036.19,2.862,97.138,0.01,0.0,16.182,34.294,46.662,2.862,9.13,145.44,1.3120653118190158,0.2079180748137537,12156.504335170295
THA,Thailand,2009,228.836,812859746470.0,68121077.0,1108.913,3.359,0.282,16278.564,0.726,4265.026,2.98,97.02,0.011,0.0,15.791,34.421,46.809,2.98,9.26,145.9,1.3642119748402701,0.20636064326056236,11932.573327782236
THA,Thailand,2010,241.019,870109340511.0,68579443.0,1179.445,3.514,0.277,17198.229,0.723,4506.045,2.75,97.25,0.013,0.001,15.233,36.668,45.349,2.75,8.77,157.57,1.3555135487998928,0.2043495033681096,12687.611658073689
THA,Thailand,2011,244.878,873642799890.0,69007212.0,1212.482,3.549,0.28,17570.367,0.71,4750.923,3.442,96.558,0.02,0.001,15.073,36.6,44.885,3.442,12.0,153.3,1.387846383158727,0.20196423534534946,12660.166590848505
THA,Thailand,2012,262.348,936920832597.0,69436091.0,1292.871,3.778,0.28,18619.578,0.751,5013.271,3.781,96.219,0.1,0.003,14.837,37.669,43.713,3.781,13.65,168.96,1.3799148818330371,0.20291893004019737,13493.283091022506
THA,Thailand,2013,263.754,962095812070.0,69845112.0,1312.864,3.776,0.274,18796.785,0.748,5277.024,3.8,96.2,0.245,0.069,14.378,37.264,44.558,3.8,12.65,168.64,1.3645875842399768,0.20089971238452728,13774.704979641238
THA,Thailand,2014,272.488,971562808709.0,70216362.0,1357.17,3.881,0.28,19328.395,0.768,5549.512,4.24,95.76,0.363,0.074,15.335,36.846,43.579,4.24,14.21,173.76,1.396893734336527,0.20077661604662644,13836.701034283149
THA,Thailand,2015,277.099,1002011619070.0,70540787.0,1377.446,3.928,0.277,19526.947,0.783,5826.611,4.202,95.798,0.438,0.06,14.832,37.038,43.929,4.202,13.81,177.83,1.3746806661567987,0.2011686846526107,14204.712786518812
THA,Thailand,2016,284.045,1036430730493.0,70859835.0,1405.572,4.009,0.274,19835.943,0.803,6110.656,4.617,95.383,0.636,0.069,14.819,36.02,44.543,4.617,16.07,179.82,1.3561658860997012,0.20208498746417827,14626.490881512778
THA,Thailand,2017,283.348,1079732734924.0,71160183.0,1432.683,3.982,0.262,20133.205,0.788,6394.004,5.318,94.682,0.794,0.194,14.601,35.014,45.067,5.318,19.63,176.73,1.3268866948827327,0.1977743855409745,15173.270913651248
THA,Thailand,2018,288.305,1125329902301.0,71376081.0,1478.376,4.039,0.256,20712.488,0.785,6682.309,6.379,93.621,0.765,0.277,15.092,33.902,44.627,6.379,25.52,177.76,1.3137267542407918,0.19501466474022847,15766.20467998236
THA,Thailand,2019,281.877,1149130685920.0,71522264.0,1479.745,3.941,0.245,20689.293,0.76,6964.186,6.951,93.049,0.863,0.615,13.441,34.501,45.107,6.951,27.72,186.51,1.2877081937946062,0.1904902533882527,16066.754904738475
THA,Thailand,2020,271.923,1078332670656.0,71641484.0,1379.634,3.796,0.252,19257.477,0.773,7236.109,6.97,93.03,0.902,0.577,15.411,34.03,43.588,6.97,25.08,176.48,1.279414078366655,0.19709792597167075,15051.791370709183
THA,Thailand,2021,267.142,1095187026392.0,71727338.0,1386.818,3.724,0.244,19334.578,0.725,7503.251,7.034,92.966,0.888,0.629,15.7,33.972,43.294,7.034,26.47,176.36,1.2662841748306253,0.19262945822739538,15268.75326659969
THA,Thailand,2022,272.573,1124143758569.0,71735321.0,1387.88,3.8,0.242,19347.238,0.726,7775.825,7.248,92.752,0.892,0.53,14.275,32.004,46.472,7.248,28.48,180.37,1.234610777688014,0.19639522148888952,15670.714829156477
TGO,Togo,1990,0.978,4744275000.0,3714023.0,2.782,0.263,0.206,749.056,0.004,15.481,,,,,,,,,,,0.5863909659537021,0.3515456506110712,1277.3951588345037
TGO,Togo,1991,1.05,4804300007.0,3822637.0,4.531,0.275,0.219,1185.338,0.005,16.531,,,,,,,,,,,0.9431134594838386,0.23173692341646435,1256.8025703199128
TGO,Togo,1992,1.03,4695574340.0,3932581.0,3.398,0.262,0.219,864.12,0.005,17.561,,,,,,,,,,,0.7236601433510688,0.30311948204826367,1194.0184677696404
TGO,Togo,1993,1.069,3965510675.0,3887976.0,2.679,0.275,0.27,688.959,0.005,18.63,,,,,,,,,,,0.6755750317076122,0.3990294886151549,1019.9421691389042
TGO,Togo,1994,1.007,4562486354.0,3904183.0,2.96,0.258,0.221,758.084,0.004,19.637,,,,,,,,,,,0.64876906369373,0.34020270270270264,1168.614881525789
TGO,Togo,1995,1.175,4920021949.0,4110452.0,3.06,0.286,0.239,744.519,0.005,20.811,,,,,,,,,,,0.6219484448889396,0.3839869281045752,1196.9539965434458
TGO,Togo,1996,1.265,5351687437.0,4291129.0,3.042,0.295,0.236,708.938,0.005,22.076,,,,,,,,,,,0.5684188465433356,0.415844838921762,1247.1513760131659
TGO,Togo,1997,0.879,5606767164.0,4438798.0,3.057,0.198,0.157,688.657,0.004,22.955,,,,,,,,,,,0.5452339843231628,0.2875368007850834,1263.127352044405
TGO,Togo,1998,1.29,5539430872.0,4551633.0,3.212,0.283,0.233,705.638,0.005,24.245,,,,,,,,,,,0.5798429611669319,0.4016189290161893,1217.02054449469
TGO,Togo,1999,1.85,5739978782.0,4665757.0,4.613,0.397,0.322,988.725,0.007,26.096,,,,,,,,,,,0.8036615073327287,0.4010405376110991,1230.2352612877182
TGO,Togo,2000,1.331,5742626906.0,4783721.0,4.498,0.278,0.232,940.304,0.005,27.427,,,,,,,,,0.1,0.18,0.7832652327283196,0.2959092930191196,1200.4518879759082
TGO,Togo,2001,1.159,5728350754.0,4904135.0,4.013,0.236,0.202,818.325,0.005,28.586,,,,,,,,,0.05,0.13,0.7005506772080599,0.2888113630700224,1168.0654700574107
TGO,Togo,2002,1.322,5709447507.0,5027128.0,4.391,0.263,0.232,873.426,0.005,29.909,,,,,,,,,0.09,0.16,0.7690761662343802,0.3010703712138465,1135.7274982853032
TGO,Togo,2003,1.805,6045966479.0,5154113.0,5.445,0.35,0.299,1056.531,0.007,31.713,,,,,,,,,0.12,0.18,0.9006004282214612,0.3314967860422406,1173.037238221203
TGO,Togo,2004,1.744,6257433355.0,5281320.0,5.406,0.33,0.279,1023.548,0.006,33.457,,,,,,,,,0.08,0.19,0.8639324932930109,0.3226045135035146,1184.8237476615695
TGO,Togo,2005,1.722,6399681696.0,5413151.0,5.273,0.318,0.269,974.187,0.006,35.179,,,,,,,,,0.07,0.19,0.823947229015435,0.326569315380239,1182.2470306111911
TGO,Togo,2006,1.501,6714729819.0,5569659.0,4.597,0.269,0.223,825.431,0.005,36.679,,,,,,,,,0.09,0.22,0.6846142918501841,0.3265172938873178,1205.5908304260638
TGO,Togo,2007,1.517,6923652593.0,5748437.0,5.577,0.264,0.219,970.256,0.005,38.196,,,,,,,,,0.1,0.19,0.805499687497102,0.27201004124081046,1204.4408928896673
TGO,Togo,2008,1.523,7155226201.0,5936140.0,6.696,0.257,0.213,1128.026,0.005,39.719,,,,,,,,,0.09,0.13,0.9358194712368675,0.22744922341696536,1205.366821031849
TGO,Togo,2009,2.536,7467517725.0,6130944.0,11.937,0.414,0.34,1947.019,0.008,42.255,,,,,,,,,0.11,0.15,1.5985231558322146,0.21244868895032254,1218.004556068364
TGO,Togo,2010,2.596,7846071439.0,6325791.0,11.395,0.41,0.331,1801.382,0.008,44.85,,,,,,,,,0.09,0.22,1.4523191750918238,0.22781921895568233,1240.3304881555523
TGO,Togo,2011,2.504,8309244000.0,6500577.0,10.594,0.385,0.301,1629.724,0.007,47.354,,,,,,,,,0.1,0.21,1.274965568468082,0.23636020388899376,1278.231763118874
TGO,Togo,2012,2.216,8791743000.0,6653719.0,9.56,0.333,0.252,1436.722,0.006,49.57,,,,,,,,,0.09,0.32,1.087383923756643,0.2317991631799163,1321.3276665275464
TGO,Togo,2013,1.635,9242968000.0,6798851.0,9.43,0.241,0.177,1387.025,0.005,51.205,,,,,,,,,0.04,0.32,1.020235058695432,0.17338282078472958,1359.4897137766366
TGO,Togo,2014,1.491,9806234000.0,6937647.0,8.74,0.215,0.152,1259.841,0.004,52.696,,,,,,,,,0.12,0.35,0.8912697779800074,0.17059496567505722,1413.481256685444
TGO,Togo,2015,1.798,10346240000.0,7071500.0,6.112,0.254,0.174,864.3,0.005,54.494,,,,,,,,,0.06,0.44,0.5907460101447483,0.2941753926701571,1463.0898677791133
TGO,Togo,2016,2.293,10960546310.0,7200883.0,8.653,0.318,0.209,1201.594,0.006,56.787,,,,,,,,,0.2,0.94,0.7894679476063452,0.26499479949150584,1522.1114285567478
TGO,Togo,2017,1.912,11420230383.0,7324379.0,8.161,0.261,0.167,1114.258,0.005,58.699,,,,,,,,,0.21,0.81,0.7146090513330059,0.23428501409141037,1559.2080069859846
TGO,Togo,2018,2.034,11989462252.0,7458205.0,9.888,0.273,0.17,1325.848,0.006,60.732,,,,,,,,,0.21,0.6,0.8247242280070194,0.2057038834951456,1607.5533257667228
TGO,Togo,2019,2.364,12579682405.0,7619916.0,9.398,0.31,0.188,1233.354,0.006,63.096,,,,,,,,,0.13,0.61,0.7470776842716325,0.25154288146414133,1650.8951548809725
TGO,Togo,2020,2.751,12720130961.0,7788058.0,9.933,0.353,0.216,1275.362,0.008,65.847,,,,,,,,,0.09,0.61,0.7808881866432539,0.2769556025369979,1633.2866243420376
TGO,Togo,2021,2.62,13482266787.0,7936185.0,11.603,0.33,0.194,1462.003,0.007,68.468,,,,,,,,,0.16,0.71,0.8606119566768962,0.2258036714642765,1698.834740747601
TGO,Togo,2022,2.739,14265660408.0,8068616.0,11.785,0.339,0.192,1460.611,0.007,71.206,,,,,,,,,0.18,0.9,0.8261096691598745,0.23241408570216376,1768.043045796206
TTO,Trinidad and Tobago,1990,16.978,17710560000.0,1252215.0,69.6,13.559,0.959,55581.473,0.075,568.689,0.139,99.861,0.0,0.0,0.0,78.499,21.362,0.139,0.031,3.577,3.9298587961080846,0.2439367816091954,14143.385920149494
TTO,Trinidad and Tobago,1991,16.964,17744930735.0,1262174.0,69.389,13.441,0.956,54975.676,0.073,585.653,0.113,99.887,0.0,0.0,0.0,79.772,20.115,0.113,0.025,3.72,3.910356204611018,0.24447679026935104,14059.02097095963
TTO,Trinidad and Tobago,1992,19.098,18033685367.0,1271681.0,73.446,15.018,1.059,57755.402,0.085,604.752,0.128,99.872,0.0,0.0,0.0,72.828,27.044,0.128,0.03,3.976,4.072711623016307,0.2600277755085369,14180.981997057439
TTO,Trinidad and Tobago,1993,17.405,17565341385.0,1280474.0,77.418,13.593,0.991,60460.055,0.077,622.157,0.113,99.887,0.0,0.0,0.0,77.547,22.34,0.113,0.028,3.817,4.40742928378901,0.22481851765739233,13717.843068270031
TTO,Trinidad and Tobago,1994,15.342,17136543834.0,1288353.0,82.043,11.908,0.895,63680.742,0.067,637.499,0.122,99.878,0.0,0.0,0.0,83.808,16.07,0.122,0.032,4.069,4.7876048282980745,0.1869995002620577,13301.12464052942
TTO,Trinidad and Tobago,1995,14.725,18276117548.0,1295167.0,88.972,11.369,0.806,68695.367,0.063,652.224,0.116,99.884,0.0,0.0,0.0,82.964,16.92,0.116,0.033,4.307,4.868211192356684,0.16550150609180417,14111.012362112377
TTO,Trinidad and Tobago,1996,18.449,19382659994.0,1300937.0,100.801,14.181,0.952,77483.578,0.076,670.672,0.053,99.947,0.0,0.0,0.0,82.682,17.265,0.053,0.017,4.541,5.200576186715521,0.1830239779367268,14898.999716358287
TTO,Trinidad and Tobago,1997,18.9,20630081772.0,1305838.0,100.775,14.473,0.916,77172.805,0.078,689.572,0.056,99.944,0.0,0.0,0.0,89.749,10.195,0.056,0.018,4.988,4.884857031287971,0.1875465145125279,15798.34694043212
TTO,Trinidad and Tobago,1998,19.892,22081300091.0,1310226.0,102.291,15.182,0.901,78071.281,0.082,709.465,0.055,99.945,0.0,0.0,0.0,88.419,11.526,0.055,0.018,5.169,4.6324718009557895,0.1944648111759588,16853.046795743634
TTO,Trinidad and Tobago,1999,22.58,23618240997.0,1314711.0,113.689,17.175,0.956,86474.562,0.091,732.045,0.049,99.951,0.0,0.0,0.0,81.607,18.343,0.049,0.018,5.247,4.813609955730438,0.19861200292024733,17964.587652343365
TTO,Trinidad and Tobago,2000,24.35,24996996038.0,1319781.0,119.043,18.45,0.974,90199.227,0.095,756.395,0.054,99.946,0.001,0.0,0.0,85.316,14.63,0.054,0.02,5.46,4.762292229795648,0.20454793645993463,18940.260572019146
TTO,Trinidad and Tobago,2001,26.74,25814786793.0,1325573.0,126.98,20.172,1.036,95792.359,0.104,783.135,0.074,99.926,0.002,0.0,0.0,85.798,14.128,0.074,0.03,5.64,4.918886257640222,0.2105843439911797,19474.436181937923
TTO,Trinidad and Tobago,2002,28.683,27665233734.0,1332017.0,141.287,21.533,1.037,106069.664,0.109,811.817,0.06,99.94,0.003,0.0,0.0,86.172,13.768,0.06,0.03,5.64,5.107023542922798,0.20301230828030886,20769.429920188708
TTO,Trinidad and Tobago,2003,32.37,31435997895.0,1338718.0,154.784,24.18,1.03,115621.211,0.117,844.187,0.028,99.972,0.003,0.0,0.0,87.349,12.624,0.028,0.01,6.44,4.923781981313178,0.2091301426504031,23482.165695090378
TTO,Trinidad and Tobago,2004,32.688,33689560531.0,1345386.0,169.78,24.297,0.97,126194.438,0.114,876.876,0.046,99.954,0.004,0.0,0.0,87.588,12.366,0.046,0.02,6.43,5.039543328081533,0.19253151136765229,25040.81396045447
TTO,Trinidad and Tobago,2005,38.205,35495977662.0,1352040.0,187.231,28.257,1.076,138480.672,0.129,915.081,0.041,99.959,0.004,0.0,0.0,87.461,12.498,0.041,0.02,7.05,5.2747103286702535,0.20405274767533155,26253.644612585427
TTO,Trinidad and Tobago,2006,42.708,39852731106.0,1358706.0,216.946,31.433,1.072,159670.766,0.14,957.788,0.041,99.959,0.004,0.0,0.0,88.853,11.105,0.041,0.03,7.17,5.443692163103417,0.1968600481225743,29331.386706174846
TTO,Trinidad and Tobago,2007,45.564,41413662308.0,1365381.0,221.376,33.371,1.1,162135.047,0.145,1003.352,0.031,99.969,0.004,0.0,0.0,88.741,11.228,0.031,0.02,7.68,5.3454823278750725,0.20582176929748483,30331.213271606972
TTO,Trinidad and Tobago,2008,44.443,42494149374.0,1372090.0,218.087,32.39,1.046,158945.203,0.139,1047.794,0.033,99.967,0.004,0.0,0.0,87.847,12.12,0.033,0.02,7.73,5.132165326585789,0.2037856451783004,30970.38049544855
TTO,Trinidad and Tobago,2009,44.417,40299152132.0,1379056.0,216.492,32.209,1.102,156985.703,0.141,1092.212,0.032,99.968,0.005,0.0,0.0,88.172,11.795,0.032,0.02,7.84,5.3721229491598175,0.20516693457494964,29222.273883004025
TTO,Trinidad and Tobago,2010,47.092,41285434067.0,1386657.0,233.521,33.961,1.141,168405.953,0.141,1139.304,0.005,99.995,0.005,0.0,0.0,88.815,11.18,0.005,0.0,8.48,5.656256383813982,0.20166066435138597,29773.35712220109
TTO,Trinidad and Tobago,2011,47.043,40819362692.0,1394990.0,230.54,33.723,1.152,165262.562,0.136,1186.348,0.005,99.995,0.005,0.0,0.0,88.841,11.154,0.005,0.0,8.76,5.647809882273896,0.20405569532402187,29261.401653058445
TTO,Trinidad and Tobago,2012,46.159,42669299120.0,1403814.0,225.92,32.881,1.082,160933.156,0.132,1232.507,0.007,99.993,0.007,0.0,0.0,89.572,10.421,0.007,0.0,9.12,5.294673328583139,0.20431568696883853,30395.265412654382
TTO,Trinidad and Tobago,2013,45.799,44309506041.0,1412658.0,228.579,32.421,1.034,161807.719,0.13,1278.306,0.007,99.993,0.007,0.0,0.0,89.053,10.94,0.007,0.0,9.5,5.1586898709386135,0.2003639879428994,31366.053242186008
TTO,Trinidad and Tobago,2014,46.866,45781910542.0,1421135.0,228.834,32.978,1.024,161022.281,0.132,1325.172,0.007,99.993,0.007,0.0,0.0,89.629,10.364,0.007,0.0,9.41,4.998349725708134,0.20480348200005244,32215.032732287924
TTO,Trinidad and Tobago,2015,45.534,45435797433.0,1429190.0,221.636,31.86,1.002,155078.094,0.129,1370.706,0.007,99.993,0.007,0.0,0.0,88.455,11.538,0.007,0.01,9.57,4.87800396431528,0.20544496381454277,31791.29257341571
TTO,Trinidad and Tobago,2016,39.867,42362516644.0,1437031.0,195.773,27.743,0.941,136234.078,0.113,1410.573,0.008,99.992,0.008,0.0,0.0,86.552,13.44,0.008,0.01,9.42,4.62137322117118,0.20363890832750176,29479.194703524143
TTO,Trinidad and Tobago,2017,40.297,40368511597.0,1445265.0,207.067,27.882,0.998,143272.672,0.112,1450.87,0.008,99.992,0.008,0.0,0.0,88.616,11.377,0.008,0.01,9.32,5.129418742686274,0.1946085083571984,27931.563828778806
TTO,Trinidad and Tobago,2018,40.307,40016907555.0,1470522.0,194.039,27.41,1.007,131952.172,0.11,1491.177,0.008,99.992,0.008,0.0,0.0,89.543,10.449,0.008,0.01,9.23,4.8489254131721475,0.2077262818299414,27212.722798434843
TTO,Trinidad and Tobago,2019,40.755,40060922958.0,1484898.0,195.203,27.446,1.017,131459.0,0.11,1531.932,0.008,99.992,0.008,0.0,0.0,89.514,10.478,0.008,0.01,9.2,4.8726535882523585,0.20878265190596457,26978.905593515516
TTO,Trinidad and Tobago,2020,35.043,36985045051.0,1481026.0,169.343,23.661,0.947,114341.891,0.1,1566.975,0.009,99.991,0.009,0.0,0.0,89.674,10.317,0.009,0.01,9.23,4.578688487914152,0.20693503717307477,24972.583230139106
TTO,Trinidad and Tobago,2021,36.389,36605213818.0,1487715.0,173.124,24.46,0.994,116369.273,0.099,1603.364,0.009,99.991,0.009,0.0,0.0,90.142,9.849,0.009,0.01,9.27,4.7294901994226075,0.2101903837711698,24604.99075293319
TTO,Trinidad and Tobago,2022,37.493,37513383973.0,1495923.0,173.056,25.063,0.999,115685.422,0.1,1640.857,0.009,99.991,0.009,0.0,0.0,89.394,10.598,0.009,0.01,9.5,4.613180195221947,0.21665241309171598,25077.082157972036
TUN,Tunisia,1990,14.622,43649701957.0,8324509.0,58.671,1.757,0.335,7048.021,0.064,234.322,,,,,,,,,,,1.3441328891042077,0.24922022805133712,5243.51669954348
TUN,Tunisia,1991,16.755,45587109207.0,8501826.0,48.366,1.971,0.368,5688.935,0.072,251.077,,,,,,,,,,,1.0609578199043448,0.3464210395732539,5362.037426665754
TUN,Tunisia,1992,15.843,49384845105.0,8682509.0,55.945,1.825,0.321,6443.433,0.07,266.921,,,,,,,,,,,1.1328374095545317,0.2831888461882206,5687.854179592558
TUN,Tunisia,1993,17.18,50757975923.0,8857916.0,63.882,1.939,0.338,7211.838,0.076,284.1,,,,,,,,,,,1.2585608239562032,0.26893334585642276,5730.239022700148
TUN,Tunisia,1994,16.761,52754322601.0,9018447.0,69.249,1.858,0.318,7678.588,0.073,300.861,,,,,,,,,,,1.3126696844115544,0.2420395962396569,5849.601666561882
TUN,Tunisia,1995,16.623,54252486853.0,9161263.0,62.528,1.815,0.306,6825.274,0.071,317.484,,,,,,,,,,,1.1525370287526717,0.26584889969293757,5921.9440434141015
TUN,Tunisia,1996,17.211,58083472037.0,9294433.0,67.129,1.852,0.296,7222.493,0.071,334.695,,,,,,,,,,,1.155733251573492,0.2563869564569709,6249.275457362488
TUN,Tunisia,1997,17.81,61515605479.0,9421273.0,78.012,1.89,0.29,8280.438,0.073,352.505,,,,,,,,,,,1.268166010763423,0.22829821053171306,6529.436677930891
TUN,Tunisia,1998,18.292,64700491559.0,9541669.0,83.865,1.917,0.283,8789.375,0.075,370.797,,,,,,,,,,,1.2962034441967725,0.21811244261610924,6780.8358851056355
TUN,Tunisia,1999,18.709,68718201843.0,9655966.0,84.457,1.938,0.272,8746.636,0.075,389.506,,,,,,,,,,,1.2290339056449457,0.22152101069183133,7116.657395334656
TUN,Tunisia,2000,19.436,71818861344.0,9764940.0,88.907,1.99,0.271,9104.677,0.076,408.942,,,,,,,,,0.08,10.59,1.237933856597235,0.21861045811915822,7354.7672944227
TUN,Tunisia,2001,20.261,75444595962.0,9869679.0,98.733,2.053,0.269,10003.666,0.079,429.203,,,,,,,,,0.07,11.38,1.308682202363837,0.2052100108373087,7644.077984907108
TUN,Tunisia,2002,20.38,76877531228.0,9971521.0,97.688,2.044,0.265,9796.658,0.078,449.583,,,,,,,,,0.09,11.84,1.270696371743276,0.20862337236917533,7709.709604783463
TUN,Tunisia,2003,21.042,81240064067.0,10071638.0,96.087,2.089,0.259,9540.336,0.076,470.624,,,,,,,,,0.19,11.28,1.182753867854603,0.21898904118142934,8066.221608342158
TUN,Tunisia,2004,22.144,86232298416.0,10166170.0,97.984,2.178,0.257,9638.208,0.077,492.768,,,,,,,,,0.19,11.93,1.1362795820112286,0.22599608099281515,8482.27979819342
TUN,Tunisia,2005,22.516,89804282207.0,10255474.0,106.398,2.196,0.251,10374.793,0.076,515.284,,,,,,,,,0.18,12.66,1.18477646483217,0.2116205191826914,8756.716872082168
TUN,Tunisia,2006,22.915,95016289901.0,10346408.0,100.438,2.215,0.241,9707.503,0.075,538.199,,,,,,,,,0.13,13.07,1.057060848246643,0.22815069993428783,9183.505029088356
TUN,Tunisia,2007,24.725,101101822575.0,10441705.0,89.541,2.368,0.245,8575.337,0.078,562.924,,,,,,,,,0.09,13.74,0.8856516897465041,0.2761304877095409,9682.501332397344
TUN,Tunisia,2008,25.453,105766317552.0,10542637.0,103.632,2.414,0.241,9829.796,0.079,588.378,,,,,,,,,0.07,14.37,0.979820441881692,0.2456094642581442,10032.245021051185
TUN,Tunisia,2009,25.353,109299724050.0,10650682.0,86.219,2.38,0.232,8095.156,0.08,613.731,,,,,,,,,0.18,15.26,0.7888309028169043,0.29405351488650994,10262.227719314125
TUN,Tunisia,2010,27.9,112484995734.0,10765984.0,88.449,2.591,0.248,8215.607,0.084,641.631,,,,,,,,,0.19,15.89,0.7863182055779301,0.3154360139741546,10448.185296764328
TUN,Tunisia,2011,26.429,110760053250.0,10886041.0,84.412,2.428,0.239,7754.171,0.077,668.06,,,,,,,,,0.16,16.3,0.762115921066515,0.31309529450788987,10174.502672734743
TUN,Tunisia,2012,28.194,115430801370.0,11009649.0,92.537,2.561,0.244,8405.116,0.081,696.254,,,,,,,,,0.31,17.84,0.8016664434597782,0.3046781287485006,10484.512391811946
TUN,Tunisia,2013,28.773,118235775346.0,11141365.0,97.825,2.583,0.243,8780.315,0.082,725.027,,,,,,,,,0.43,18.14,0.8273722544105555,0.29412726808075645,10612.324014696584
TUN,Tunisia,2014,29.875,121889250523.0,11274295.0,107.594,2.65,0.245,9543.288,0.084,754.902,,,,,,,,,0.59,18.97,0.8827193500520988,0.27766418201758464,10811.252545990681
TUN,Tunisia,2015,31.381,123069138453.0,11402270.0,111.216,2.752,0.255,9753.874,0.089,786.282,,,,,,,,,0.58,19.48,0.9036871582754542,0.282162638469285,10793.389250824617
TUN,Tunisia,2016,30.971,124443824545.0,11528676.0,110.945,2.686,0.249,9623.396,0.088,817.254,,,,,,,,,0.63,19.63,0.8915267624218773,0.27915633872639595,10794.285878534534
TUN,Tunisia,2017,31.677,127228891219.0,11650504.0,117.565,2.719,0.249,10090.97,0.088,848.931,,,,,,,,,0.6,20.58,0.9240432646515367,0.2694424360991792,10920.46242969403
TUN,Tunisia,2018,31.122,130568635947.0,11765515.0,119.918,2.645,0.238,10192.369,0.085,880.053,,,,,,,,,0.55,20.92,0.9184288334656168,0.2595273436848513,11097.57082006185
TUN,Tunisia,2019,30.579,132642060864.0,11875084.0,121.775,2.575,0.231,10254.706,0.082,910.631,,,,,,,,,0.69,22.02,0.9180722857198202,0.25111065489632517,11169.778745480875
TUN,Tunisia,2020,28.845,120945694784.0,11974058.0,112.655,2.409,0.238,9408.244,0.082,939.476,,,,,,,,,0.67,21.38,0.9314510963056059,0.25604722382495226,10100.643807137063
TUN,Tunisia,2021,31.527,126273349199.0,12048625.0,123.118,2.617,0.25,10218.422,0.086,971.003,,,,,,,,,0.68,21.9,0.9750117564868946,0.25607141116652316,10480.312002323917
TUN,Tunisia,2022,30.785,129457959410.0,12119338.0,123.45,2.54,0.238,10186.194,0.082,1001.788,,,,,,,,,0.65,21.41,0.9535914250666312,0.24937221547185096,10681.93323843266
TUR,Turkey,1990,154.572,486761175773.0,56015627.0,561.306,2.759,0.318,10020.523,0.68,2410.523,11.585,88.415,0.0,0.0,33.476,5.796,49.143,11.585,23.23,57.54,1.1531445561750469,0.27537920492565554,8689.738950400395
TUR,Turkey,1991,161.126,498030901697.0,57009892.0,573.129,2.826,0.324,10053.146,0.694,2571.648,11.138,88.862,0.0,0.0,35.014,6.952,46.896,11.138,22.8,60.24,1.1507900374195845,0.2811339157502063,8735.868184016206
TUR,Turkey,1992,167.234,535075772045.0,57990121.0,602.786,2.884,0.313,10394.637,0.743,2738.883,12.401,87.599,0.0,0.0,33.198,7.238,47.163,12.401,26.69,67.35,1.1265432514281464,0.27743510964090073,9227.01596095997
TUR,Turkey,1993,174.291,586262069548.0,58999164.0,655.228,2.954,0.297,11105.725,0.766,2913.174,14.592,85.408,0.0,0.0,28.299,7.304,49.805,14.592,34.09,73.81,1.1176366919066958,0.2660005372175792,9936.786045781937
TUR,Turkey,1994,170.592,562010879560.0,60033832.0,634.501,2.842,0.304,10569.057,0.743,3083.766,13.571,86.429,0.0,0.0,29.291,7.993,49.145,13.571,30.72,78.33,1.1289834824848102,0.2688600963591862,9361.569315781808
TUR,Turkey,1995,184.675,610881311777.0,61024501.0,710.107,3.026,0.302,11636.42,0.785,3268.441,14.165,85.835,0.0,0.0,27.33,9.242,49.262,14.165,35.85,86.24,1.1624303875565636,0.26006644069133245,10010.426988612327
TUR,Turkey,1996,203.098,662700429389.0,61951134.0,774.638,3.278,0.306,12504.012,0.838,3471.539,14.756,85.244,0.0,0.0,28.193,9.865,47.186,14.756,40.73,94.85,1.1689112691751307,0.2621844009718088,10697.147680767232
TUR,Turkey,1997,215.512,722433616413.0,62852968.0,810.281,3.429,0.298,12891.698,0.884,3687.05,13.917,86.083,0.0,0.0,30.093,11.589,44.4,13.917,40.19,103.3,1.1215992467559532,0.2659719282569874,11494.02549157265
TUR,Turkey,1998,215.586,754598720693.0,63734385.0,830.685,3.383,0.286,13033.552,0.887,3902.636,14.377,85.623,0.0,0.002,30.465,11.948,43.211,14.377,42.56,111.02,1.1008301196656214,0.25952797992018634,11839.742718047723
TUR,Turkey,1999,211.238,725083487631.0,64591916.0,808.918,3.27,0.291,12523.523,0.85,4113.874,12.09,87.91,0.0,0.007,29.026,14.77,44.114,12.09,34.91,116.44,1.1156204958451128,0.261136481077192,11225.607359766198
TUR,Turkey,2000,232.934,785054993224.0,65425957.0,863.54,3.56,0.297,13198.735,0.913,4346.808,10.096,89.904,0.0,0.011,30.445,16.255,43.204,10.096,31.16,124.38,1.0999738966740205,0.26974315028834794,11999.136569358856
TUR,Turkey,2001,216.872,732284634333.0,66245125.0,784.469,3.274,0.296,11841.918,0.844,4563.681,8.632,91.368,0.0,0.022,27.505,19.668,44.196,8.632,24.34,122.24,1.0712624070209147,0.27645706841188117,11054.166390855176
TUR,Turkey,2002,224.32,796073298321.0,67048792.0,859.186,3.346,0.282,12814.346,0.854,4788.0,10.918,89.082,0.0,0.015,26.272,19.503,43.307,10.918,33.96,128.46,1.0792800133004223,0.2610843286552621,11873.04460788794
TUR,Turkey,2003,239.849,848549642280.0,67831735.0,909.418,3.536,0.283,13406.965,0.867,5027.849,10.734,89.266,0.0,0.019,26.802,22.196,40.267,10.734,35.56,139.54,1.0717322295445797,0.2637390067053874,12509.62609580899
TUR,Turkey,2004,247.843,931152861082.0,68592621.0,973.841,3.613,0.266,14197.467,0.866,5275.692,13.0,87.0,0.0,0.016,26.591,21.915,38.494,13.0,46.31,149.75,1.0458443943010565,0.2545004780041095,13575.117082666953
TUR,Turkey,2005,267.711,1017383777200.0,69329557.0,996.115,3.861,0.263,14367.83,0.904,5543.402,10.807,89.193,0.0,0.016,26.05,26.004,37.139,10.807,39.74,161.63,0.979094636973144,0.2687551136163997,14674.60375089372
TUR,Turkey,2006,285.429,1096826103018.0,70045351.0,1105.051,4.075,0.26,15776.228,0.933,5828.832,10.874,89.126,0.0,0.032,27.731,26.604,34.792,10.874,44.52,176.25,1.0074988158645828,0.25829486602880775,15658.799440065623
TUR,Turkey,2007,316.497,1158406990670.0,70750593.0,1173.72,4.473,0.273,16589.539,1.005,6145.33,8.326,91.674,0.0,0.08,29.346,29.024,33.305,8.326,36.46,191.52,1.0132190235843994,0.26965289847663837,16373.106451136035
TUR,Turkey,2008,312.628,1179868355277.0,71562343.0,1176.681,4.369,0.265,16442.74,0.975,6457.958,7.784,92.216,0.0,0.191,29.397,30.147,32.673,7.784,34.42,198.37,0.997298550077435,0.2656862820084628,16487.279563736476
TUR,Turkey,2009,318.568,1122756788420.0,72464846.0,1192.739,4.396,0.284,16459.547,1.011,6776.526,8.472,91.528,0.0,0.331,30.283,28.419,32.827,8.472,38.15,194.81,1.0623306955716407,0.2670894470626013,15493.813212823223
TUR,Turkey,2010,318.71,1240496805446.0,73346766.0,1253.167,4.345,0.257,17085.506,0.957,7095.236,11.71,88.29,0.001,0.61,29.389,28.793,30.107,11.71,55.72,211.18,1.0102138066767892,0.25432364561147874,16912.767571047374
TUR,Turkey,2011,344.215,1364782716000.0,74215203.0,1337.026,4.638,0.252,18015.533,0.998,7439.451,11.392,88.608,0.001,0.922,29.675,31.512,27.421,11.392,58.09,229.39,0.9796621720991959,0.25744824707971276,18389.53018830926
TUR,Turkey,2012,358.645,1430132002360.0,75197196.0,1421.041,4.769,0.251,18897.527,1.026,7798.095,12.031,87.969,0.001,1.071,30.082,30.702,27.185,12.031,65.21,239.49,0.9936432424804158,0.252381880607245,19018.421941690485
TUR,Turkey,2013,350.634,1551491738617.0,76403032.0,1412.188,4.589,0.226,18483.398,0.994,8148.729,13.033,86.967,0.001,1.379,26.191,31.369,29.406,13.033,69.22,240.15,0.9102130323032365,0.2482913039906868,20306.677601708267
TUR,Turkey,2014,367.272,1628131977724.0,78036154.0,1454.355,4.706,0.226,18636.939,1.036,8516.001,9.501,90.499,0.003,1.498,29.027,32.227,29.245,9.501,52.62,251.95,0.8932660373350528,0.2525325659828584,20863.816247581857
TUR,Turkey,2015,387.704,1727192876718.0,80014222.0,1589.021,4.845,0.224,19859.234,1.095,8903.704,13.673,86.327,0.031,1.869,25.603,29.124,31.6,13.673,83.65,261.77,0.9200020573379429,0.24398922355337027,21586.07349475947
TUR,Turkey,2016,405.552,1784590365590.0,81652087.0,1669.239,4.967,0.227,20443.309,1.146,9309.257,13.986,86.014,0.158,2.351,26.975,26.842,32.197,13.986,90.24,274.4,0.9353625527660719,0.24295622136794073,21856.028806587638
TUR,Turkey,2017,430.622,1918472081554.0,83083667.0,1787.342,5.183,0.224,21512.551,1.197,9739.878,12.632,87.368,0.406,2.517,25.811,29.004,32.553,12.632,87.24,297.29,0.9316486891757205,0.24092870866347907,23090.845058078623
TUR,Turkey,2018,423.818,1975637604336.0,84415966.0,1787.873,5.021,0.215,21179.322,1.154,10163.696,14.13,85.87,1.091,2.791,26.725,26.562,32.583,14.13,96.82,300.15,0.9049599967504635,0.23705151316676296,23403.601213732483
TUR,Turkey,2019,406.568,1991116616493.0,85357670.0,1849.129,4.763,0.204,21663.299,1.096,10570.265,18.384,81.616,1.248,2.931,26.569,23.629,31.419,18.384,131.47,300.18,0.9286894522817624,0.21987000366118317,23326.74517114865
TUR,Turkey,2020,416.328,2029749392174.0,86091691.0,1821.829,4.836,0.205,21161.5,1.184,10986.592,18.103,81.897,1.494,3.388,26.102,25.538,30.258,18.103,127.33,302.0,0.8975635154883318,0.22852199630151898,23576.60035013135
TUR,Turkey,2021,457.377,2260196231771.0,86686254.0,1950.923,5.276,0.202,22505.564,1.241,11443.97,15.696,84.304,1.769,3.988,24.842,29.506,29.956,15.696,116.07,327.88,0.8631653183809329,0.23444133879194617,26073.294524539037
TUR,Turkey,2022,443.603,2385996374127.0,87058469.0,1969.05,5.095,0.186,22617.557,1.182,11887.572,18.036,81.964,2.12,4.386,24.964,26.021,30.979,18.036,134.35,320.56,0.8252527209813744,0.22528782915619208,27406.826716961907
TKM,Turkmenistan,1990,33.361,21201768000.0,3760561.0,161.008,8.871,1.574,42814.887,0.147,931.644,0.005,99.995,0.0,0.0,2.658,57.628,39.708,0.005,0.003,14.61,7.594083663211483,0.20720088442810292,5637.926894418147
TKM,Turkmenistan,1991,30.439,20437989542.0,3855902.0,146.229,7.894,1.489,37923.375,0.131,962.083,0.006,99.994,0.0,0.0,2.561,62.184,35.249,0.006,0.003,14.953,7.15476440084774,0.2081598041428171,5300.443201616638
TKM,Turkmenistan,1992,31.994,17569987922.0,3944689.0,138.043,8.111,1.821,34994.605,0.142,994.078,0.008,99.992,0.0,0.0,1.163,63.959,34.87,0.008,0.004,13.183,7.856749851669021,0.23176836203212042,4454.0869817620605
TKM,Turkmenistan,1993,27.516,18037537140.0,4032415.0,127.299,6.824,1.526,31568.975,0.121,1021.594,0.011,99.989,0.0,0.0,0.0,69.357,30.632,0.011,0.005,12.637,7.0574490858678285,0.21615252280065045,4473.135116301273
TKM,Turkmenistan,1994,34.216,15091315379.0,4116662.0,135.595,8.312,2.267,32938.043,0.149,1055.81,0.008,99.992,0.0,0.0,0.043,70.97,28.979,0.008,0.004,10.52,8.984968943706813,0.25233968804159446,3665.9107254858427
TKM,Turkmenistan,1995,34.569,14166397093.0,4191207.0,104.27,8.248,2.44,24878.238,0.147,1090.379,0.011,99.989,0.0,0.0,0.056,72.813,27.121,0.011,0.004,9.905,7.360375352708603,0.33153351874940057,3380.028018897659
TKM,Turkmenistan,1996,31.654,13366623522.0,4263818.0,158.043,7.424,2.368,37066.004,0.131,1122.034,0.009,99.991,0.0,0.0,0.339,75.518,24.135,0.009,0.005,10.13,11.823703999733254,0.20028726359281968,3134.895420489336
TKM,Turkmenistan,1997,31.196,11995995999.0,4336732.0,123.142,7.193,2.601,28395.035,0.128,1153.23,0.011,99.989,0.0,0.0,0.0,68.236,31.753,0.011,0.005,9.498,10.265258508777867,0.25333354988549805,2766.13726626409
TKM,Turkmenistan,1998,33.446,12945785203.0,4410511.0,140.64,7.583,2.584,31887.438,0.138,1186.675,0.012,99.988,0.0,0.0,0.0,73.434,26.554,0.012,0.006,9.416,10.86376745748946,0.23781285551763365,2935.2120883498533
TKM,Turkmenistan,1999,39.797,15251899688.0,4492174.0,123.281,8.859,2.609,27443.494,0.16,1226.472,0.011,99.989,0.0,0.0,0.0,74.873,25.116,0.011,0.005,8.86,8.082993103934188,0.32281535678652834,3395.2156991247443
TKM,Turkmenistan,2000,39.361,18299208667.0,4582675.0,130.278,8.589,2.151,28428.357,0.154,1265.833,0.007,99.993,0.0,0.0,0.0,54.967,45.026,0.007,0.0,9.85,7.119324248973546,0.3021308279218287,3993.1281766653756
TKM,Turkmenistan,2001,34.034,22282743473.0,4675416.0,151.922,7.279,1.527,32493.838,0.132,1299.868,0.006,99.994,0.0,0.0,0.0,69.247,30.747,0.006,0.0,10.61,6.817921688327287,0.22402285383288792,4765.938148177616
TKM,Turkmenistan,2002,30.131,26092440396.0,4769473.0,130.345,6.317,1.155,27329.037,0.115,1329.998,0.007,99.993,0.0,0.0,0.0,57.524,42.47,0.007,0.0,10.7,4.995508201677526,0.23116345084199624,5470.71770738612
TKM,Turkmenistan,2003,40.568,30907677346.0,4863871.0,167.964,8.341,1.313,34533.0,0.147,1370.566,0.005,99.995,0.0,0.0,0.0,69.166,30.829,0.005,0.0,10.8,5.434377941755546,0.24152794646471862,6354.542985617834
TKM,Turkmenistan,2004,49.355,35857575608.0,4958091.0,187.145,9.954,1.376,37745.398,0.173,1419.921,0.005,99.995,0.0,0.0,0.0,61.203,38.793,0.005,0.0,11.92,5.219120278679606,0.2637259878703679,7232.1334174786225
TKM,Turkmenistan,2005,47.929,41000508021.0,5052260.0,175.243,9.487,1.169,34686.0,0.162,1467.85,0.005,99.995,0.0,0.0,0.0,66.458,33.537,0.005,0.0,12.82,4.274166552039855,0.2735002254012999,8115.280690423691
TKM,Turkmenistan,2006,49.5,46019998793.0,5147103.0,180.042,9.617,1.076,34979.223,0.162,1517.349,0.005,99.995,0.0,0.0,0.0,66.611,33.384,0.005,0.0,13.65,3.9122556436786735,0.27493584830206286,8940.951598015426
TKM,Turkmenistan,2007,49.183,51693703669.0,5244047.0,165.961,9.379,0.951,31647.539,0.156,1566.532,0.005,99.995,0.0,0.0,0.0,67.275,32.72,0.005,0.0,14.88,3.2104683592157572,0.296352757575575,9857.597323021704
TKM,Turkmenistan,2008,59.438,60001295021.0,5345033.0,154.912,11.12,0.991,28982.496,0.185,1625.971,0.005,99.995,0.0,0.0,0.0,50.948,49.046,0.005,0.0,15.04,2.581810941676875,0.3836888039661227,11225.617320042738
TKM,Turkmenistan,2009,52.462,64409212896.0,5451597.0,226.639,9.623,0.815,41572.953,0.166,1678.433,0.004,99.996,0.0,0.0,0.0,75.509,24.487,0.004,0.0,15.98,3.5187357492778015,0.23147825396335142,11814.742156472681
TKM,Turkmenistan,2010,59.184,71115148352.0,5564356.0,246.765,10.636,0.832,44347.527,0.178,1737.617,0.003,99.997,0.0,0.0,0.0,74.046,25.951,0.003,0.0,16.66,3.469935811405224,0.23983952343322595,12780.481398386444
TKM,Turkmenistan,2011,65.155,82520290491.0,5683413.0,266.977,11.464,0.79,46974.797,0.189,1802.772,0.004,99.996,0.0,0.0,0.0,77.667,22.33,0.004,0.0,17.22,3.2352891441786378,0.2440472400244216,14519.495678213074
TKM,Turkmenistan,2012,66.939,87581261691.0,5808548.0,315.572,11.524,0.764,54328.891,0.192,1869.711,0.003,99.997,0.001,0.0,0.0,72.689,27.308,0.003,0.0,17.75,3.6031908413626876,0.2121195796838756,15077.995686873897
TKM,Turkmenistan,2013,64.34,87286119372.0,5939348.0,267.651,10.833,0.737,45064.047,0.182,1934.051,0.005,99.995,0.002,0.0,0.0,72.226,27.77,0.005,0.0,18.87,3.066363837981073,0.24038766901674194,14696.246014208968
TKM,Turkmenistan,2014,62.799,90639646545.0,6075286.0,283.703,10.337,0.693,46697.828,0.177,1996.85,0.006,99.994,0.003,0.0,0.0,70.366,29.628,0.006,0.0,20.4,3.1300099990918384,0.22135472659788583,14919.404048632443
TKM,Turkmenistan,2015,63.092,93346148579.0,6215773.0,322.248,10.15,0.676,51843.594,0.178,2059.942,0.007,99.993,0.004,0.0,0.0,78.779,21.214,0.007,0.0,22.53,3.45218313669661,0.19578709565303742,15017.625093290892
TKM,Turkmenistan,2016,62.091,92434154525.0,6360041.0,348.665,9.763,0.672,54821.168,0.175,2122.032,0.007,99.993,0.005,0.0,0.0,72.032,27.96,0.007,0.0,22.53,3.7720364489913636,0.17808211320321798,14533.578403818467
TKM,Turkmenistan,2017,62.957,96785037864.0,6507065.0,323.575,9.675,0.65,49726.68,0.175,2184.989,0.008,99.992,0.005,0.0,0.0,76.517,23.475,0.008,0.0,23.89,3.3432336974923724,0.19456694738468672,14873.839106263731
TKM,Turkmenistan,2018,61.302,97638670425.0,6655523.0,365.408,9.211,0.628,54902.934,0.167,2246.291,0.007,99.993,0.005,0.0,0.0,77.701,22.292,0.007,0.0,25.36,3.7424516168589563,0.16776315789473684,14670.322741728936
TKM,Turkmenistan,2019,62.254,94329707021.0,6803943.0,350.677,9.15,0.66,51540.266,0.168,2308.545,0.007,99.993,0.005,0.0,0.0,79.124,20.868,0.007,0.0,22.5,3.7175669370194386,0.17752518699544026,13863.976670733426
TKM,Turkmenistan,2020,62.905,91559235694.0,6949915.0,444.261,9.051,0.687,63923.27,0.179,2371.45,0.006,99.994,0.004,0.0,0.0,77.102,22.893,0.006,0.0,25.76,4.852170254945816,0.14159469320962229,13174.151870058842
TKM,Turkmenistan,2021,91.694,95789282239.0,7092042.0,444.797,12.929,0.957,62717.742,0.249,2463.144,0.006,99.994,0.004,0.0,0.0,80.454,19.54,0.006,0.01,28.4,4.643494445341023,0.2061479731203223,13506.586994126656
TKM,Turkmenistan,2022,102.063,97502944727.0,7230197.0,471.771,14.116,1.047,65250.055,0.272,2565.207,0.005,99.995,0.004,0.0,0.0,79.565,20.429,0.005,0.01,32.6,4.838530788182028,0.21634013112293887,13485.517023533384
UGA,Uganda,1990,0.761,16268766281.0,17569895.0,4.151,0.043,0.047,236.261,0.003,27.16,,,,,,,,,,,0.2551514926394805,0.1833293182365695,925.9455609154181
UGA,Uganda,1991,0.783,16538921393.0,18155901.0,4.46,0.043,0.047,245.675,0.003,27.944,,,,,,,,,,,0.2696669204732824,0.17556053811659192,910.9391703006091
UGA,Uganda,1992,0.801,17483615008.0,18785037.0,4.86,0.043,0.046,258.714,0.004,28.745,,,,,,,,,,,0.27797454918655,0.1648148148148148,930.7202859382178
UGA,Uganda,1993,0.797,18599694641.0,19445161.0,4.956,0.041,0.043,254.845,0.004,29.543,,,,,,,,,,,0.2664559873512818,0.16081517352703795,956.5204752483149
UGA,Uganda,1994,0.712,19993293080.0,20108804.0,5.111,0.035,0.036,254.185,0.003,30.254,,,,,,,,,,,0.25563572641831145,0.1393073762473097,994.2557041184548
UGA,Uganda,1995,0.925,21811147459.0,20665673.0,5.094,0.045,0.042,246.474,0.004,31.18,,,,,,,,,,,0.2335502985148105,0.18158617981939537,1055.428848554799
UGA,Uganda,1996,1.018,23216439568.0,21231553.0,5.239,0.048,0.044,246.775,0.004,32.198,,,,,,,,,,,0.2256590630382916,0.19431189158236303,1093.48758275007
UGA,Uganda,1997,1.062,24283122652.0,21856044.0,5.484,0.049,0.044,250.906,0.004,33.26,,,,,,,,,,,0.22583586462873334,0.1936542669584245,1111.048397047517
UGA,Uganda,1998,1.209,25735377689.0,22515809.0,6.018,0.054,0.047,267.26,0.005,34.469,,,,,,,,,,,0.23384152635040817,0.2008973080757727,1142.991472746993
UGA,Uganda,1999,1.255,27748054330.0,23257279.0,6.021,0.054,0.045,258.869,0.005,35.723,,,,,,,,,,,0.2169881869335377,0.20843713668825775,1193.091175025247
UGA,Uganda,2000,1.361,28839086120.0,24000158.0,7.266,0.057,0.047,302.736,0.005,37.084,,,,,,,,,1.58,1.59,0.25194973133912885,0.18731076245527112,1201.6206776638721
UGA,Uganda,2001,1.417,31387264047.0,24745678.0,7.419,0.057,0.045,299.816,0.006,38.501,,,,,,,,,1.58,1.59,0.2363697577747019,0.19099609111740126,1268.3937795925415
UGA,Uganda,2002,1.443,33626854165.0,25532872.0,7.515,0.056,0.043,294.333,0.005,39.944,,,,,,,,,1.71,1.72,0.2234821004404829,0.19201596806387225,1317.0024180985201
UGA,Uganda,2003,1.513,35593796200.0,26352124.0,7.963,0.057,0.043,302.178,0.005,41.457,,,,,,,,,1.79,1.8,0.22371876141719327,0.19000376742433756,1350.699328828295
UGA,Uganda,2004,1.607,37411396915.0,27154513.0,8.501,0.059,0.043,313.067,0.006,43.064,,,,,,,,,1.94,1.94,0.22723022129632228,0.1890365839313022,1377.7229926752875
UGA,Uganda,2005,2.018,40921116463.0,27963287.0,10.233,0.072,0.049,365.944,0.007,45.082,,,,,,,,,1.89,1.96,0.25006649095834077,0.19720512068797028,1463.3872070547357
UGA,Uganda,2006,2.387,43572248099.0,28794005.0,11.171,0.083,0.055,387.977,0.008,47.469,,,,,,,,,1.22,1.6,0.25637878437253225,0.21367827410258705,1513.2402768909708
UGA,Uganda,2007,2.706,46853864818.0,29653437.0,13.494,0.091,0.058,455.05,0.009,50.176,,,,,,,,,1.46,2.0,0.2880018553947756,0.200533570475767,1580.0483707166895
UGA,Uganda,2008,2.78,51468911832.0,30539547.0,13.793,0.091,0.054,451.652,0.009,52.955,,,,,,,,,1.73,2.33,0.26798701408379916,0.20155151163633728,1685.3200812703608
UGA,Uganda,2009,2.996,55303695281.0,31451147.0,14.642,0.095,0.054,465.552,0.01,55.951,,,,,,,,,1.54,2.42,0.2647562685568024,0.20461685562081683,1758.3999490066292
UGA,Uganda,2010,3.57,59228535712.0,32390801.0,16.681,0.11,0.06,514.99,0.011,59.521,,,,,,,,,1.63,2.74,0.2816378929425457,0.21401594628619386,1828.5603900934714
UGA,Uganda,2011,3.828,62855840742.0,33354541.0,17.554,0.115,0.061,526.3,0.011,63.349,,,,,,,,,1.63,2.66,0.27927396710916147,0.21806995556568304,1884.4762619278736
UGA,Uganda,2012,3.627,64322268140.0,34337436.0,17.944,0.106,0.056,522.577,0.01,66.976,,,,,,,,,2.61,2.9,0.2789702620707367,0.20212884529647793,1873.240277462767
UGA,Uganda,2013,3.755,66855286085.0,35337050.0,19.117,0.106,0.056,540.982,0.011,70.73,,,,,,,,,3.07,3.07,0.2859459755462656,0.1964220327457237,1891.9317284549786
UGA,Uganda,2014,4.09,70696115682.0,36395542.0,22.487,0.112,0.058,617.843,0.012,74.82,,,,,,,,,3.14,3.23,0.3180797103641358,0.18188286565571218,1942.4388756732899
UGA,Uganda,2015,4.529,76356053069.0,37531444.0,22.983,0.121,0.059,612.356,0.013,79.348,,,,,,,,,3.47,3.55,0.30099774773888793,0.19705869555758604,2034.4555106646044
UGA,Uganda,2016,4.817,76477462940.0,38799153.0,23.945,0.124,0.063,617.14,0.014,84.166,,,,,,,,,3.7,3.77,0.31309877550182236,0.2011693464188766,1971.111661638593
UGA,Uganda,2017,5.406,81700865546.0,40177384.0,25.916,0.135,0.066,645.049,0.015,89.572,,,,,,,,,3.71,3.78,0.31720594178293654,0.20859700571075784,2033.5038624217048
UGA,Uganda,2018,5.549,86196050499.0,41565839.0,27.908,0.133,0.064,671.422,0.015,95.121,,,,,,,,,3.99,4.3,0.32377353531208225,0.19883187616454062,2073.7233404334747
UGA,Uganda,2019,5.761,92903828922.0,42999636.0,28.523,0.134,0.062,663.337,0.016,100.882,,,,,,,,,4.44,4.58,0.3070164096675421,0.2019773516109806,2160.572450473767
UGA,Uganda,2020,5.571,91695146192.0,44457148.0,27.292,0.125,0.061,613.902,0.016,106.453,,,,,,,,,4.48,4.6,0.29763843707553966,0.20412575113586398,2062.551250296128
UGA,Uganda,2021,6.232,97200521048.0,45910931.0,30.122,0.136,0.064,656.094,0.017,112.686,,,,,,,,,5.14,5.27,0.30989545812336766,0.2068919726445787,2117.154214276334
UGA,Uganda,2022,6.128,101995416951.0,47312718.0,31.378,0.13,0.06,663.202,0.016,118.814,,,,,,,,,5.6,5.75,0.30764127387286844,0.19529606730830518,2155.771666954327
UKR,Ukraine,1990,706.526,495935180914.0,52054096.0,3194.698,13.573,1.425,61372.645,3.108,20842.932,0.916,92.447,0.0,0.0,30.297,37.941,24.209,7.553,10.51,300.72,6.441765220431079,0.22115580252030081,9527.303690260993
UKR,Ukraine,1991,633.194,460353469353.0,52170967.0,2994.568,12.137,1.375,57399.133,2.729,21476.127,1.089,91.927,0.0,0.0,28.695,38.47,24.762,8.073,11.71,280.0,6.504931969359742,0.21144752765674382,8823.9397470436
UKR,Ukraine,1992,589.505,421710473536.0,52323675.0,2530.553,11.267,1.398,48363.441,2.618,22065.631,0.867,91.019,0.0,0.0,33.428,38.814,18.776,8.981,7.88,253.94,6.000688052116816,0.23295501022898948,8059.649356357328
UKR,Ukraine,1993,510.495,367893677382.0,52350122.0,2218.278,9.752,1.388,42373.891,2.244,22576.129,1.386,89.164,0.0,0.0,33.986,39.755,15.423,10.836,11.04,231.36,6.029671441449279,0.23013120988442387,7027.561031892151
UKR,Ukraine,1994,419.63,288418666392.0,52076000.0,1895.852,8.058,1.455,36405.477,1.826,22995.758,1.781,88.098,0.0,0.0,31.75,40.742,15.606,11.902,12.12,204.18,6.573263872676259,0.22134111734460285,5538.418204009525
UKR,Ukraine,1995,390.173,257477945796.0,51665535.0,1849.755,7.552,1.515,35802.496,1.659,23385.932,1.5,87.876,0.0,0.0,32.169,39.12,16.586,12.124,9.95,195.46,7.184129865109155,0.2109322585964087,4983.553268073194
UKR,Ukraine,1996,351.834,235602711740.0,51226111.0,1724.072,6.868,1.493,33656.121,1.452,23737.766,1.396,85.736,0.0,0.0,25.982,48.704,11.05,14.264,8.63,184.22,7.317708642940427,0.2040715236950661,4599.269925839188
UKR,Ukraine,1997,340.586,232333254592.0,50786881.0,1662.889,6.706,1.466,32742.49,1.397,24078.35,1.653,85.026,0.0,0.0,26.288,45.481,13.257,14.974,9.86,179.14,7.157343889148354,0.20481583557290955,4574.670663315591
UKR,Ukraine,1998,328.878,231737294856.0,50379728.0,1604.654,6.528,1.419,31851.186,1.354,24407.229,2.738,84.178,0.0,0.001,27.936,43.667,12.576,15.822,15.74,173.33,6.924452971616508,0.20495259414179007,4599.81234626753
UKR,Ukraine,1999,298.636,235148309693.0,49976445.0,1580.584,5.976,1.27,31626.572,1.202,24705.863,2.529,84.751,0.0,0.001,28.047,47.089,9.615,15.249,14.32,172.58,6.721647295970555,0.18894029042429886,4705.1828054796615
UKR,Ukraine,2000,285.663,253196030608.0,49556654.0,1585.457,5.764,1.128,31992.809,1.12,24991.529,1.985,84.408,0.0,0.001,28.394,46.996,9.018,15.592,11.28,171.84,6.26177668027749,0.18017707197356977,5109.223689880273
UKR,Ukraine,2001,303.876,281110336028.0,49106854.0,1562.9,6.188,1.081,31826.52,1.183,25295.404,2.138,84.343,0.0,0.003,28.041,46.212,10.09,15.657,12.05,173.3,5.559738649539828,0.19443086569838122,5724.462333262074
UKR,Ukraine,2002,295.901,301087057315.0,48677280.0,1553.238,6.079,0.983,31908.885,1.127,25591.305,1.709,84.477,0.0,0.004,28.395,45.768,10.313,15.523,9.65,174.03,5.158767081691553,0.19050589800146533,6185.371436427837
UKR,Ukraine,2003,307.245,335257370240.0,48315133.0,1591.928,6.359,0.916,32948.844,1.111,25898.551,1.593,84.418,0.0,0.005,28.467,45.543,10.408,15.582,9.27,180.58,4.748375848860205,0.19300181917775175,6938.972314119471
UKR,Ukraine,2004,310.626,381078098070.0,47979502.0,1585.872,6.474,0.815,33053.113,1.086,26209.176,2.023,83.042,0.0,0.006,27.159,45.371,10.512,16.958,11.78,182.44,4.161540660646134,0.19587078906746572,7942.518829603525
UKR,Ukraine,2005,313.513,399366244154.0,47585558.0,1605.493,6.588,0.785,33739.07,1.059,26522.689,2.086,82.984,0.0,0.006,27.144,45.187,10.652,17.016,12.4,186.39,4.020101907713824,0.1952752207577361,8392.593487166841
UKR,Ukraine,2006,333.054,436786761547.0,47278691.0,1624.431,7.044,0.763,34358.633,1.089,26855.744,2.136,82.945,0.0,0.006,28.841,43.309,10.796,17.055,12.93,193.61,3.7190481557788804,0.20502809906976657,9238.554458857585
UKR,Ukraine,2007,336.829,480580682697.0,47062802.0,1617.882,7.157,0.701,34377.082,1.069,27192.572,1.736,82.988,0.0,0.007,30.791,41.001,11.196,17.012,10.47,196.25,3.3665148397569986,0.20819132668513526,10211.476203584309
UKR,Ukraine,2008,325.983,499592169886.0,46819168.0,1562.053,6.963,0.652,33363.531,1.017,27518.555,2.014,82.74,0.0,0.008,31.264,40.356,11.12,17.26,11.82,192.58,3.1266562891817116,0.2086888216981114,10670.67594806469
UKR,Ukraine,2009,277.593,431074416655.0,46623731.0,1330.558,5.954,0.644,28538.205,0.881,27796.148,2.408,81.153,0.0,0.009,31.509,36.941,12.703,18.847,12.12,173.61,3.0866085960858123,0.20862901128699388,9245.815540909844
UKR,Ukraine,2010,294.366,439429783004.0,46455997.0,1426.915,6.336,0.67,30715.402,0.884,28090.514,2.464,81.179,0.0,0.009,31.342,38.44,11.396,18.821,13.39,188.82,3.247196833690745,0.2062953995157385,9459.053973246984
UKR,Ukraine,2011,308.376,471221167316.0,46307854.0,1474.744,6.659,0.654,31846.529,0.894,28398.891,1.981,82.09,0.005,0.016,32.875,38.239,10.975,17.91,11.19,194.95,3.129621719669141,0.20910476665780636,10175.836852988265
UKR,Ukraine,2012,304.43,472276721174.0,46210051.0,1442.989,6.588,0.645,31226.742,0.871,28703.32,2.021,81.805,0.06,0.052,34.59,36.092,11.123,18.195,11.23,198.88,3.055388790734749,0.21097180920991082,10220.216402141603
UKR,Ukraine,2013,297.54,472286166147.0,46126760.0,1369.568,6.45,0.63,29691.408,0.843,29000.861,2.878,81.5,0.107,0.12,35.368,35.015,11.117,18.5,15.11,194.37,2.899868973874876,0.2172509871725975,10238.87578808917
UKR,Ukraine,2014,257.703,441233307180.0,45972379.0,1208.371,5.606,0.584,26284.715,0.727,29258.564,2.199,79.088,0.091,0.239,34.426,33.546,11.115,20.912,10.17,182.82,2.738621451138656,0.21326480029725967,9597.791473441042
UKR,Ukraine,2015,223.85,398045419167.0,45784904.0,1003.408,4.889,0.562,21915.693,0.632,29482.414,1.85,75.914,0.121,0.275,31.875,32.063,11.975,24.086,7.1,163.68,2.52083795386933,0.22308971026740868,8693.813558438389
UKR,Ukraine,2016,234.106,407666198456.0,45616831.0,1049.995,5.132,0.574,23017.719,0.661,29716.52,2.277,78.239,0.118,0.23,36.151,30.099,11.989,21.761,9.26,164.58,2.575624380870339,0.22295915694836643,8936.749649619458
UKR,Ukraine,2017,223.288,417287091525.0,45436037.0,975.331,4.914,0.535,21466.02,0.621,29939.807,2.87,75.052,0.186,0.254,30.914,31.156,12.981,24.948,10.86,156.04,2.337314093363387,0.22893561262791812,9184.055632426745
UKR,Ukraine,2018,231.9,431842093109.0,45208903.0,1011.989,5.13,0.537,22384.719,0.631,30171.707,3.282,75.841,0.274,0.294,32.445,30.398,12.997,24.159,13.03,159.86,2.3434237100748927,0.22915268841855,9552.147131484257
UKR,Ukraine,2019,222.188,445656664440.0,44957451.0,957.663,4.942,0.499,21301.547,0.599,30393.895,3.22,75.183,0.763,0.526,31.879,29.747,13.557,24.817,11.87,154.14,2.148880688687497,0.23201063422101512,9912.854366231752
UKR,Ukraine,2020,207.101,428931213784.0,44680008.0,918.452,4.635,0.483,20556.209,0.589,30600.994,4.707,74.661,1.454,0.884,29.136,32.171,13.354,25.339,16.95,147.79,2.1412570838514715,0.22548919268508316,9600.070210014286
UKR,Ukraine,2021,210.636,443313281092.0,44298642.0,934.935,4.755,0.475,21105.271,0.571,30811.631,5.89,71.218,1.727,1.015,28.557,29.386,13.276,28.782,21.67,156.44,2.1089713299294877,0.2252948065908325,10007.378580408853
UKR,Ukraine,2022,143.04,309166674673.0,41048768.0,618.781,3.485,0.463,15074.283,0.381,30954.672,7.503,67.587,2.033,0.568,20.31,29.782,17.494,32.413,18.3,111.51,2.0014479266061693,0.23116417601703995,7531.691929779719
ARE,United Arab Emirates,1990,51.908,40641367500.0,1898220.0,344.953,27.346,1.277,181724.297,0.228,826.54,0.0,100.0,0.0,0.0,0.0,47.796,52.204,0.0,0.0,17.081,8.48773112764968,0.15047847098010453,21410.251446091603
ARE,United Arab Emirates,1991,56.896,,2006630.0,420.837,28.354,,209723.5,0.245,883.436,0.0,100.0,0.0,0.0,0.0,47.17,52.83,0.0,0.0,17.222,,0.1351972378854521,
ARE,United Arab Emirates,1992,58.005,,2114738.0,406.696,27.429,,192314.922,0.258,941.441,0.0,100.0,0.0,0.0,0.0,44.951,55.049,0.0,0.0,18.689,,0.14262495819973642,
ARE,United Arab Emirates,1993,65.832,55149661292.0,2222098.0,423.47,29.626,1.194,190572.297,0.289,1007.273,0.0,100.0,0.0,0.0,0.0,45.219,54.781,0.0,0.0,21.73,7.678560304438869,0.15545847403594112,24818.734948683632
ARE,United Arab Emirates,1994,75.35,64654417907.0,2328191.0,464.674,32.364,1.165,199585.922,0.328,1082.623,0.0,100.0,0.0,0.0,0.0,47.651,52.349,0.0,0.0,23.736,7.187041737324043,0.16215669480108635,27770.23788297438
ARE,United Arab Emirates,1995,72.874,75243844061.0,2434667.0,484.871,29.932,0.969,199152.906,0.31,1155.497,0.0,100.0,0.0,0.0,0.0,49.849,50.151,0.0,0.0,24.982,6.443995599253492,0.15029564564595532,30905.18911251518
ARE,United Arab Emirates,1996,75.836,87750952594.0,2597570.0,499.688,29.195,0.864,192367.453,0.313,1231.333,0.0,100.0,0.0,0.0,0.0,52.976,47.024,0.0,0.0,26.572,5.694388325468347,0.15176670242231152,33781.93950268905
ARE,United Arab Emirates,1997,73.298,104923199568.0,2817410.0,521.456,26.016,0.699,185083.609,0.301,1304.631,0.0,100.0,0.0,0.0,0.0,54.223,45.777,0.0,0.0,28.464,4.9698827537378705,0.14056411279187506,37241.01198192666
ARE,United Arab Emirates,1998,80.625,115962052318.0,3040432.0,534.113,26.517,0.695,175670.047,0.332,1385.255,0.0,100.0,0.0,0.0,0.0,55.476,44.524,0.0,0.0,33.392,4.6059291753074065,0.15095120320980765,38139.99205310298
ARE,United Arab Emirates,1999,77.844,131410914902.0,3266011.0,538.369,23.835,0.592,164839.906,0.313,1463.099,0.0,100.0,0.0,0.0,0.0,56.902,43.098,0.0,0.0,37.126,4.096836251398828,0.1445922777871683,40235.90701378532
ARE,United Arab Emirates,2000,112.277,160530689682.0,3493583.0,535.782,32.138,0.699,153361.734,0.44,1575.376,0.0,100.0,0.0,0.0,0.0,57.195,42.805,0.0,0.0,39.94,3.3375674212908852,0.2095572452975277,45950.157669647466
ARE,United Arab Emirates,2001,101.896,177271829556.0,3723596.0,541.566,27.365,0.575,145441.672,0.397,1677.272,0.0,100.0,0.0,0.0,0.04,58.115,41.846,0.0,0.0,43.17,3.0550031629753103,0.18815065938408246,47607.69684895998
ARE,United Arab Emirates,2002,85.213,195394872658.0,3956829.0,591.693,21.536,0.436,149537.203,0.324,1762.485,0.0,100.0,0.0,0.0,0.185,60.046,39.768,0.0,0.0,46.85,3.0281910264638383,0.1440155621242773,49381.68231631946
ARE,United Arab Emirates,2003,107.106,224547226340.0,4192465.0,631.155,25.547,0.477,150545.172,0.387,1869.591,0.0,100.0,0.0,0.0,0.204,58.517,41.279,0.0,0.0,49.45,2.810789562122364,0.16969841005775127,53559.71399641977
ARE,United Arab Emirates,2004,112.469,252047957126.0,4428964.0,675.065,25.394,0.446,152420.609,0.393,1982.059,0.0,100.0,0.0,0.0,0.217,58.075,41.708,0.0,0.0,52.41,2.678319664628473,0.16660469732544272,56909.01012652169
ARE,United Arab Emirates,2005,115.273,262413275144.0,4664797.0,704.598,24.711,0.439,151045.812,0.389,2097.332,0.0,100.0,0.0,0.0,0.24,58.187,41.573,0.0,0.0,60.7,2.685069951637736,0.1636010888478253,56253.95384708059
ARE,United Arab Emirates,2006,122.723,307378573765.0,5009106.0,741.293,24.5,0.399,147989.078,0.401,2220.056,0.0,100.0,0.0,0.0,0.442,57.03,42.528,0.0,0.0,62.44,2.411661264869881,0.16555262224248712,61363.95871139481
ARE,United Arab Emirates,2007,134.103,367816178792.0,5624640.0,818.361,23.842,0.365,145495.719,0.426,2354.159,0.0,100.0,0.0,0.0,0.193,58.578,41.229,0.0,0.0,78.76,2.224918443467336,0.16386777962292925,65393.728094953636
ARE,United Arab Emirates,2008,155.03,464692468324.0,6302669.0,938.401,24.598,0.334,148889.391,0.484,2509.189,0.0,100.0,0.0,0.0,0.425,61.778,37.797,0.0,0.0,80.46,2.0194022153716373,0.16520655881654006,73729.47370772605
ARE,United Arab Emirates,2009,169.088,480551549339.0,6707063.0,925.575,25.21,0.352,138000.094,0.537,2678.277,0.002,99.998,0.002,0.0,0.344,62.219,37.435,0.002,0.01,85.7,1.9260680800491248,0.18268427734111228,71648.58140425995
ARE,United Arab Emirates,2010,185.848,490048925162.0,6938372.0,972.492,26.786,0.379,140161.359,0.558,2864.126,0.005,99.995,0.005,0.0,0.787,60.948,38.26,0.005,0.02,93.95,1.9844794061705457,0.1911049139735854,70628.80531081355
ARE,United Arab Emirates,2011,198.518,551070287560.0,7199436.0,1020.931,27.574,0.36,141807.125,0.576,3062.644,0.005,99.995,0.005,0.0,0.507,60.373,39.115,0.005,0.02,99.13,1.8526329999035596,0.19444800872928727,76543.53584919707
ARE,United Arab Emirates,2012,208.324,577394943300.0,7497122.0,1074.1,27.787,0.361,143268.297,0.596,3270.967,0.006,99.994,0.006,0.0,1.497,59.521,38.977,0.006,0.02,106.21,1.8602518301618107,0.19395214598268318,77015.545872136
ARE,United Arab Emirates,2013,214.188,606587973942.0,7831851.0,1131.859,27.348,0.353,144520.031,0.607,3485.155,0.02,99.98,0.019,0.0,1.818,57.085,41.077,0.02,0.09,109.99,1.86594368603197,0.18923558499777798,77451.41907602685
ARE,United Arab Emirates,2014,214.53,631858461256.0,8236880.0,1135.193,26.045,0.34,137818.312,0.605,3699.686,0.07,99.93,0.069,0.001,2.021,56.263,41.646,0.07,0.31,116.54,1.796593809543166,0.18898108075014558,76710.8979681627
ARE,United Arab Emirates,2015,225.045,674742705535.0,8674633.0,1223.079,25.943,0.334,140994.875,0.636,3924.731,0.062,99.938,0.062,0.0,1.631,58.266,40.041,0.062,0.3,127.38,1.8126598330992358,0.18399874415307596,77783.42963154752
ARE,United Arab Emirates,2016,227.898,712265114847.0,9030873.0,1269.522,25.235,0.32,140575.797,0.644,4152.628,0.063,99.937,0.063,0.0,1.686,56.351,41.9,0.063,0.32,129.61,1.7823728462016606,0.1795148095109813,78870.01786505025
ARE,United Arab Emirates,2017,196.493,717500233045.0,9234330.0,1211.888,21.279,0.274,131237.281,0.546,4349.121,0.154,99.846,0.154,0.0,2.043,54.183,43.62,0.154,0.75,134.57,1.6890419601076188,0.16213792033587263,77699.21943930961
ARE,United Arab Emirates,2018,204.105,726928170282.0,9346870.0,1132.725,21.837,0.281,121187.641,0.556,4553.226,0.263,99.737,0.263,0.0,1.972,51.316,46.449,0.263,1.2,136.01,1.558235113602184,0.1801893663510561,77772.36339887042
ARE,United Arab Emirates,2019,204.058,734982504070.0,9377855.0,1216.958,21.76,0.278,129769.297,0.55,4757.284,0.744,99.256,0.744,0.0,1.699,55.097,42.46,0.744,3.66,138.45,1.655764583865654,0.16767875308761682,78374.26619093599
ARE,United Arab Emirates,2020,215.266,698549476819.0,9448529.0,1184.499,22.783,0.308,125363.312,0.612,4972.55,1.082,98.579,1.082,0.0,2.09,57.184,39.305,1.421,5.18,137.31,1.6956551243784177,0.18173590691085428,73932.08792807854
ARE,United Arab Emirates,2021,212.173,725904671328.0,9789055.0,1240.606,21.675,0.292,126734.023,0.576,5184.723,1.243,96.66,1.243,0.0,2.433,52.717,41.51,3.34,6.25,149.05,1.7090481009446932,0.17102367713843072,74154.72395731763
ARE,United Arab Emirates,2022,207.103,779701520404.0,10242085.0,1352.948,20.221,0.266,132096.891,0.552,5391.827,1.411,94.932,1.408,0.0,2.065,49.17,43.698,5.068,7.75,155.42,1.7352127251194458,0.15307535840254022,76127.22608765696
GBR,United Kingdom,1990,601.945,1505692258761.0,57367867.0,2508.393,10.493,0.4,43724.711,2.648,63347.887,0.643,92.062,0.0,0.001,30.17,21.919,39.973,7.938,5.73,319.75,1.6659400255295858,0.23997236477697076,26246.265331095543
GBR,United Kingdom,1991,609.413,1488075367051.0,57555199.0,2561.217,10.588,0.41,44500.176,2.626,63957.301,0.578,91.756,0.0,0.001,29.599,23.19,38.967,8.244,5.24,322.88,1.7211608072484281,0.23793883923150597,25854.751489105267
GBR,United Kingdom,1992,593.846,1491752084171.0,57719273.0,2545.327,10.289,0.398,44098.398,2.637,64551.145,0.704,90.896,0.0,0.004,28.01,23.228,39.657,9.104,6.31,321.04,1.70626676309589,0.23330833327112785,25844.95622754985
GBR,United Kingdom,1993,579.613,1527509015289.0,57861037.0,2574.725,10.017,0.379,44498.426,2.548,65130.758,0.635,89.702,0.0,0.023,24.119,26.174,39.41,10.298,5.72,323.11,1.6855710665071721,0.22511646874908972,26399.613530759914
GBR,United Kingdom,1994,574.017,1585373248060.0,58003200.0,2543.823,9.896,0.362,43856.598,2.498,65704.773,0.785,89.551,0.0,0.038,22.795,27.281,39.475,10.449,6.98,326.56,1.60455779300732,0.22565131300408872,27332.513517530067
GBR,United Kingdom,1995,566.159,1623858039641.0,58154632.0,2552.545,9.735,0.349,43892.383,2.407,66270.938,0.752,89.543,0.0,0.043,21.676,28.988,38.879,10.457,6.68,337.42,1.5719015687875726,0.22180177038994414,27923.10747733732
GBR,United Kingdom,1996,586.761,1663446715470.0,58298563.0,2676.295,10.065,0.353,45906.703,2.421,66857.695,0.615,89.535,0.0,0.051,19.326,32.206,38.003,10.465,5.69,350.87,1.608885319325557,0.21924376797027234,28533.237010833356
GBR,United Kingdom,1997,562.708,1713864597603.0,58447091.0,2629.999,9.628,0.328,44997.941,2.308,67420.406,0.788,88.819,0.0,0.071,17.543,33.708,37.568,11.181,7.18,350.67,1.5345430459782528,0.2139574958013292,29323.351569421993
GBR,United Kingdom,1998,568.544,1766619867063.0,58626822.0,2651.618,9.698,0.322,45228.754,2.34,67988.945,0.943,88.606,0.0,0.092,16.967,34.768,36.871,11.394,8.65,362.71,1.5009556098835832,0.21441399175899395,30133.304293093013
GBR,United Kingdom,1999,561.65,1823341961805.0,58838663.0,2639.219,9.546,0.308,44855.188,2.261,68550.602,1.06,88.901,0.0,0.09,15.155,37.189,36.557,11.099,9.62,368.15,1.4474624372640064,0.2128091681667948,30988.84082061824
GBR,United Kingdom,2000,569.034,1889565292321.0,59057333.0,2664.116,9.635,0.301,45110.676,2.23,69119.633,1.087,90.022,0.0,0.099,16.072,38.131,35.819,9.978,9.91,377.06,1.4099094700917163,0.21359205079658694,31995.438946100054
GBR,United Kingdom,2001,577.971,1939268312671.0,59288095.0,2691.806,9.749,0.298,45402.137,2.25,69697.602,1.043,89.689,0.0,0.099,16.851,37.554,35.284,10.311,9.54,384.77,1.38805238161836,0.21471495345504096,32709.236359694136
GBR,United Kingdom,2002,560.273,1983994308619.0,59540764.0,2630.84,9.41,0.282,44185.527,2.133,70257.875,1.237,89.591,0.0,0.131,15.827,37.932,35.832,10.409,11.12,387.24,1.3260320297144654,0.21296354016207752,33321.61321643437
GBR,United Kingdom,2003,571.619,2050625402735.0,59820385.0,2668.734,9.556,0.279,44612.457,2.067,70829.492,1.194,89.729,0.0,0.132,16.645,37.489,35.595,10.271,10.69,398.21,1.3014244320004054,0.21419107337036963,34279.70921175114
GBR,United Kingdom,2004,573.43,2099526641365.0,60169964.0,2690.652,9.53,0.273,44717.523,2.004,71402.922,1.549,90.375,0.0,0.196,16.111,37.99,36.274,9.625,14.14,393.92,1.2815517302751072,0.21311934802419635,34893.26736783489
GBR,United Kingdom,2005,570.338,2161729510824.0,60596107.0,2712.682,9.412,0.264,44766.613,1.927,71973.266,1.86,90.031,0.001,0.289,16.278,36.73,37.022,9.969,16.93,398.35,1.2548665253526516,0.2102487501299452,35674.39589516864
GBR,United Kingdom,2006,567.846,2212618867772.0,61051093.0,2678.337,9.301,0.257,43870.426,1.856,72541.109,2.047,90.403,0.001,0.424,18.002,35.278,37.123,9.597,18.1,397.27,1.2104827627620096,0.21201439549989415,36242.08444182973
GBR,United Kingdom,2007,559.566,2267631534502.0,61535859.0,2604.192,9.093,0.247,42319.914,1.776,73100.672,2.337,91.212,0.001,0.54,17.429,36.676,37.106,8.788,19.68,396.81,1.1484193795937456,0.2148712537324437,36850.57089236375
GBR,United Kingdom,2008,544.932,2252034759561.0,62027303.0,2558.816,8.785,0.242,41253.062,1.7,73645.602,2.81,91.766,0.002,0.733,16.464,38.32,36.982,8.234,21.94,388.96,1.1362240254669969,0.21296255768292835,36307.15266728589
GBR,United Kingdom,2009,494.108,2151479208521.0,62506222.0,2422.812,7.905,0.23,38761.125,1.568,74139.711,2.989,89.504,0.002,1.008,14.351,37.761,37.392,10.496,25.24,376.76,1.1261145310651286,0.20393988472898433,34420.2407325306
GBR,United Kingdom,2010,511.905,2190919919855.0,63006482.0,2475.146,8.125,0.234,39283.996,1.536,74651.617,3.043,90.401,0.004,1.085,14.375,39.904,36.122,9.599,26.18,382.06,1.1297291049158067,0.20681810285130656,34772.92891634547
GBR,United Kingdom,2011,469.713,2223011392593.0,63509285.0,2332.188,7.396,0.211,36722.008,1.362,75121.328,4.268,88.041,0.027,1.78,15.394,35.253,37.394,11.959,35.2,367.97,1.0491120323408025,0.20140443223273596,35002.93528092782
GBR,United Kingdom,2012,487.477,2255210551431.0,63960488.0,2375.146,7.622,0.216,37134.582,1.395,75608.812,4.869,87.462,0.147,2.162,19.072,32.502,35.888,12.538,41.24,363.87,1.0531814860891358,0.20524085677259418,35259.4331586557
GBR,United Kingdom,2013,477.611,2296252599482.0,64389386.0,2388.473,7.418,0.208,37094.207,1.354,76086.422,6.655,85.748,0.216,3.055,18.295,32.106,35.347,14.252,53.21,358.28,1.0401612612387694,0.19996499855765587,35661.97384584472
GBR,United Kingdom,2014,438.807,2369725553442.0,64865914.0,2255.708,6.765,0.185,34774.93,1.237,76525.227,8.506,84.265,0.46,3.624,15.652,31.222,37.391,15.735,64.51,338.08,0.9518857560208224,0.19453182770110317,36532.67806327373
GBR,United Kingdom,2015,422.461,2426435869267.0,65382107.0,2279.467,6.461,0.174,34863.777,1.193,76947.688,10.562,81.576,0.842,4.501,12.243,31.807,37.526,18.424,83.36,338.87,0.9394301447944727,0.18533323798940718,37111.61938031456
GBR,United Kingdom,2016,399.43,2478973016876.0,65893359.0,2246.922,6.062,0.161,34099.367,1.129,77347.117,10.659,81.267,1.172,4.183,6.324,35.794,39.149,18.733,83.01,339.18,0.906392278053744,0.1777676305630547,37620.984185614216
GBR,United Kingdom,2017,387.367,2539548543933.0,66354473.0,2251.043,5.838,0.153,33924.512,1.077,77734.484,12.44,79.69,1.282,5.554,5.112,35.012,39.565,20.31,98.89,338.22,0.8863949481799661,0.17208334092240796,38272.45442719438
GBR,United Kingdom,2018,379.73,2582848171416.0,66752473.0,2246.424,5.689,0.147,33653.051,1.034,78114.219,13.98,78.758,1.414,6.351,4.326,35.376,39.056,21.242,110.14,333.76,0.8697468263372362,0.16903754589516493,38692.921105949135
GBR,United Kingdom,2019,364.753,2624285076706.0,67110958.0,2192.985,5.435,0.139,32676.998,0.984,78478.969,15.684,77.919,1.414,7.267,3.17,35.817,38.933,22.081,119.74,327.19,0.8356504479889177,0.16632717506047692,39103.67479340706
GBR,United Kingdom,2020,326.263,2334804059780.0,67351860.0,1982.843,4.844,0.14,29440.059,0.928,78805.227,19.068,74.612,1.578,9.513,3.2,37.429,33.983,25.388,133.63,310.3,0.8492545623665037,0.1645430324034732,34665.76958349777
GBR,United Kingdom,2021,342.366,2512190098029.0,67668788.0,1990.967,5.059,0.136,29422.24,0.929,79147.594,17.482,76.764,1.514,8.103,3.257,38.996,34.511,23.236,122.49,307.9,0.7925224295574056,0.17195965578535455,37124.79818655833
GBR,United Kingdom,2022,311.118,2615230634906.0,68179315.0,2009.944,4.563,0.119,29480.258,0.829,79458.711,19.072,75.077,1.647,9.942,2.977,35.413,36.687,24.923,135.06,324.58,0.7685532484871048,0.15478938716700566,38358.12423322235
USA,United States,1990,5131.761,9250377579093.0,253373387.0,22609.195,20.254,0.555,89232.719,22.575,247502.734,4.516,87.995,0.005,0.035,23.701,22.958,41.335,12.005,352.928,3232.78,2.44413752916417,0.2269767234083301,36508.87604503231
USA,United States,1991,5076.413,9224688313722.0,256471424.0,22579.719,19.793,0.55,88039.898,21.876,252579.156,4.519,87.517,0.006,0.037,23.51,23.494,40.514,12.483,351.337,3270.724,2.4477487186653226,0.22482179694087423,35967.704198195584
USA,United States,1992,5178.77,9552658514601.0,259606021.0,22913.111,19.949,0.542,88261.094,22.996,257757.922,4.083,87.992,0.005,0.035,23.32,23.931,40.741,12.008,319.567,3284.39,2.398610917052869,0.226017759002695,36796.75254758826
USA,United States,1993,5279.52,9814940456277.0,262633229.0,23396.387,20.102,0.538,89083.875,23.207,263037.438,4.377,87.967,0.006,0.036,23.692,24.022,40.252,12.033,349.687,3404.678,2.3837523115117003,0.22565535439296674,37371.28197238515
USA,United States,1994,5361.863,10211204686187.0,265474811.0,23824.131,20.197,0.525,89741.586,23.338,268399.281,4.076,88.035,0.006,0.041,23.351,24.143,40.54,11.965,329.68,3458.526,2.333136170723089,0.2250601711348884,38463.930524041316
USA,United States,1995,5425.837,10488856843750.0,268205796.0,24343.418,20.23,0.517,90763.953,23.072,273825.125,4.551,87.328,0.006,0.037,23.069,24.664,39.595,12.672,378.196,3567.331,2.32088380675207,0.22288722972262975,39107.49506602758
USA,United States,1996,5601.094,10886952373500.0,270860695.0,25165.373,20.679,0.514,92908.914,23.113,279426.25,4.791,87.336,0.006,0.036,23.332,24.296,39.708,12.664,416.184,3663.386,2.311516771328512,0.22257146754788812,40193.91729575234
USA,United States,1997,5673.144,11375561318703.0,273468014.0,25354.096,20.745,0.499,92713.203,23.269,285099.375,4.884,87.836,0.006,0.037,23.646,24.258,39.933,12.164,425.647,3716.377,2.2288215314979096,0.2237565086130462,41597.41079884757
USA,United States,1998,5736.36,11881792533609.0,276119323.0,25513.363,20.775,0.483,92399.773,23.611,290835.719,4.489,87.76,0.006,0.033,23.725,23.695,40.34,12.24,391.287,3855.808,2.1472654843814647,0.2248374704659672,43031.36920848165
USA,United States,1999,5800.281,12438444530000.0,278785482.0,25965.076,20.806,0.466,93136.398,23.353,296636.031,4.383,87.384,0.006,0.049,23.277,23.364,40.742,12.616,388.135,3936.098,2.0874857734321544,0.2233877921250837,44616.54330335609
USA,United States,2000,6023.158,12947417795437.0,281484126.0,26546.236,21.398,0.465,94308.109,23.61,302659.188,3.856,87.81,0.005,0.059,23.768,23.758,40.284,12.19,350.93,3802.1,2.0503112218527133,0.22689310831109918,45996.97318433154
USA,United States,2001,5903.562,13073810008320.0,284279634.0,25918.357,20.767,0.452,91172.055,22.977,308562.719,3.287,88.059,0.006,0.073,23.616,23.25,41.193,11.941,280.06,3727.57,1.982463947656108,0.22777531770242998,45989.26002669611
USA,United States,2002,5947.819,13307343638671.0,287084335.0,26297.27,20.718,0.447,91601.203,22.645,314510.531,3.851,87.563,0.006,0.109,23.277,23.668,40.618,12.437,336.34,3844.23,1.9761472096940829,0.22617629130324174,46353.43004232885
USA,United States,2003,6006.44,13680911930765.0,289908091.0,26383.084,20.718,0.439,91004.992,21.721,320516.969,4.012,87.655,0.006,0.117,23.64,22.907,41.108,12.345,349.18,3868.94,1.9284594574920801,0.22766254316591647,47190.51435775554
USA,United States,2004,6111.545,14198910513593.0,292786248.0,26899.117,20.874,0.43,91872.883,21.362,326628.531,3.944,87.665,0.007,0.144,23.333,22.554,41.777,12.335,345.14,3951.95,1.8944493645655947,0.227202439396059,48495.82454976847
USA,United States,2005,6126.903,14673826218839.0,295716666.0,26912.564,20.719,0.418,91007.938,20.7,332755.438,4.055,87.693,0.008,0.18,23.669,22.196,41.828,12.307,353.04,4034.99,1.834052250492669,0.22765957936969514,49621.235141474914
USA,United States,2006,6045.326,15065164240312.0,298730208.0,26699.963,20.237,0.401,89378.18,19.76,338800.781,4.502,87.169,0.008,0.27,23.494,22.051,41.625,12.831,381.16,4046.94,1.7722981690803685,0.22641701788126073,50430.669001214636
USA,United States,2007,6121.542,15333183877566.0,301844223.0,27066.711,20.28,0.399,89671.125,19.434,344922.312,4.222,87.409,0.011,0.343,23.479,23.136,40.793,12.591,347.91,4142.57,1.7652374885819597,0.22616497438495575,50798.33473429107
USA,United States,2008,5919.221,15288552732632.0,304970325.0,26407.25,19.409,0.387,86589.57,18.469,350841.531,4.833,86.656,0.016,0.561,23.693,23.905,39.058,13.344,377.11,4107.53,1.7272563637522191,0.224151359948499,50131.27992906195
USA,United States,2009,5486.104,14864003344421.0,308023452.0,25110.527,17.811,0.369,81521.477,17.409,356327.656,5.601,85.574,0.022,0.783,21.922,24.696,38.955,14.426,415.56,3939.82,1.6893515440054643,0.21847825017770436,48256.076762690784
USA,United States,2010,5669.25,15239586726210.0,311062785.0,25953.547,18.225,0.372,83435.078,17.016,361996.875,5.642,85.799,0.03,0.963,22.443,25.079,38.277,14.201,424.48,4113.94,1.7030348306862848,0.21843835064239966,48991.9960248861
USA,United States,2011,5538.973,15477885525000.0,314105075.0,25729.088,17.634,0.358,81912.359,16.064,367535.844,6.653,84.934,0.048,1.228,21.37,25.7,37.864,15.066,509.74,4088.87,1.6623128500622504,0.21528058048540236,49276.13960073711
USA,United States,2012,5331.467,15830886903539.0,317115349.0,25047.367,16.812,0.337,78985.039,15.252,372867.344,6.652,84.978,0.093,1.47,19.402,27.594,37.983,15.022,492.32,4040.67,1.5821834337279392,0.21285538715506505,49921.54102114748
USA,United States,2013,5473.436,16122472460312.0,320110752.0,25728.629,17.099,0.339,80374.148,15.516,378340.781,6.888,84.818,0.16,1.693,19.611,27.608,37.598,15.182,520.38,4055.61,1.5958240315395213,0.21273718082685245,50365.29500987208
USA,United States,2014,5531.385,16491319003554.0,323115377.0,25995.914,17.119,0.335,80453.969,15.596,383872.125,7.015,84.734,0.287,1.804,19.364,27.911,37.458,15.266,546.83,4096.01,1.576339284589528,0.21277901596381646,51038.48401357265
USA,United States,2015,5368.497,16937633974582.0,326126496.0,25747.426,16.461,0.317,78949.203,15.164,389240.656,7.219,84.492,0.389,1.903,16.89,29.011,38.591,15.508,556.49,4083.99,1.5201312083280756,0.20850616290731352,51935.78008019931
USA,United States,2016,5245.362,17220065720000.0,329179423.0,25727.051,15.935,0.305,78155.102,14.82,394486.031,7.993,83.681,0.544,2.251,15.475,29.269,38.937,16.319,624.91,4087.56,1.494015842815262,0.20388508577994424,52312.09643380412
USA,United States,2017,5195.417,17606124654726.0,332204657.0,25822.156,15.639,0.295,77729.664,14.442,399681.406,8.755,82.997,0.76,2.501,15.002,28.809,39.185,17.003,707.19,4052.31,1.4666575698172497,0.20119996951455177,52997.82614042644
USA,United States,2018,5361.236,18124692769570.0,335056492.0,26768.988,16.001,0.296,79893.953,14.595,405042.656,8.64,83.423,0.881,2.573,13.856,30.87,38.697,16.577,733.17,4201.55,1.4769347177538437,0.20027787378439557,54094.43840762829
USA,United States,2019,5235.912,18540552700117.0,337790069.0,26578.494,15.5,0.282,78683.469,14.118,410278.562,8.967,83.053,1.011,2.799,11.922,32.202,38.929,16.947,760.76,4158.38,1.4335329927803218,0.19699806919082774,54887.79689410289
USA,United States,2020,4689.954,18027359681343.0,339436156.0,24630.395,13.817,0.26,72562.672,13.34,414968.5,10.123,81.489,1.332,3.444,10.444,34.129,36.916,18.511,821.4,4043.18,1.3662785585562294,0.19041326783431609,53109.721409121186
USA,United States,2021,5020.111,19099378164000.0,340161438.0,25956.828,14.758,0.263,76307.383,13.617,419988.625,10.116,82.05,1.585,3.647,11.383,32.418,38.25,17.95,861.58,4153.62,1.3590404764551685,0.1934023294371716,56147.98160631012
USA,United States,2022,5055.403,19493170182843.0,341534041.0,26512.51,14.802,0.259,77627.719,13.471,425044.062,10.875,81.552,1.932,4.091,10.448,33.414,37.69,18.448,958.14,4286.89,1.3600922657175127,0.1906799092202134,57075.33610930162
URY,Uruguay,1990,3.977,32048550000.0,3104404.0,25.218,1.281,0.124,8123.448,0.017,264.642,,,,,,,,,,,0.7868686726856597,0.1577048140217305,10323.575797479967
URY,Uruguay,1991,4.537,33068762787.0,3122357.0,22.54,1.453,0.137,7218.911,0.02,269.179,,,,,,,,,,,0.6816100180458197,0.2012866015971606,10590.96150344115
URY,Uruguay,1992,5.151,35598179277.0,3139704.0,24.464,1.641,0.145,7791.864,0.023,274.33,,,,,,,,,,,0.6872261586649798,0.21055428384565075,11338.068581305753
URY,Uruguay,1993,4.447,36471137081.0,3156351.0,26.701,1.409,0.122,8459.587,0.02,278.777,,,,,,,,,,,0.7321131759807442,0.1665480693606981,11554.841993491851
URY,Uruguay,1994,4.041,39036401631.0,3172839.0,25.857,1.274,0.104,8149.5,0.018,282.818,,,,,,,,,,,0.6623817493328116,0.15628263139575357,12303.303644149608
URY,Uruguay,1995,4.565,38399568880.0,3189438.0,24.485,1.431,0.119,7676.834,0.019,287.383,,,,,,,,,,,0.6376373671411907,0.1864406779661017,12039.603491273385
URY,Uruguay,1996,5.414,40381614675.0,3206329.0,26.256,1.688,0.134,8188.928,0.022,292.797,,,,,,,,,,,0.6501968831933539,0.2062004875076173,12594.34533230994
URY,Uruguay,1997,5.522,42411759380.0,3223349.0,28.593,1.713,0.13,8870.455,0.023,298.319,,,,,,,,,,,0.6741762289041827,0.1931241912356171,13157.669051660245
URY,Uruguay,1998,5.651,44280079225.0,3239286.0,33.796,1.745,0.128,10433.256,0.023,303.97,,,,,,,,,,,0.7632326001105975,0.16720913717599717,13669.703516453934
URY,Uruguay,1999,6.689,43167608203.0,3254020.0,35.598,2.056,0.155,10939.726,0.027,310.66,,,,,,,,,,,0.8246461057697901,0.18790381482105736,13265.932048051334
URY,Uruguay,2000,5.277,42357504785.0,3266212.0,34.252,1.616,0.125,10486.714,0.021,315.937,,,,,,,,,7.09,7.59,0.8086406452376679,0.15406399626299194,12968.388085341674
URY,Uruguay,2001,5.041,40598224745.0,3274257.0,34.051,1.539,0.124,10399.644,0.02,320.977,,,,,,,,,9.23,9.25,0.8387312552180908,0.14804264191947372,12399.217515607357
URY,Uruguay,2002,4.569,37250866884.0,3278868.0,28.16,1.394,0.123,8588.449,0.017,325.546,,,,,,,,,9.57,9.6,0.7559555617239955,0.16225142045454546,11360.89250436431
URY,Uruguay,2003,4.537,37483201754.0,3281188.0,30.41,1.383,0.121,9268.076,0.016,330.083,,,,,,,,,8.57,8.58,0.8112967563331169,0.14919434396580072,11423.667816047115
URY,Uruguay,2004,5.574,39270203111.0,3283157.0,36.128,1.698,0.142,11003.951,0.019,335.658,,,,,,,,,4.82,5.9,0.9199850557910704,0.15428476527900797,11961.110331001533
URY,Uruguay,2005,5.737,41988118660.0,3285776.0,36.048,1.746,0.137,10970.989,0.019,341.395,,,,,,,,,6.72,7.68,0.858528582618805,0.15914891256102973,12778.752617342145
URY,Uruguay,2006,6.611,43608062782.0,3289508.0,37.691,2.01,0.152,11458.062,0.022,348.006,,,,,,,,,3.6,5.57,0.8643126430178785,0.17539996285585419,13256.712791700156
URY,Uruguay,2007,5.96,46197426762.0,3295155.0,37.504,1.809,0.129,11381.613,0.019,353.965,,,,,,,,,8.16,9.38,0.8118201083625974,0.15891638225255972,14019.8038520191
URY,Uruguay,2008,8.218,49265998696.0,3302184.0,47.597,2.489,0.167,14413.735,0.026,362.183,,,,,,,,,5.37,8.77,0.9661227065283159,0.17265794062651008,14919.216705065495
URY,Uruguay,2009,7.99,50291695148.0,3310093.0,48.753,2.414,0.159,14728.558,0.025,370.173,,,,,,,,,5.91,8.67,0.9694045877063424,0.16388735052201917,15193.438718489178
URY,Uruguay,2010,6.322,54642867455.0,3318581.0,45.053,1.905,0.116,13576.062,0.019,376.495,,,,,,,,,9.58,10.74,0.8244991908066037,0.14032361884891129,16465.732629397928
URY,Uruguay,2011,7.686,57427770581.0,3326829.0,48.061,2.31,0.134,14446.414,0.022,384.182,,,,,,,,,7.72,10.34,0.8368947551639938,0.15992176608892866,17262.0145432783
URY,Uruguay,2012,8.605,59459565927.0,3335406.0,50.386,2.58,0.145,15106.379,0.025,392.786,,,,,,,,,6.85,10.6,0.847399391745647,0.17078156630810146,17826.785083135306
URY,Uruguay,2013,7.491,62217298965.0,3345335.0,48.109,2.239,0.12,14380.91,0.021,400.277,,,,,,,,,9.81,11.66,0.7732415389337852,0.15570891101457107,18598.226774000213
URY,Uruguay,2014,6.684,64232518554.0,3356343.0,46.396,1.991,0.104,13823.321,0.019,406.961,,,,,,,,,12.3,12.98,0.7223132619499434,0.14406414346064317,19137.650280081623
URY,Uruguay,2015,6.738,64470831197.0,3368022.0,48.912,2.001,0.105,14522.445,0.019,413.699,,,,,,,,,12.8,13.74,0.7586686737532865,0.1377576054955839,19142.04574584133
URY,Uruguay,2016,6.52,65560386931.0,3379279.0,49.155,1.93,0.099,14546.091,0.018,420.22,,,,,,,,,13.43,13.87,0.7497667768760107,0.13264164377987997,19400.702614670172
URY,Uruguay,2017,6.151,66627711123.0,3388444.0,45.905,1.815,0.092,13547.438,0.017,426.371,,,,,,,,,14.13,14.35,0.6889775924503208,0.13399411828776822,19663.217430478413
URY,Uruguay,2018,6.57,66946183643.0,3394538.0,46.865,1.936,0.098,13806.079,0.018,432.941,,,,,,,,,14.25,14.61,0.7000399044389781,0.14018990718019844,19721.736402126004
URY,Uruguay,2019,6.408,67180494669.0,3397206.0,49.04,1.886,0.095,14435.28,0.017,439.349,,,,,,,,,15.79,16.07,0.7299737854212197,0.13066884176182708,19775.219597810672
URY,Uruguay,2020,6.477,63072414563.0,3398966.0,45.473,1.906,0.103,13378.593,0.018,445.826,,,,,,,,,12.76,13.57,0.720964946642073,0.14243617091460867,18556.35348014661
URY,Uruguay,2021,7.829,65848852721.0,3396693.0,50.217,2.305,0.119,14784.176,0.021,453.655,,,,,,,,,13.53,15.99,0.7626100975937761,0.15590337933369178,19386.1655206991
URY,Uruguay,2022,7.501,69066228178.0,3390913.0,50.215,2.212,0.109,14808.726,0.02,461.156,,,,,,,,,13.49,14.86,0.7270557742140497,0.14937767599322913,20368.03308666427
UZB,Uzbekistan,1990,103.123,139398700000.0,20464963.0,519.68,5.039,0.74,25393.666,0.454,2787.679,3.562,96.438,0.0,0.0,4.093,67.241,25.104,3.562,6.648,56.325,3.7280118107270726,0.1984355757389163,6811.578403537793
UZB,Uzbekistan,1991,102.324,136577628581.0,20962908.0,512.175,4.881,0.749,24432.426,0.441,2890.003,3.278,96.722,0.0,0.0,3.8,68.749,24.173,3.278,6.031,54.165,3.7500651118440285,0.19978327720017575,6515.20431139611
UZB,Uzbekistan,1992,110.991,119510821474.0,21485095.0,485.564,5.166,0.929,22600.035,0.493,3000.994,3.602,96.398,0.0,0.0,3.154,72.896,20.349,3.602,6.281,50.911,4.062929147429851,0.22858160819171108,5562.499094092905
UZB,Uzbekistan,1993,115.619,114918068077.0,21987960.0,506.128,5.258,1.006,23018.412,0.508,3116.613,4.049,95.951,0.0,0.0,2.462,76.25,17.239,4.049,7.358,49.149,4.404250858628016,0.22843826067714096,5226.408819963289
UZB,Uzbekistan,1994,109.787,107242116434.0,22463295.0,500.608,4.887,1.024,22285.578,0.478,3226.399,3.981,96.019,0.0,0.0,2.514,78.325,15.18,3.981,7.156,47.8,4.668016788983171,0.21930732229608796,4774.104441668063
UZB,Uzbekistan,1995,104.804,104615642206.0,22917588.0,506.948,4.573,1.002,22120.496,0.446,3331.204,3.398,96.602,0.0,0.0,2.051,79.237,15.314,3.398,6.188,47.453,4.845814538917251,0.20673520755580455,4564.862681273439
UZB,Uzbekistan,1996,108.189,104748209480.0,23351981.0,522.136,4.633,1.033,22359.395,0.446,3439.393,3.479,96.521,0.0,0.0,1.86,80.109,14.552,3.479,6.525,45.419,4.98467708987134,0.20720463633995742,4485.624130989144
UZB,Uzbekistan,1997,109.029,108486849294.0,23758961.0,518.003,4.589,1.005,21802.441,0.447,3548.422,3.104,96.896,0.0,0.0,1.863,79.183,15.85,3.104,5.777,46.054,4.774799926175466,0.2104794759875908,4566.144508339401
UZB,Uzbekistan,1998,120.976,111389403957.0,24134930.0,518.166,5.012,1.086,21469.545,0.498,3669.398,3.093,96.907,0.0,0.0,1.867,79.474,15.566,3.093,5.758,45.9,4.651842828784947,0.233469583106572,4615.277689100403
UZB,Uzbekistan,1999,123.588,114383428782.0,24476013.0,581.169,5.049,1.08,23744.443,0.498,3792.985,2.725,97.275,0.0,0.0,1.664,82.09,13.521,2.725,5.692,45.372,5.080884584318878,0.21265415051387807,4673.286812766442
UZB,Uzbekistan,2000,123.478,116875841754.0,24787052.0,594.814,4.982,1.056,23996.973,0.484,3916.464,2.75,97.25,0.0,0.0,1.853,81.975,13.421,2.75,3.53,46.86,5.089280993175332,0.20759094439606332,4715.197343919721
UZB,Uzbekistan,2001,126.223,119890046302.0,25090289.0,596.154,5.031,1.053,23760.346,0.491,4042.687,2.793,97.207,0.0,0.0,1.55,82.438,13.219,2.793,4.36,47.96,4.97250621205286,0.21172884858610358,4778.344573950503
UZB,Uzbekistan,2002,132.577,122757832356.0,25399987.0,611.154,5.22,1.08,24061.184,0.505,4175.263,2.778,97.222,0.0,0.0,1.61,82.816,12.796,2.778,6.02,49.4,4.97853365663579,0.21692895734953874,4832.987999403307
UZB,Uzbekistan,2003,130.296,125924032405.0,25711261.0,553.156,5.068,1.035,21514.145,0.471,4305.559,3.532,96.468,0.0,0.0,1.388,82.525,12.555,3.532,8.17,48.74,4.392775464979758,0.23555018837362332,4897.621801007737
UZB,Uzbekistan,2004,129.099,133132057133.0,26029350.0,555.847,4.96,0.97,21354.619,0.451,4434.658,3.172,96.828,0.0,0.0,1.867,82.954,12.008,3.172,6.1,49.7,4.1751551953013415,0.23225635831442823,5114.690037707434
UZB,Uzbekistan,2005,121.602,140239285325.0,26356977.0,561.662,4.614,0.867,21309.803,0.411,4556.26,3.298,96.702,0.0,0.0,1.754,83.721,11.227,3.298,8.93,47.67,4.005026114461198,0.21650387599659582,5320.765174435596
UZB,Uzbekistan,2006,124.899,148405074458.0,26699046.0,524.789,4.678,0.842,19655.74,0.408,4681.159,2.986,97.014,0.0,0.0,2.042,82.673,12.299,2.986,4.65,49.32,3.5361930979558256,0.23799850987730306,5558.441094037592
UZB,Uzbekistan,2007,123.823,159993748436.0,27076013.0,557.525,4.573,0.774,20591.121,0.393,4804.981,3.086,96.914,0.0,0.0,1.655,84.169,11.089,3.086,4.67,49.02,3.4846674038830883,0.22209407649881172,5909.05863562704
UZB,Uzbekistan,2008,128.387,171692630381.0,27494780.0,523.316,4.669,0.748,19033.287,0.401,4933.368,2.215,97.785,0.0,0.0,2.226,84.45,11.109,2.215,4.49,50.22,3.0479817266397458,0.24533360340597266,6244.553707321899
UZB,Uzbekistan,2009,109.23,182715813772.0,27939333.0,524.191,3.91,0.598,18761.748,0.347,5042.598,3.253,96.747,0.0,0.0,2.117,84.253,10.377,3.253,6.48,50.1,2.868886875079714,0.20837824380807757,6539.734279698087
UZB,Uzbekistan,2010,107.668,195160171269.0,28385509.0,525.662,3.793,0.552,18518.672,0.323,5150.266,4.069,95.931,0.0,0.0,1.761,84.012,10.158,4.069,8.19,51.97,2.693490155198989,0.2048236319155655,6875.345137161359
UZB,Uzbekistan,2011,116.755,208063390835.0,28823194.0,549.961,4.051,0.561,19080.512,0.339,5267.021,2.7,97.3,0.0,0.0,1.8,86.259,9.241,2.7,5.7,52.8,2.643237706512888,0.2122968719600117,7218.609805526758
UZB,Uzbekistan,2012,118.86,222840047403.0,29261908.0,543.457,4.062,0.533,18572.168,0.34,5385.881,3.02,96.98,0.0,0.0,2.465,85.246,9.269,3.02,6.65,53.0,2.438776181990184,0.21871095597259765,7615.3628602413755
UZB,Uzbekistan,2013,112.395,239100684823.0,29724065.0,545.587,3.781,0.47,18355.062,0.319,5498.276,2.945,97.055,0.0,0.0,3.667,84.755,8.633,2.945,5.7,54.61,2.2818295163139486,0.20600747451827114,8044.010293444049
UZB,Uzbekistan,2014,107.496,255536474727.0,30222994.0,566.169,3.557,0.421,18733.039,0.303,5605.771,2.785,97.215,0.0,0.0,3.252,85.904,8.06,2.785,6.07,55.75,2.2156093395467766,0.18986557017427658,8455.035087754708
UZB,Uzbekistan,2015,103.374,273983640646.0,30749349.0,540.155,3.362,0.377,17566.381,0.292,5709.145,2.827,97.173,0.0,0.0,2.742,85.953,8.478,2.827,6.82,57.41,1.9714863220534622,0.1913784006442595,8910.225730177248
UZB,Uzbekistan,2016,109.837,290236358613.0,31284565.0,520.732,3.511,0.378,16645.014,0.31,5818.982,3.319,96.681,0.002,0.0,3.361,83.385,9.935,3.319,6.86,58.71,1.794165288210296,0.21092807816688816,9277.302037378497
UZB,Uzbekistan,2017,108.883,302992216928.0,31819172.0,537.744,3.422,0.359,16899.996,0.303,5927.865,3.698,96.302,0.003,0.0,3.074,83.477,9.751,3.698,7.94,60.84,1.7747782614752248,0.20248110625130172,9522.31619754279
UZB,Uzbekistan,2018,102.33,320808179800.0,32373489.0,539.008,3.161,0.319,16649.682,0.279,6030.195,2.73,97.27,0.003,0.0,4.391,82.512,10.368,2.73,5.91,63.15,1.6801566603944806,0.18984875920208977,9909.59546559841
UZB,Uzbekistan,2019,107.947,339998944961.0,32964700.0,543.371,3.275,0.317,16483.426,0.291,6138.143,2.96,97.04,0.003,0.007,3.856,82.235,10.95,2.96,6.47,63.56,1.5981549591641468,0.19866168787071817,10314.03122009301
UZB,Uzbekistan,2020,108.139,346785285756.0,33586373.0,539.818,3.22,0.312,16072.522,0.308,6246.281,2.293,97.707,0.003,0.0,5.317,80.934,11.456,2.293,5.01,66.53,1.556634673305657,0.20032492432634702,10325.178183306663
UZB,Uzbekistan,2021,123.162,372457828275.0,34243696.0,575.917,3.597,0.331,16818.205,0.334,6369.443,2.167,97.833,0.021,0.001,4.488,82.463,10.882,2.167,5.02,71.44,1.5462609623948573,0.2138537323954667,10876.683062336495
UZB,Uzbekistan,2022,119.105,393572464308.0,34938953.0,592.522,3.409,0.303,16958.777,0.317,6488.548,2.387,97.613,0.181,0.0,5.016,81.508,11.089,2.387,6.92,75.07,1.50549658254625,0.2010136332490608,11264.57522376243
VEN,Venezuela,1990,120.864,256078525417.0,19827005.0,603.555,6.096,0.472,30441.045,0.532,3169.776,17.21,82.79,0.0,0.0,0.902,40.845,41.043,17.21,36.983,59.321,2.3569137592352463,0.20025349802420658,12915.643356977012
VEN,Venezuela,1991,114.221,282132286314.0,20304898.0,607.641,5.625,0.405,29925.848,0.492,3283.997,20.633,79.367,0.0,0.0,0.0,40.542,38.825,20.633,44.542,63.337,2.153744996500415,0.18797447835152664,13894.789637160453
VEN,Venezuela,1992,104.739,301055402293.0,20780946.0,657.615,5.04,0.348,31645.076,0.465,3388.736,20.228,79.772,0.0,0.0,0.007,36.964,42.802,20.228,47.271,67.44,2.184365385876653,0.15927100203006317,14487.088426725135
VEN,Venezuela,1993,123.052,303263920492.0,21254525.0,650.657,5.789,0.406,30612.648,0.541,3511.787,20.538,79.462,0.0,0.0,0.052,40.326,39.085,20.538,47.478,69.382,2.1455140425026724,0.18911961294506938,14268.20502890561
VEN,Venezuela,1994,119.06,297728620446.0,21725186.0,706.328,5.48,0.4,32511.959,0.518,3630.847,20.434,79.566,0.0,0.0,0.093,39.289,40.184,20.434,51.284,71.221,2.3723886502477143,0.1685619145779298,13704.307086070517
VEN,Venezuela,1995,124.83,310657285215.0,22193822.0,727.397,5.625,0.402,32774.762,0.531,3755.678,19.9,80.1,0.0,0.0,0.008,42.505,37.587,19.9,51.45,73.446,2.3414773598390983,0.17161192581217685,13997.466737139732
VEN,Venezuela,1996,118.347,311633007305.0,22662117.0,708.863,5.222,0.38,31279.631,0.488,3874.024,21.392,78.608,0.0,0.0,0.027,47.198,31.383,21.392,53.847,75.588,2.27467239792807,0.16695327587982445,13751.27519220733
VEN,Venezuela,1997,129.755,332907949755.0,23131691.0,749.356,5.609,0.39,32395.189,0.532,4003.779,21.523,78.477,0.0,0.0,0.054,46.302,32.121,21.523,57.268,78.066,2.250940539423827,0.17315534939334576,14391.855301672498
VEN,Venezuela,1998,134.993,335631906948.0,23601341.0,751.757,5.72,0.402,31852.307,0.556,4138.772,21.702,78.298,0.0,0.0,0.056,48.413,29.828,21.702,57.923,80.904,2.2398257866361644,0.17956999402732532,14220.882912881942
VEN,Venezuela,1999,143.126,316971287567.0,24066595.0,731.854,5.947,0.452,30409.537,0.576,4281.898,23.347,76.653,0.0,0.0,0.059,42.199,34.395,23.347,60.6,80.585,2.308896826641763,0.1955663288032859,13170.591334877243
VEN,Venezuela,2000,142.902,330236189305.0,24526707.0,772.012,5.826,0.433,31476.391,0.56,4424.8,22.962,77.038,0.0,0.0,0.202,40.744,36.092,22.962,62.89,85.27,2.337757111432097,0.18510334036258505,13464.350893293584
VEN,Venezuela,2001,130.618,343312598582.0,24979934.0,817.002,5.229,0.38,32706.316,0.508,4555.418,20.705,79.295,0.0,0.0,0.071,40.734,38.49,20.705,60.44,90.11,2.3797611954076294,0.1598747616284905,13743.535054255948
VEN,Venezuela,2002,164.233,314003719638.0,25435674.0,815.842,6.457,0.523,32074.699,0.625,4719.651,20.257,79.743,0.0,0.0,0.026,39.173,40.543,20.257,59.53,91.85,2.5981921518017224,0.20130490952905097,12345.012742261126
VEN,Venezuela,2003,154.364,291333920302.0,25892710.0,734.015,5.962,0.53,28348.32,0.558,4874.015,22.8,77.2,0.0,0.0,0.069,38.704,38.426,22.8,60.53,91.95,2.519497212130712,0.2103008794098213,11251.580862026416
VEN,Venezuela,2004,142.842,346317458927.0,26340843.0,816.964,5.423,0.412,31015.098,0.499,5016.857,23.593,76.407,0.0,0.0,0.0,39.17,37.237,23.593,70.07,98.55,2.359003217831438,0.17484491360696433,13147.546527914843
VEN,Venezuela,2005,148.408,383570387195.0,26785797.0,849.186,5.541,0.387,31702.852,0.501,5165.266,24.798,75.202,0.0,0.0,0.052,36.42,38.731,24.798,77.23,105.39,2.2138987480498327,0.1747650102568813,14319.916902043273
VEN,Venezuela,2006,155.841,423878563812.0,27224691.0,933.967,5.724,0.368,34305.898,0.509,5321.107,23.661,76.339,0.0,0.0,0.313,37.984,38.042,23.661,81.6,110.42,2.20338342095128,0.16685921451186178,15569.637275662742
VEN,Venezuela,2007,154.167,462276737389.0,27649369.0,975.662,5.576,0.333,35286.969,0.489,5475.274,22.963,77.037,0.0,0.0,0.168,38.751,38.118,22.963,83.06,114.21,2.1105582891985173,0.1580127134191964,16719.250894622586
VEN,Venezuela,2008,155.758,488287068325.0,28053694.0,1000.321,5.552,0.319,35657.379,0.486,5631.032,23.217,76.783,0.0,0.0,0.166,35.415,41.201,23.217,86.84,119.3,2.048632996633436,0.15570801772630985,17405.446438711424
VEN,Venezuela,2009,152.176,474358611901.0,28438296.0,1010.782,5.351,0.321,35542.992,0.483,5783.208,22.612,77.388,0.0,0.0,0.277,34.342,42.769,22.612,85.96,119.57,2.13083935790535,0.15055274035350846,16680.27549544459
VEN,Venezuela,2010,189.582,477591738082.0,28813101.0,957.009,6.58,0.397,33214.375,0.569,5972.79,21.151,78.849,0.001,0.0,0.246,33.126,45.477,21.151,76.78,113.76,2.003822352210973,0.1980984504847917,16575.50633241455
VEN,Venezuela,2011,168.713,502688619769.0,29185220.0,1009.919,5.781,0.336,34603.77,0.489,6141.502,21.631,78.369,0.001,0.0,0.24,33.462,44.667,21.631,83.67,117.96,2.009034937898708,0.16705597181556145,17224.081907520314
VEN,Venezuela,2012,175.845,530969916373.0,29553829.0,1054.928,5.95,0.331,35695.152,0.503,6317.347,20.228,79.772,0.001,0.0,0.236,33.235,46.302,20.228,82.06,128.31,1.9867942937447436,0.16668910105713375,17966.19708305817
VEN,Venezuela,2013,198.452,538100828642.0,29912195.0,1037.009,6.634,0.369,34668.449,0.563,6515.799,20.392,79.608,0.001,0.022,0.239,31.57,47.8,20.392,83.63,135.13,1.9271648449549685,0.19136960238532164,17989.346105894267
VEN,Venezuela,2014,175.992,517147151484.0,30254080.0,1013.238,5.817,0.34,33490.961,0.496,6691.792,20.501,79.499,0.001,0.028,0.229,34.027,45.242,20.501,64.38,115.23,1.9592837301576986,0.17369265661177336,17093.468103607844
VEN,Venezuela,2015,166.328,484975458402.0,30573968.0,969.301,5.44,0.343,31703.463,0.47,6858.12,19.806,80.194,0.001,0.02,0.224,38.693,41.276,19.806,75.0,127.52,1.9986598975417407,0.17159582008065605,15862.365604686967
VEN,Venezuela,2016,152.733,402335647692.0,30765719.0,890.084,4.964,0.38,28931.045,0.432,7010.853,18.015,81.985,0.002,0.028,0.203,42.331,39.452,18.015,63.06,116.94,2.212292162292778,0.17159391697862225,13077.401106471785
VEN,Venezuela,2017,139.093,339285602968.0,30565331.0,872.974,4.551,0.41,28560.934,0.387,7149.946,20.355,79.645,0.001,0.028,0.174,44.803,34.667,20.355,60.61,103.8,2.572976844179077,0.1593323512498654,11100.341199249568
VEN,Venezuela,2018,111.24,272599019803.0,29807591.0,727.872,3.732,0.408,24419.027,0.303,7261.186,22.65,77.35,0.0,0.0,0.168,44.066,33.116,22.65,58.2,99.71,2.6701196523964525,0.15282906884726985,9145.288520732856
VEN,Venezuela,2019,105.43,197170883456.0,28938096.0,656.968,3.643,0.535,22702.531,0.284,7366.617,24.05,75.95,0.001,0.023,0.135,39.539,36.276,24.05,49.71,85.15,3.3319726953833264,0.16047965806553743,6813.540305346973
VEN,Venezuela,2020,80.901,138029481377.0,28444080.0,527.86,2.844,0.586,18557.822,0.23,7447.518,32.081,67.919,0.001,0.009,0.118,41.68,26.12,32.081,62.54,80.51,3.824255475960644,0.15326222862122532,4852.661129380876
VEN,Venezuela,2021,94.902,138656126606.0,28237830.0,604.086,3.361,0.684,21392.791,0.257,7542.42,28.157,71.843,0.0,0.008,0.093,47.265,24.485,28.157,65.71,82.93,4.356720577638433,0.1571001479921733,4910.296811263472
VEN,Venezuela,2022,108.424,149682062815.0,28213015.0,646.047,3.843,0.724,22898.904,0.289,7650.844,26.484,73.516,0.0,0.006,0.295,45.702,27.519,26.484,64.54,82.36,4.31612838472492,0.16782679897902164,5305.425982122081
VNM,Vietnam,1990,21.299,109939936906.0,65504551.0,77.128,0.325,0.194,1177.445,0.094,739.364,19.581,80.419,0.0,0.0,33.944,0.507,45.969,19.581,5.369,8.681,0.7015467005947564,0.2761513328492895,1678.3557054837304
VNM,Vietnam,1991,21.376,115933551072.0,66891778.0,78.514,0.32,0.184,1173.749,0.092,760.74,22.676,77.324,0.0,0.0,32.268,0.898,44.158,22.676,6.317,9.21,0.677232770617362,0.27225717706396313,1733.1509871362666
VNM,Vietnam,1992,21.466,125543633553.0,68260336.0,85.793,0.314,0.171,1256.847,0.095,782.206,23.761,76.239,0.0,0.0,29.633,2.398,44.207,23.761,7.228,9.705,0.6833719685497336,0.25020689333628615,1839.1886256317284
VNM,Vietnam,1993,22.853,135210628764.0,69586394.0,97.972,0.328,0.169,1407.925,0.1,805.059,22.917,77.083,0.0,0.0,25.104,2.499,49.48,22.917,7.965,10.662,0.7245880068422932,0.23326052341485323,1943.0612939075418
VNM,Vietnam,1994,27.362,146640889667.0,70854393.0,109.445,0.386,0.187,1544.651,0.119,832.421,23.82,76.18,0.0,0.0,24.827,2.238,49.115,23.82,9.243,12.288,0.746347081284992,0.2500068527570926,2069.6090031707704
VNM,Vietnam,1995,30.088,160152275679.0,72049945.0,127.153,0.418,0.188,1764.786,0.128,862.51,23.467,76.533,0.0,0.0,28.752,1.121,46.659,23.467,10.582,14.648,0.7939506289305446,0.2366283139210243,2222.7952523627882
VNM,Vietnam,1996,35.482,174450838100.0,73156456.0,145.773,0.485,0.203,1992.616,0.146,897.991,23.225,76.775,0.0,0.0,28.01,1.928,46.837,23.225,12.008,16.944,0.8356107748616198,0.24340584333175555,2384.6266978815925
VNM,Vietnam,1997,45.502,188059193812.0,74226890.0,167.918,0.613,0.242,2262.23,0.187,943.493,19.526,80.474,0.0,0.0,31.164,3.09,46.219,19.526,11.657,19.132,0.8928997120335693,0.2709775009230696,2533.5723187648036
VNM,Vietnam,1998,47.866,198278284704.0,75299665.0,181.61,0.636,0.241,2411.832,0.197,991.36,17.158,82.842,0.0,0.0,30.86,4.835,47.147,17.158,11.095,21.688,0.9159348955994688,0.2635647816750179,2633.189466433881
VNM,Vietnam,1999,48.548,207067165620.0,76287454.0,188.049,0.636,0.234,2465.005,0.195,1039.908,20.617,79.383,0.0,0.0,22.358,6.76,50.265,20.617,13.774,23.559,0.9081546049898551,0.2581667544097549,2714.301693958747
VNM,Vietnam,2000,53.935,220383060780.0,77154016.0,214.149,0.699,0.245,2775.604,0.211,1093.844,19.107,80.893,0.0,0.0,25.78,7.299,47.814,19.107,14.55,26.56,0.9717126136739556,0.25185735165702383,2856.4042703882064
VNM,Vietnam,2001,60.983,234846323475.0,77969357.0,242.045,0.782,0.26,3104.359,0.237,1154.827,21.061,78.939,0.0,0.0,24.952,8.08,45.907,21.061,18.21,30.61,1.0306527111793016,0.25194901774463424,3012.0336053944884
VNM,Vietnam,2002,69.531,250683369279.0,78772227.0,264.755,0.883,0.277,3361.023,0.265,1224.358,19.066,80.934,0.0,0.0,26.027,8.857,46.05,19.066,18.2,35.8,1.0561330843823902,0.2626239353364431,3182.382659804705
VNM,Vietnam,2003,77.261,268202912195.0,79563778.0,285.329,0.971,0.288,3586.163,0.279,1301.619,18.345,81.655,0.0,0.0,28.098,8.12,45.436,18.345,18.99,40.93,1.0638549658720644,0.27077864500278626,3370.917255776869
VNM,Vietnam,2004,88.939,288148996981.0,80338977.0,347.775,1.107,0.309,4328.84,0.311,1390.558,14.008,85.992,0.0,0.0,30.124,11.646,44.222,14.008,17.82,46.2,1.20692767854032,0.2557371863992524,3586.665000489115
VNM,Vietnam,2005,95.842,308988652738.0,81088309.0,369.791,1.182,0.31,4560.353,0.324,1486.4,12.158,87.842,0.0,0.0,29.638,16.939,41.265,12.158,16.58,52.08,1.1967785765697874,0.25917883344916454,3810.5203641378193
VNM,Vietnam,2006,99.656,329425429734.0,82167901.0,338.968,1.213,0.303,4125.312,0.326,1586.056,15.766,84.234,0.0,0.0,19.851,20.129,44.254,15.766,19.77,57.9,1.028967315224284,0.2939982535224564,4009.174211885977
VNM,Vietnam,2007,101.433,351786434406.0,83633374.0,370.274,1.213,0.288,4427.346,0.322,1687.489,16.349,83.651,0.0,0.0,19.897,18.642,45.112,16.349,22.52,64.16,1.0525533783734915,0.2739403792866904,4206.292507175425
VNM,Vietnam,2008,114.3,370681828207.0,85175789.0,457.209,1.342,0.308,5367.823,0.357,1801.788,15.182,84.818,0.0,0.001,30.538,15.984,38.296,15.182,26.03,70.95,1.2334270665803466,0.24999507883703076,4351.962365819705
VNM,Vietnam,2009,124.493,389670892896.0,86460023.0,467.725,1.44,0.319,5409.73,0.395,1926.282,17.054,82.946,0.0,0.007,28.039,16.706,38.201,17.054,30.05,80.64,1.2003077687530335,0.2661670853599872,4506.948753599106
VNM,Vietnam,2010,139.564,413666257649.0,87455148.0,540.225,1.596,0.337,6177.169,0.419,2065.845,13.931,86.069,0.003,0.02,31.618,16.948,37.503,13.931,28.62,91.72,1.305944079341338,0.258344208431672,4730.038964075619
VNM,Vietnam,2011,152.564,438354712953.0,88468315.0,597.142,1.725,0.348,6749.783,0.442,2218.409,18.079,81.921,0.003,0.018,34.175,13.864,33.881,18.079,41.19,101.51,1.3622346979625721,0.2554903188856252,4954.934576893434
VNM,Vietnam,2012,144.288,462486159336.0,89510355.0,621.038,1.612,0.312,6938.164,0.413,2362.697,22.488,77.512,0.002,0.017,30.579,14.745,32.188,22.488,53.42,115.16,1.342825049925031,0.23233360921553914,5166.845325727956
VNM,Vietnam,2013,151.459,488172621311.0,90573103.0,656.124,1.672,0.31,7244.138,0.429,2514.156,22.935,77.065,0.002,0.027,30.936,14.557,31.572,22.935,57.96,124.46,1.3440409628830932,0.23083898775231512,5389.818888185822
VNM,Vietnam,2014,180.048,519523061605.0,91679582.0,723.781,1.964,0.347,7894.68,0.508,2694.204,22.221,77.779,0.002,0.025,33.862,13.808,30.108,22.221,62.3,141.25,1.3931643337717698,0.24876032943666662,5666.725897648617
VNM,Vietnam,2015,213.391,555822142751.0,92823254.0,810.48,2.299,0.384,8731.432,0.603,2907.595,17.797,82.203,0.002,0.038,38.074,12.836,31.293,17.797,56.32,161.93,1.4581642897287073,0.26328965551278255,5987.9622702194865
VNM,Vietnam,2016,221.027,593006635951.0,94000115.0,876.673,2.351,0.373,9326.302,0.624,3128.622,18.653,81.347,0.002,0.058,38.122,11.821,31.404,18.653,64.27,179.17,1.4783527651323607,0.2521202318310248,6308.573515585593
VNM,Vietnam,2017,227.694,634161327073.0,95176978.0,950.026,2.392,0.359,9981.674,0.633,3356.317,23.117,76.883,0.002,0.093,35.244,10.171,31.469,23.117,86.51,194.72,1.4980825216587828,0.23967133531082307,6662.969768519021
VNM,Vietnam,2018,255.468,681501440291.0,96237319.0,1078.912,2.655,0.375,11210.952,0.695,3611.785,19.655,80.345,0.005,0.114,41.243,9.064,30.037,19.655,84.08,217.18,1.583139720936329,0.23678298137382844,7081.467432514408
VNM,Vietnam,2019,339.312,731653148132.0,97173778.0,1208.174,3.492,0.464,12433.123,0.915,3951.097,14.914,85.086,0.997,0.15,48.525,8.226,28.335,14.914,72.01,236.89,1.6512933800457443,0.28084696409623117,7529.326976789973
VNM,Vietnam,2020,362.599,752629620043.0,98079196.0,1228.728,3.697,0.482,12527.92,1.031,4313.696,17.276,82.724,2.186,0.199,50.168,7.273,25.283,17.276,84.95,244.0,1.6325799135168226,0.29510111269540534,7673.692798654263
VNM,Vietnam,2021,314.197,771912038182.0,98935101.0,1223.385,3.176,0.407,12365.529,0.852,4627.893,22.16,77.84,5.338,0.682,48.0,5.966,23.875,22.16,108.48,253.61,1.5848761769298285,0.25682593786910907,7802.205995443417
VNM,Vietnam,2022,322.653,833803909046.0,99680656.0,1293.495,3.237,0.387,12976.387,0.86,4950.546,25.312,74.688,4.967,1.753,42.1,6.121,26.466,25.312,131.13,265.11,1.5513179849204082,0.2494427887235745,8364.751422241843
YEM,Yemen,1990,9.572,44971042042.0,13887863.0,47.06,0.689,0.213,3388.566,0.042,167.027,,,,,,,,,,,1.0464511797625025,0.20339991500212495,3238.154210046571
YEM,Yemen,1991,9.182,47174437330.0,14430205.0,48.701,0.636,0.195,3374.933,0.04,176.209,,,,,,,,,,,1.032359955018037,0.1885382230344346,3269.1453330011595
YEM,Yemen,1992,9.926,50259913722.0,14989497.0,51.048,0.662,0.197,3405.6,0.044,186.135,,,,,,,,,,,1.0156802154965705,0.19444444444444445,3353.0086914857784
YEM,Yemen,1993,8.679,51548676189.0,15563919.0,42.062,0.558,0.168,2702.522,0.038,194.813,,,,,,,,,,,0.8159666379361966,0.20633826256478532,3312.062738761362
YEM,Yemen,1994,9.964,54341182837.0,16149147.0,39.834,0.617,0.183,2466.609,0.043,204.778,,,,,,,,,,,0.733035203143898,0.2501380730029623,3364.956851095603
YEM,Yemen,1995,11.138,56705822316.0,16740057.0,44.171,0.665,0.196,2638.639,0.047,215.916,,,,,,,,,,,0.7789499948321321,0.25215639220302916,3387.433048525462
YEM,Yemen,1996,11.375,58927869978.0,17313181.0,44.434,0.657,0.193,2566.466,0.047,227.291,,,,,,,,,,,0.7540404907998353,0.2559976594499707,3403.6419984288273
YEM,Yemen,1997,12.26,61826323245.0,17873943.0,45.845,0.686,0.198,2564.887,0.05,239.551,,,,,,,,,,,0.7415126372359133,0.26742283782309956,3459.0198281934768
YEM,Yemen,1998,12.931,65613152856.0,18446015.0,49.638,0.701,0.197,2691.013,0.053,252.482,,,,,,,,,,,0.7565251453308397,0.26050606390265524,3557.0367288544435
YEM,Yemen,1999,14.796,68255122419.0,19029421.0,37.27,0.778,0.217,1958.533,0.06,267.278,,,,,,,,,,,0.5460396037561753,0.39699490206600485,3586.820766590849
YEM,Yemen,2000,15.832,72599512561.0,19624139.0,60.137,0.807,0.218,3064.459,0.062,283.11,,,,,,,,,0.0,3.41,0.8283388948303383,0.26326554367527477,3699.500526418
YEM,Yemen,2001,17.194,75472904917.0,20226146.0,64.713,0.85,0.228,3199.455,0.067,300.304,,,,,,,,,0.0,3.64,0.8574335395088738,0.26569622796037895,3731.452591956965
YEM,Yemen,2002,16.707,78586481705.0,20835092.0,65.28,0.802,0.213,3133.165,0.064,317.012,,,,,,,,,0.0,3.77,0.8306772180621316,0.2559283088235294,3771.832718809209
YEM,Yemen,2003,18.609,81575438214.0,21456379.0,74.844,0.867,0.228,3488.21,0.067,335.621,,,,,,,,,0.0,4.1,0.9174820465402692,0.24863716530383198,3801.920082321439
YEM,Yemen,2004,20.109,84847429283.0,22095161.0,79.023,0.91,0.237,3576.496,0.07,355.73,,,,,,,,,0.0,4.36,0.9313540865973298,0.2544702175316047,3840.0910173499074
YEM,Yemen,2005,21.797,89711703960.0,22790082.0,83.285,0.956,0.243,3654.446,0.074,377.527,,,,,,,,,0.0,4.77,0.9283627032336217,0.2617157951611935,3936.4362076450625
YEM,Yemen,2006,23.906,92691658274.0,23543090.0,83.214,1.015,0.258,3534.53,0.078,401.433,,,,,,,,,0.0,5.39,0.8977506881365345,0.287283389814214,3937.1067380704912
YEM,Yemen,2007,23.676,95906720954.0,24318090.0,88.354,0.974,0.247,3633.252,0.075,425.109,,,,,,,,,0.0,6.03,0.9212493047528699,0.2679674943975372,3943.8426683181124
YEM,Yemen,2008,24.537,99520984206.0,25111941.0,92.777,0.977,0.247,3694.533,0.077,449.646,,,,,,,,,0.0,6.55,0.9322355555483602,0.2644728758205159,3963.0940597542817
YEM,Yemen,2009,26.897,103506292712.0,25927723.0,102.78,1.037,0.26,3964.094,0.085,476.543,,,,,,,,,0.0,6.75,0.9929831057323165,0.26169488227281573,3992.1088601571378
YEM,Yemen,2010,25.818,111622920604.0,26754383.0,99.733,0.965,0.231,3727.731,0.077,502.36,,,,,,,,,0.0,7.76,0.8934813697790495,0.2588711860667984,4172.135855422269
YEM,Yemen,2011,22.625,97623324312.0,27582902.0,83.797,0.82,0.232,3038.008,0.066,524.985,,,,,,,,,0.0,6.21,0.8583706874413367,0.2699977326157261,3539.2695196466275
YEM,Yemen,2012,20.467,99959450246.0,28433655.0,72.608,0.72,0.205,2553.602,0.059,545.453,,,,,,,,,0.0,7.07,0.7263745430903418,0.2818835390039665,3515.5329220249737
YEM,Yemen,2013,27.281,104781489392.0,29312955.0,102.472,0.931,0.26,3495.781,0.077,572.734,,,,,,,,,0.0,8.5,0.9779589944235291,0.2662288234834882,3574.5795465520278
YEM,Yemen,2014,26.592,104583458743.0,30226311.0,96.989,0.88,0.254,3208.763,0.075,599.326,,,,,,,,,0.01,7.66,0.9273837484982939,0.27417542195506706,3460.013983942665
YEM,Yemen,2015,14.123,75305316956.0,31159378.0,52.187,0.453,0.188,1674.842,0.04,613.449,,,,,,,,,0.12,5.76,0.6930055155400546,0.2706229520761876,2416.7785684297037
YEM,Yemen,2016,10.044,68245442015.0,32109023.0,41.672,0.313,0.147,1297.834,0.028,623.492,,,,,,,,,0.16,4.81,0.6106195339879359,0.24102514878095604,2125.428793488983
YEM,Yemen,2017,9.214,64784033932.0,33090923.0,53.754,0.278,0.142,1624.448,0.026,632.706,,,,,,,,,0.19,4.05,0.8297414769883336,0.17141049968374447,1957.7584442718628
YEM,Yemen,2018,11.504,65271212493.0,34085181.0,62.903,0.338,0.176,1845.472,0.031,644.21,,,,,,,,,0.48,3.49,0.9637173509952189,0.1828847590734941,1914.9439896769215
YEM,Yemen,2019,11.788,66185009341.0,35111416.0,67.098,0.336,0.178,1910.992,0.032,655.998,,,,,,,,,0.48,3.28,1.013794523383627,0.17568332886226118,1884.9997203473652
YEM,Yemen,2020,10.757,60559285911.0,36134867.0,61.725,0.298,0.178,1708.181,0.031,666.755,,,,,,,,,0.49,2.94,1.0192491386162177,0.1742729850141758,1675.9238635360136
YEM,Yemen,2021,10.608,59953691816.0,37140234.0,60.555,0.286,0.177,1630.45,0.029,677.363,,,,,,,,,0.5,2.92,1.0100295438994056,0.17517958880356702,1614.2518600178987
YEM,Yemen,2022,10.404,60852995288.0,38222878.0,63.26,0.272,0.171,1655.028,0.028,687.767,,,,,,,,,0.51,3.03,1.039554416353843,0.16446411634524186,1592.0568641639177
ZMB,Zambia,1990,2.407,10251342241.0,7786163.0,17.112,0.309,0.235,2197.794,0.011,147.706,,,,,,,,,,,1.669244826454136,0.14066152407667135,1316.6102791580397
ZMB,Zambia,1991,2.382,10509127569.0,7981653.0,15.824,0.298,0.227,1982.549,0.01,150.088,,,,,,,,,,,1.505738692018346,0.150530839231547,1316.6605424966483
ZMB,Zambia,1992,2.425,11062309627.0,8176677.0,16.958,0.297,0.219,2074.009,0.011,152.512,,,,,,,,,,,1.5329529340428394,0.1430003538153084,1352.9101891881016
ZMB,Zambia,1993,2.466,11412962029.0,8373920.0,15.592,0.294,0.216,1861.989,0.011,154.978,,,,,,,,,,,1.36616594012853,0.15815802975885068,1362.9174901360414
ZMB,Zambia,1994,2.393,10221106422.0,8576270.0,15.411,0.279,0.234,1796.89,0.01,157.372,,,,,,,,,,,1.507762404941722,0.1552786970345857,1191.7892536032564
ZMB,Zambia,1995,2.142,10865557573.0,8785768.0,13.957,0.244,0.197,1588.593,0.009,159.514,,,,,,,,,,,1.2845176058596364,0.15347137637028013,1236.7225691595772
ZMB,Zambia,1996,1.838,11923229356.0,9004059.0,13.966,0.204,0.154,1551.084,0.008,161.352,,,,,,,,,,,1.1713269604238585,0.1316053272232565,1324.2060448515497
ZMB,Zambia,1997,2.354,12774990714.0,9237064.0,15.02,0.255,0.184,1626.053,0.01,163.706,,,,,,,,,,,1.1757347098138955,0.1567243675099867,1383.0142038639117
ZMB,Zambia,1998,2.278,13130968549.0,9482414.0,15.098,0.24,0.174,1592.174,0.009,165.984,,,,,,,,,,,1.1498009414659516,0.1508809113789906,1384.770644795724
ZMB,Zambia,1999,1.778,14188405377.0,9740013.0,13.798,0.183,0.125,1416.589,0.007,167.762,,,,,,,,,,,0.9724841963119504,0.1288592549644876,1456.7131868304489
ZMB,Zambia,2000,1.784,15211406947.0,10017633.0,13.79,0.178,0.117,1376.618,0.007,169.546,,,,,,,,,7.67,7.71,0.90655651039036,0.1293691080493111,1518.463188559613
ZMB,Zambia,2001,1.886,16519069217.0,10325186.0,14.649,0.183,0.114,1418.795,0.007,171.432,,,,,,,,,7.89,7.94,0.8867933058192233,0.128745989487337,1599.8810304240524
ZMB,Zambia,2002,1.961,17827940431.0,10647955.0,15.549,0.184,0.11,1460.295,0.007,173.393,,,,,,,,,8.1,8.16,0.8721702913569714,0.12611743520483631,1674.3065152886165
ZMB,Zambia,2003,2.074,19691239689.0,10983604.0,16.458,0.189,0.105,1498.404,0.008,175.467,,,,,,,,,8.26,8.32,0.8358031419014128,0.1260177421314862,1792.7849264230574
ZMB,Zambia,2004,2.104,21770250951.0,11338201.0,17.068,0.186,0.097,1505.365,0.007,177.571,,,,,,,,,8.46,8.51,0.7840056615983104,0.12327161940473401,1920.0798213931823
ZMB,Zambia,2005,2.243,24119806314.0,11718819.0,18.014,0.191,0.093,1537.164,0.008,179.814,,,,,,,,,8.88,8.94,0.7468550852145123,0.12451426668146996,2058.2113533795514
ZMB,Zambia,2006,2.231,26908652008.0,12129560.0,18.27,0.184,0.083,1506.22,0.007,182.045,,,,,,,,,9.67,9.68,0.6789637769505619,0.12211275314723591,2218.435953818605
ZMB,Zambia,2007,2.298,30152606854.0,12565093.0,16.535,0.183,0.076,1315.964,0.007,184.342,,,,,,,,,9.63,9.64,0.5483771297142918,0.13897792561233746,2399.712191067746
ZMB,Zambia,2008,2.553,33594604263.0,13021327.0,18.01,0.196,0.076,1383.14,0.008,186.895,,,,,,,,,9.52,9.53,0.5360979953508673,0.14175458078845085,2579.967791531539
ZMB,Zambia,2009,2.94,37919541851.0,13490395.0,18.164,0.218,0.078,1346.453,0.009,189.835,,,,,,,,,9.88,9.89,0.4790142262628889,0.16185862144902005,2810.85482307968
ZMB,Zambia,2010,3.121,43221855090.0,13965592.0,18.886,0.223,0.072,1352.324,0.009,192.956,,,,,,,,,10.44,10.45,0.43695486833394964,0.16525468601080165,3094.8816985345125
ZMB,Zambia,2011,3.379,47143916201.0,14437796.0,21.698,0.234,0.072,1502.844,0.01,196.335,,,,,,,,,11.48,11.49,0.46025026659833895,0.1557286385842013,3265.3125311508766
ZMB,Zambia,2012,4.177,50725916750.0,14913631.0,24.019,0.28,0.082,1610.536,0.012,200.512,,,,,,,,,12.35,12.37,0.4735054886908476,0.17390399267246762,3401.3123128767234
ZMB,Zambia,2013,4.427,53291123090.0,15399000.0,25.061,0.287,0.083,1627.473,0.013,204.939,,,,,,,,,13.28,13.3,0.4702659382440874,0.17664897649734648,3460.6872582635237
ZMB,Zambia,2014,5.283,55794746119.0,15895320.0,27.598,0.332,0.095,1736.249,0.015,210.222,,,,,,,,,14.11,14.52,0.49463438620436606,0.19142691499384012,3510.136701809086
ZMB,Zambia,2015,5.522,57423952993.0,16399092.0,28.403,0.337,0.096,1731.999,0.016,215.744,,,,,,,,,13.11,13.51,0.494619379537705,0.19441608280815406,3501.6544204398633
ZMB,Zambia,2016,5.978,59592851316.0,16914428.0,29.224,0.353,0.1,1727.783,0.017,221.722,,,,,,,,,11.1,11.77,0.4903943905123011,0.20455789761839585,3523.1963691589217
ZMB,Zambia,2017,7.459,61680980857.0,17441328.0,34.158,0.428,0.121,1958.433,0.021,229.181,,,,,,,,,12.57,14.56,0.553784967836216,0.21836758592423444,3536.4841975909176
ZMB,Zambia,2018,8.658,64169815579.0,17973574.0,37.214,0.482,0.135,2070.469,0.024,237.839,,,,,,,,,13.78,16.28,0.579929982098601,0.23265437738485517,3570.231250557068
ZMB,Zambia,2019,8.846,65094496543.0,18513839.0,36.329,0.478,0.136,1962.268,0.024,246.685,,,,,,,,,12.52,14.79,0.558096335778584,0.24349693082661233,3515.9912832233226
ZMB,Zambia,2020,9.991,63281615083.0,19059394.0,38.495,0.524,0.158,2019.728,0.028,256.676,,,,,,,,,13.02,15.23,0.6083125398982004,0.2595402000259774,3320.2322740691548
ZMB,Zambia,2021,9.35,66191936884.0,19603610.0,41.292,0.477,0.141,2106.333,0.025,266.026,,,,,,,,,16.3,17.72,0.6238222046948615,0.22643611353288773,3376.5177374983487
ZMB,Zambia,2022,10.939,68469600029.0,20152935.0,40.04,0.543,0.16,1986.802,0.029,276.965,,,,,,,,,17.31,19.47,0.584785072251645,0.2732017982017982,3397.5001670476286
ZWE,Zimbabwe,1990,15.537,21937054921.0,10137287.0,53.579,1.533,0.708,5285.355,0.068,422.522,,,,,,,,,,,2.442397130925248,0.2899830157337763,2163.996631544515
ZWE,Zimbabwe,1991,15.491,23189857636.0,10404820.0,55.381,1.489,0.668,5322.644,0.067,438.013,,,,,,,,,,,2.388156101227046,0.2797168704068182,2228.7610584325344
ZWE,Zimbabwe,1992,16.702,21133778927.0,10702697.0,51.748,1.561,0.79,4835.014,0.074,454.715,,,,,,,,,,,2.4485919048716847,0.3227564350313056,1974.6218104651566
ZWE,Zimbabwe,1993,16.032,21406462048.0,10860285.0,52.002,1.476,0.749,4788.294,0.07,470.747,,,,,,,,,,,2.429266446897914,0.30829583477558553,1971.0773748571055
ZWE,Zimbabwe,1994,17.383,23447496711.0,10873146.0,49.897,1.599,0.741,4589.044,0.076,488.13,,,,,,,,,,,2.1280310053990394,0.3483776579754294,2156.4592907149413
ZWE,Zimbabwe,1995,15.017,23569800045.0,10974607.0,49.041,1.368,0.637,4468.633,0.064,503.147,,,,,,,,,,,2.080671024207664,0.30621316857323466,2147.666886386
ZWE,Zimbabwe,1996,14.894,26145775719.0,11158364.0,49.805,1.335,0.57,4463.457,0.061,518.041,,,,,,,,,,,1.9048966278635582,0.2990462804939263,2343.1549391111457
ZWE,Zimbabwe,1997,13.901,27012558407.0,11369833.0,49.242,1.223,0.515,4330.922,0.057,531.942,,,,,,,,,,,1.8229298853543427,0.28229966288940334,2375.8096013371523
ZWE,Zimbabwe,1998,14.127,27984298870.0,11594299.0,50.155,1.218,0.505,4325.86,0.058,546.07,,,,,,,,,,,1.7922550153210253,0.2816668328182634,2413.625771596886
ZWE,Zimbabwe,1999,15.724,27841288874.0,11783454.0,56.205,1.334,0.565,4769.782,0.063,561.794,,,,,,,,,,,2.0187642983902183,0.2797615870474157,2362.7443085872783
ZWE,Zimbabwe,2000,13.815,26765004403.0,11892055.0,51.767,1.162,0.516,4353.113,0.054,575.608,,,,,,,,,3.19,6.99,1.9341300759957136,0.2668688546757587,2250.662682185711
ZWE,Zimbabwe,2001,12.509,26781181341.0,11971904.0,48.946,1.045,0.467,4088.377,0.049,588.117,,,,,,,,,2.96,7.9,1.8276266224696858,0.25556735994769747,2237.0026806930628
ZWE,Zimbabwe,2002,11.896,24872482259.0,12087661.0,47.186,0.984,0.478,3903.67,0.045,600.013,,,,,,,,,3.81,8.58,1.8971166411396656,0.25210867630229306,2057.6753649031025
ZWE,Zimbabwe,2003,10.61,20952016540.0,12232324.0,42.704,0.867,0.506,3491.063,0.038,610.622,,,,,,,,,5.34,8.79,2.038180903421528,0.2484544773323342,1712.8402207135782
ZWE,Zimbabwe,2004,9.429,19792844101.0,12365901.0,38.65,0.762,0.476,3125.507,0.033,620.051,,,,,,,,,5.5,9.72,1.9527259348264798,0.24395860284605433,1600.5986220494567
ZWE,Zimbabwe,2005,10.698,18444472497.0,12483433.0,41.516,0.857,0.58,3325.657,0.036,630.75,,,,,,,,,4.91,9.36,2.250864046491576,0.257683784564987,1477.5160404193302
ZWE,Zimbabwe,2006,10.365,18043000167.0,12636442.0,41.308,0.82,0.574,3268.948,0.034,641.115,,,,,,,,,5.41,7.98,2.289419698368725,0.25091991865982377,1427.854467816178
ZWE,Zimbabwe,2007,9.835,17769105175.0,12804062.0,40.206,0.768,0.553,3140.087,0.031,650.95,,,,,,,,,5.44,7.6,2.2626913175440753,0.244615231557479,1387.7709413622022
ZWE,Zimbabwe,2008,7.72,15050245186.0,12959154.0,31.117,0.596,0.513,2401.123,0.024,658.67,,,,,,,,,5.79,7.63,2.067541067632943,0.2480958961339461,1161.3601617821657
ZWE,Zimbabwe,2009,8.25,16275797005.0,13142791.0,31.267,0.628,0.507,2379.03,0.026,666.92,,,,,,,,,5.52,7.29,1.921073357599301,0.263856462084626,1238.3820913685686
ZWE,Zimbabwe,2010,8.754,17918418386.0,13356551.0,35.439,0.655,0.489,2653.333,0.026,675.674,,,,,,,,,5.87,8.64,1.977797327675369,0.24701599932277998,1341.5453125586089
ZWE,Zimbabwe,2011,10.363,19554105000.0,13595421.0,40.724,0.762,0.53,2995.437,0.03,686.037,,,,,,,,,5.29,9.17,2.082631754304275,0.2544691091248404,1438.286096473217
ZWE,Zimbabwe,2012,11.257,22811427551.0,13817887.0,44.849,0.815,0.493,3245.741,0.032,697.295,,,,,,,,,5.51,9.15,1.96607598975251,0.25099779259292293,1650.8622158366181
ZWE,Zimbabwe,2013,11.671,23261956135.0,14013811.0,46.43,0.833,0.502,3313.16,0.033,708.966,,,,,,,,,5.13,9.54,1.995962838660043,0.2513676502261469,1659.9307736489382
ZWE,Zimbabwe,2014,11.946,23818844326.0,14207367.0,44.677,0.841,0.502,3144.667,0.034,720.912,,,,,,,,,5.44,9.86,1.8756997354078933,0.26738590326118583,1676.5136232491213
ZWE,Zimbabwe,2015,12.017,24246158745.0,14399008.0,45.892,0.835,0.496,3187.191,0.034,732.929,,,,,,,,,5.04,9.59,1.8927534246827353,0.2618539178941863,1683.877024375568
ZWE,Zimbabwe,2016,10.588,24362052665.0,14600297.0,41.841,0.725,0.435,2865.785,0.03,743.517,,,,,,,,,3.22,7.17,1.7174661172993568,0.25305322530532254,1668.5998007437795
ZWE,Zimbabwe,2017,9.831,25576014023.0,14812484.0,38.492,0.664,0.384,2598.589,0.027,753.348,,,,,,,,,4.13,7.55,1.505003866723912,0.2554037202535592,1726.6526008061849
ZWE,Zimbabwe,2018,11.209,26786271482.0,15034457.0,42.892,0.746,0.418,2852.896,0.031,764.557,,,,,,,,,5.25,9.43,1.601268023764443,0.2613307842954397,1781.6587244886862
ZWE,Zimbabwe,2019,10.267,25146416205.0,15271377.0,39.034,0.672,0.408,2556.003,0.028,774.824,,,,,,,,,4.38,8.48,1.5522689070993207,0.26302710457549827,1646.6371175958789
ZWE,Zimbabwe,2020,8.491,23178707175.0,15526887.0,33.166,0.547,0.366,2136.033,0.024,783.315,,,,,,,,,3.93,6.71,1.4308822208933227,0.2560151962853525,1492.8109655850526
ZWE,Zimbabwe,2021,10.223,25140088767.0,15797220.0,36.871,0.647,0.407,2334.019,0.028,793.538,,,,,,,,,6.06,8.57,1.4666217109145023,0.2772639743972227,1591.4248688693326
ZWE,Zimbabwe,2022,12.232,25901585881.0,16069061.0,57.51,0.761,0.472,3578.944,0.033,805.769,,,,,,,,,6.02,8.94,2.220327367761146,0.21269344461832726,1611.8916893152625
